sample_index,variant_index,pitch,setting,sampler,n_steps,guidance_scale,target_harmonic,off_target_harmonic,target_ratio,margin_ratio,sample_std,sample_absmax,finite,artifact_penalty,total_score,selected
0,0,48,heun_50_gs5,heun,50,5.0,0.9291652863662111,0.9441152110067679,1.9748645204753634,-0.015834851835790507,0.691910982131958,6.140468597412109,True,0.0,4.913409023434723,False
0,1,48,heun_50_gs5,heun,50,5.0,0.827794105139437,0.8368100365653393,2.2858175732823063,-0.010774167283134206,0.6421424746513367,5.768817901611328,True,0.0,5.698382682281065,False
0,2,48,heun_50_gs5,heun,50,5.0,0.8560129056820683,0.8711119060351188,2.1484752753844707,-0.017333020103517602,0.654711127281189,6.817831516265869,True,0.0,5.3451886583059,False
1,0,49,heun_50_gs5,heun,50,5.0,1.0563212703311975,1.0654774728286667,1.7791552456935134,-0.008593520412239004,0.7555883526802063,6.7085490226745605,True,0.0,4.434997833615425,False
1,1,49,heun_50_gs5,heun,50,5.0,1.1205166644716966,1.1352000258992043,2.0711763021986704,-0.012934602680730935,0.8371859192848206,7.810580253601074,True,0.0,5.15853885147558,False
1,2,49,heun_50_gs5,heun,50,5.0,1.1358743284753354,1.1425467145941963,1.955502570808976,-0.00583992407070333,0.8201966285705566,7.21128511428833,True,0.0,4.879996540916385,False
2,0,50,heun_50_gs5,heun,50,5.0,0.9385857385310339,0.9974346488009566,2.103744720971694,-0.05900026608326058,0.748644232749939,5.807440757751465,True,0.0,5.170861403304344,False
2,1,50,heun_50_gs5,heun,50,5.0,0.833351415755021,0.8978168479749954,2.1190450721511658,-0.07180243013633605,0.6854894161224365,5.980175971984863,True,0.0,5.189909035173411,False
2,2,50,heun_50_gs5,heun,50,5.0,1.1021522180438175,1.164779888588578,1.917804130072049,-0.05376781537924004,0.855603039264679,6.629096508026123,True,0.0,4.713858602111262,False
3,0,51,heun_50_gs5,heun,50,5.0,1.1322260564476945,1.1904340603749564,1.9245121485074181,-0.04889645329869285,0.8484963178634644,6.24828577041626,True,0.0,4.737935691320507,False
3,1,51,heun_50_gs5,heun,50,5.0,1.0579270852516582,1.13081276636007,2.086964405033264,-0.06445424267580412,0.841276228427887,7.758022308349609,True,0.0,5.120729648569453,False
3,2,51,heun_50_gs5,heun,50,5.0,1.3131536053755968,1.3941476584983519,1.9352514637441849,-0.05809574907512808,1.0013084411621094,8.381373405456543,True,0.0,4.75098503574777,False
4,0,52,heun_50_gs5,heun,50,5.0,1.0185006819005231,1.0233316575991789,1.9225240927313394,-0.004720830842643256,0.7593399286270142,6.994665622711182,True,0.0,4.799228985564383,False
4,1,52,heun_50_gs5,heun,50,5.0,1.1648698637275787,1.169067009105221,1.8039098979763772,-0.00359016661068309,0.8361232280731201,7.782931327819824,True,0.0,4.504389495024919,False
4,2,52,heun_50_gs5,heun,50,5.0,1.1351221975791712,1.1426189055590248,1.6451510872859425,-0.006560987112825648,0.8046354055404663,6.0349812507629395,True,0.0,4.103036237545618,False
5,0,53,heun_50_gs5,heun,50,5.0,0.9947624818185772,1.0234094801663847,1.9992390483307991,-0.027991726306104598,0.7453553080558777,6.556684970855713,True,0.0,4.9561100313678415,False
5,1,53,heun_50_gs5,heun,50,5.0,0.9993031654020246,1.0269493517487063,2.057177146832628,-0.02692069090885389,0.7716726660728455,7.398067951202393,True,0.0,5.10256183071829,False
5,2,53,heun_50_gs5,heun,50,5.0,0.8569548037799944,0.8857358477954641,2.1368827102374612,-0.032493935705734785,0.6853499412536621,7.173144817352295,True,0.0,5.293465872035051,False
6,0,54,heun_50_gs5,heun,50,5.0,1.3638980285483255,1.3974959681749686,1.77209809090654,-0.024041528670815628,0.9868323802947998,6.501472473144531,True,0.0,4.394182934260127,False
6,1,54,heun_50_gs5,heun,50,5.0,1.3395569654832087,1.3735231987661043,1.7787356083072865,-0.02472927509787691,0.9680138230323792,8.841068267822266,True,0.0,4.409745108121401,False
6,2,54,heun_50_gs5,heun,50,5.0,1.375990727370952,1.419655858617667,1.7329245747398636,-0.03075754639695343,0.9678407907485962,6.671736717224121,True,0.0,4.2861751172542295,False
7,0,55,heun_50_gs5,heun,50,5.0,1.0108347477347166,1.003477696741783,1.8673833091112486,0.00733155399816632,0.7421134114265442,7.102046489715576,True,0.0,4.679455603775371,False
7,1,55,heun_50_gs5,heun,50,5.0,1.0767178662399597,1.0847382777778496,2.100114718384788,-0.007393867837301282,0.8027154207229614,7.6354756355285645,True,0.0,5.2391959942060184,False
7,2,55,heun_50_gs5,heun,50,5.0,0.7782378070722582,0.7798317500690187,2.271172578094,-0.0020439575282487224,0.6310515403747559,8.176834106445312,True,0.0,5.674865508942627,False
8,0,56,heun_50_gs5,heun,50,5.0,0.948695010387783,0.9475488537470798,2.090257857113159,0.0012096016200903916,0.7286979556083679,8.86747932434082,True,0.0,5.227459045213033,False
8,1,56,heun_50_gs5,heun,50,5.0,1.0677483453682024,1.047666017081114,1.979554331389693,0.019168635584222767,0.765596330165863,6.51263952255249,True,0.0,4.977638781850567,False
8,2,56,heun_50_gs5,heun,50,5.0,0.9372168147936019,0.9164786229378208,2.2279511038682,0.02262812367954908,0.72226881980896,8.028725624084473,True,0.0,5.603819945189824,False
9,0,57,heun_50_gs5,heun,50,5.0,0.7285321939827063,0.740824112480229,2.279056883285034,-0.016592222262377387,0.637360155582428,8.464999198913574,True,0.0,5.672753874819019,False
9,1,57,heun_50_gs5,heun,50,5.0,0.7372541425710467,0.7428421389222863,2.1975296860885387,-0.007522454614815118,0.5746554136276245,5.089665412902832,True,0.0,5.482540533299124,False
9,2,57,heun_50_gs5,heun,50,5.0,0.7122690102408299,0.7220019856955889,2.445062948098332,-0.013480538160261077,0.6240153312683105,6.958784580230713,True,0.0,6.092436563005438,False
10,0,58,heun_50_gs5,heun,50,5.0,0.823883957863968,0.8181169810548748,2.4154657701054574,0.007049085732417318,0.6685075759887695,7.09122371673584,True,0.0,6.049238053862269,False
10,1,58,heun_50_gs5,heun,50,5.0,0.826670696548451,0.8006781893208827,2.223737971093574,0.03246311345758453,0.6743862628936768,6.339841365814209,True,0.0,5.608039597920311,False
10,2,58,heun_50_gs5,heun,50,5.0,0.8141102044499274,0.8435468297637909,2.20590120302981,-0.03489625463134483,0.6653552055358887,6.917135715484619,True,0.0,5.462408625627509,False
11,0,59,heun_50_gs5,heun,50,5.0,1.3197379292599107,1.3200833027499654,2.041376035908422,-0.00026163007040459253,0.9038592576980591,9.113118171691895,True,0.0,5.103047644665448,False
11,1,59,heun_50_gs5,heun,50,5.0,1.1848373286380842,1.1356114851638441,1.8863951157989118,0.04334743324092353,0.8314659595489502,6.786106586456299,True,0.0,4.7810089393586646,False
11,2,59,heun_50_gs5,heun,50,5.0,1.0392454396361595,1.1358765668974076,1.764809444747304,-0.0850718548358409,0.9063814282417297,7.74359655380249,True,0.0,4.284415829614498,False
12,0,60,heun_50_gs5,heun,50,5.0,0.8473825533905057,0.8645960653019524,2.636273120567566,-0.01990931072111916,0.6611682176589966,8.21540355682373,True,0.0,6.560818835337236,False
12,1,60,heun_50_gs5,heun,50,5.0,0.975629205602306,0.9829366529039156,2.4858314891457067,-0.007434301290605042,0.7107247710227966,6.7778520584106445,True,0.0,6.203427270928359,False
12,2,60,heun_50_gs5,heun,50,5.0,0.9195099070424442,0.9003258931865277,2.534002707565978,0.021307855064503237,0.6983123421669006,6.316281318664551,True,0.0,6.366968551511699,False
13,0,61,heun_50_gs5,heun,50,5.0,0.9501639133362596,0.9620132469330624,2.175285845635317,-0.012317224852575323,0.7582969069480896,6.726296901702881,True,0.0,5.41973877680943,False
13,1,61,heun_50_gs5,heun,50,5.0,0.8509505389138563,0.8533428287476008,2.573577568981955,-0.002803433421033365,0.6743984818458557,7.26837158203125,True,0.0,6.429738772323338,False
13,2,61,heun_50_gs5,heun,50,5.0,1.0296976654247898,1.0318006658231311,2.064811951268803,-0.002038184745967173,0.7825734615325928,6.293238162994385,True,0.0,5.1589726010530566,False
14,0,62,heun_50_gs5,heun,50,5.0,1.14015779610841,1.1332444814904639,2.4143989461138107,0.006100461700769945,0.8281162977218628,10.177865028381348,True,0.0,6.045148057835681,False
14,1,62,heun_50_gs5,heun,50,5.0,1.1687118392023874,1.184202667185735,2.6235417441157263,-0.013081230334795151,0.8964877128601074,14.614899635314941,True,0.0,6.539232514787123,False
14,2,62,heun_50_gs5,heun,50,5.0,1.1664938023089422,1.160031815110961,2.6747080771116747,0.005570525789120552,0.8413034081459045,8.396358489990234,True,0.0,6.695125981462867,False
15,0,63,heun_50_gs5,heun,50,5.0,1.4511043077609451,1.2360171402899933,2.8987874898136683,0.17401632932074465,0.8894733190536499,7.600748062133789,True,0.0,7.507993218515288,False
15,1,63,heun_50_gs5,heun,50,5.0,1.5634228472849288,1.3754440902858571,2.9023081055984328,0.13666768206719868,0.98552405834198,10.541916847229004,True,0.0,7.4607717870968795,False
15,2,63,heun_50_gs5,heun,50,5.0,1.5394439707321268,1.331842944732105,2.696893026851476,0.15587500407792448,0.9240210056304932,7.718494892120361,True,0.0,6.976045073245577,False
16,0,64,heun_50_gs5,heun,50,5.0,1.1051677519954666,1.089492589173626,2.819894196141091,0.014387580818566444,0.779022753238678,9.86458969116211,True,0.0,7.071316861580577,False
16,1,64,heun_50_gs5,heun,50,5.0,1.0629835880119975,1.0950416436705788,2.579091176845352,-0.02927564951627424,0.760807991027832,8.906229019165039,True,0.0,6.403814467838969,False
16,2,64,heun_50_gs5,heun,50,5.0,1.0296702367314285,0.9976534416554902,2.9302456451376018,0.03209210074180588,0.7294522523880005,8.452193260192871,True,0.0,7.373752263956713,False
17,0,65,heun_50_gs5,heun,50,5.0,1.134737791535522,1.0431899567044982,3.1120973538117176,0.08775758754680989,0.7541570663452148,8.74442195892334,True,0.0,7.911879765849509,False
17,1,65,heun_50_gs5,heun,50,5.0,1.252543769311454,1.1582001798514654,2.9282537013779115,0.08145706613300406,0.8216621279716492,7.867201328277588,True,0.0,7.442819852644285,False
17,2,65,heun_50_gs5,heun,50,5.0,1.292595343097155,1.2412507495916203,2.927582101504733,0.041365206110671376,0.8787105679512024,9.405488014221191,True,0.0,7.38100306292784,False
18,0,66,heun_50_gs5,heun,50,5.0,1.223279976248693,1.225112114424793,2.4473400314626454,-0.0014954861188400737,0.8322182297706604,8.40587043762207,True,0.0,6.116106849478353,False
18,1,66,heun_50_gs5,heun,50,5.0,1.3670867321066762,1.3919114996873057,2.1425987553913783,-0.01783501853950929,0.8535824418067932,7.404774188995361,True,0.0,5.329744360669182,False
18,2,66,heun_50_gs5,heun,50,5.0,1.4783715098003363,1.3426585919037377,2.6527601997276378,0.10107775550998074,0.9020052552223206,8.820097923278809,True,0.0,6.783517132584065,False
19,0,67,heun_50_gs5,heun,50,5.0,0.901205784446981,0.9911338909545147,1.8045438938990221,-0.09073255028501007,0.7323538661003113,7.719208717346191,True,0.0,4.3752609093200405,False
19,1,67,heun_50_gs5,heun,50,5.0,1.148829720684146,1.1004482551864327,2.725324690236831,0.04396523401262913,0.7292970418930054,7.125791549682617,True,0.0,6.879259576611021,False
19,2,67,heun_50_gs5,heun,50,5.0,0.8505437515664951,0.8428607704191432,1.8364738082274468,0.009115362021627396,0.6701108813285828,6.258871078491211,True,0.0,4.604857563601058,False
20,0,68,heun_50_gs5,heun,50,5.0,1.3985963298850075,1.403436324795567,3.157123997366683,-0.0034486743648863513,0.9428046345710754,10.876965522766113,True,0.0,7.8876369818693775,False
20,1,68,heun_50_gs5,heun,50,5.0,1.5363461372359455,1.5612018153158118,3.186412846790853,-0.015920861529122497,1.0013093948364258,11.018820762634277,True,0.0,7.9421508246834485,False
20,2,68,heun_50_gs5,heun,50,5.0,1.1775796099261235,1.1824076311659406,2.6915989243622964,-0.004083212144211355,0.9305576682090759,9.94194221496582,True,0.0,6.722872492689424,False
21,0,69,heun_50_gs5,heun,50,5.0,0.9991173237582964,0.9702081444449195,2.8583054712134914,0.029796883463545566,0.5957575440406799,6.315326690673828,True,0.0,7.190459003229047,False
21,1,69,heun_50_gs5,heun,50,5.0,1.0553586561576616,1.0189240453556467,2.9690344797602854,0.0357579258341267,0.6509832739830017,7.432503700256348,True,0.0,7.476223088151904,False
21,2,69,heun_50_gs5,heun,50,5.0,1.2164449953550556,1.163438613636074,3.7315411553750866,0.04556010144593769,0.7244982719421387,7.687784671783447,True,0.0,9.397193040606622,False
22,0,70,heun_50_gs5,heun,50,5.0,1.2833682340117363,1.2265222288236843,3.4435797191773316,0.0463473089917807,0.8867723345756531,12.317085266113281,True,0.0,8.678470261431,False
22,1,70,heun_50_gs5,heun,50,5.0,1.7056944894993893,1.5739543426102338,3.441883146791639,0.08370010646794085,1.0272775888442993,10.488483428955078,True,0.0,8.730258026681009,False
22,2,70,heun_50_gs5,heun,50,5.0,1.4911019084418304,1.4108051915070112,3.4627106318742564,0.05691552373711614,0.9731730818748474,10.480705261230469,True,0.0,8.742149865291315,False
23,0,71,heun_50_gs5,heun,50,5.0,1.3198404843148714,1.3261969295920477,2.992093719721428,-0.004792987442069939,0.8577976822853088,10.19632339477539,True,0.0,7.4730448181404645,False
23,1,71,heun_50_gs5,heun,50,5.0,1.585407696541371,1.5618650761081283,2.875145157523093,0.015073402077196362,0.8874815702438354,9.66727066040039,True,0.0,7.210472996923527,False
23,2,71,heun_50_gs5,heun,50,5.0,1.4950967915212066,1.3783862481776006,3.356770684227737,0.084671870929642,0.8260805606842041,8.749166488647461,True,0.0,8.518934516963807,False
24,0,72,heun_50_gs5,heun,50,5.0,1.1747789655382548,1.1281533808362305,2.7683051250283035,0.04132911807982388,0.6391642689704895,6.707694053649902,True,0.0,6.982756489690495,False
24,1,72,heun_50_gs5,heun,50,5.0,1.2793142404491642,1.1708071651549279,2.842278283005456,0.09267715264887921,0.6772375106811523,6.353958606719971,True,0.0,7.244711436486958,False
24,2,72,heun_50_gs5,heun,50,5.0,1.2039824092497615,1.0891060193661182,2.7248391605538065,0.10547769159858912,0.647996723651886,5.768479347229004,True,0.0,6.9703144387824,False
25,0,73,heun_50_gs5,heun,50,5.0,0.8275125325635541,0.8049050063765761,2.6669117892212557,0.028087197528908123,0.6791097521781921,9.527717590332031,True,0.0,6.709410269346502,False
25,1,73,heun_50_gs5,heun,50,5.0,1.2009731486908786,1.1349657550631713,3.5544463784673743,0.058158048162830114,0.6997240781784058,8.382120132446289,True,0.0,8.97335301841268,False
25,2,73,heun_50_gs5,heun,50,5.0,1.1266319474178421,1.0390186314434375,3.7517319202375345,0.08432314154892294,0.6273372769355774,8.48715877532959,True,0.0,9.50581451291722,False
26,0,74,heun_50_gs5,heun,50,5.0,1.0774178742859164,1.09729800546872,3.286611103551079,-0.01811734907249574,0.6989213824272156,9.166415214538574,True,0.0,8.189351735268954,False
26,1,74,heun_50_gs5,heun,50,5.0,1.207396089975301,1.197719399299996,3.410380777665539,0.008079263473704985,0.7905638813972473,10.717758178710938,True,0.0,8.538070839374404,False
26,2,74,heun_50_gs5,heun,50,5.0,1.307629013713226,1.2975583416064618,3.675283219123938,0.0077612479579790145,0.7565159201622009,10.439255714416504,True,0.0,9.199849919746812,False
27,0,75,heun_50_gs5,heun,50,5.0,1.455998712798658,1.352509947176367,3.333637571726599,0.07651608409474801,0.8271408677101135,8.839717864990234,True,0.0,8.448868055458618,False
27,1,75,heun_50_gs5,heun,50,5.0,1.8863640222176252,1.4808340098330477,3.801749557625418,0.27385244190317687,0.8823421597480774,8.590264320373535,True,0.0,9.91515255691831,False
27,2,75,heun_50_gs5,heun,50,5.0,1.3945354685824258,1.2034027501271563,3.676417339577718,0.15882689053752358,0.7157034277915955,8.595499992370605,True,0.0,9.429283684750581,False
28,0,76,heun_50_gs5,heun,50,5.0,1.0207069689045418,1.0330115894873022,3.3730593102559103,-0.011911406017964693,0.569427490234375,7.705853462219238,True,0.0,8.41478116661283,False
28,1,76,heun_50_gs5,heun,50,5.0,1.014832416565451,1.0187347029774834,2.7797675247331544,-0.003830522669269871,0.5666810274124146,6.54363489151001,True,0.0,6.943673027828981,False
28,2,76,heun_50_gs5,heun,50,5.0,1.1331809708928804,1.114265887107754,3.573826652828299,0.016975377092867488,0.615850031375885,6.85919713973999,True,0.0,8.960029697710048,False
29,0,77,heun_50_gs5,heun,50,5.0,1.3723032086442228,1.3518011291049163,3.422187483104447,0.015166490799735362,0.7643160223960876,9.469583511352539,True,0.0,8.578218443960722,False
29,1,77,heun_50_gs5,heun,50,5.0,0.6544213642043187,1.697868841242444,1.414874803746531,-0.6145630602001829,0.7708242535591125,9.486047744750977,True,0.0,2.615342419066053,False
29,2,77,heun_50_gs5,heun,50,5.0,0.7728560580339318,1.5106872294915703,1.9549425817419654,-0.4884076281110043,0.7905816435813904,10.143869400024414,True,0.0,4.154745012188407,False
30,0,78,heun_50_gs5,heun,50,5.0,1.790117058798008,1.5090533041940162,4.10251820170963,0.18625170625870674,0.9225541353225708,11.932801246643066,True,0.0,10.535673063662134,False
30,1,78,heun_50_gs5,heun,50,5.0,1.4656719986368811,1.306364298605968,4.291563505162601,0.1219473763799561,0.8015261888504028,9.884201049804688,True,0.0,10.911829827476435,False
30,2,78,heun_50_gs5,heun,50,5.0,1.7098528738381507,1.3381114182439764,4.68388031782004,0.27781053785783455,0.8552617430686951,10.600202560424805,True,0.0,12.126416601336851,False
31,0,79,heun_50_gs5,heun,50,5.0,1.169981789960731,1.2000236777750215,2.974259604426767,-0.025034412337302726,0.650977611541748,8.276044845581055,True,0.0,7.398097392560963,False
31,1,79,heun_50_gs5,heun,50,5.0,1.0293126692827825,1.1055814308228968,3.3874766772892593,-0.0689852042770785,0.6081570982933044,6.854616165161133,True,0.0,8.36521388680753,False
31,2,79,heun_50_gs5,heun,50,5.0,1.2243470743752198,1.2066424037466872,4.1130408301290595,0.014672673881534405,0.6326632499694824,7.453011512756348,True,0.0,10.30461108614495,False
32,0,80,heun_50_gs5,heun,50,5.0,1.1915007779415732,1.0667071268896438,3.2399394854740344,0.11698960917783749,0.6421123147010803,8.885416984558105,True,0.0,8.275333127451843,False
32,1,80,heun_50_gs5,heun,50,5.0,0.8533411772801018,0.9343379939935936,3.298092641765707,-0.0866889887463543,0.47729504108428955,7.219940662384033,True,0.0,8.115198121294736,False
32,2,80,heun_50_gs5,heun,50,5.0,0.888268531471288,0.8711915908072433,3.3424953146661767,0.019601819678037886,0.5791128277778625,9.38779354095459,True,0.0,8.385641016182499,False
33,0,81,heun_50_gs5,heun,50,5.0,1.3686588103762933,1.1378175383052342,3.6408049693250515,0.20288074517298002,0.6513343453407288,7.48539924621582,True,0.0,9.4063335410721,False
33,1,81,heun_50_gs5,heun,50,5.0,1.1946179298231083,1.0462128436195492,3.8595137737197645,0.14184980206477749,0.5370750427246094,6.6783976554870605,True,0.0,9.861559137396577,False
33,2,81,heun_50_gs5,heun,50,5.0,1.1529212599861982,0.9805372436754173,4.66146466530328,0.17580567761665525,0.5744685530662537,8.103734016418457,True,0.0,11.91737017968318,False
34,0,82,heun_50_gs5,heun,50,5.0,1.5830728280566573,1.235583873929841,4.79922234936748,0.2812346119484894,0.7380397915840149,8.477989196777344,True,0.0,12.419907791341434,False
34,1,82,heun_50_gs5,heun,50,5.0,1.390370508463119,1.0241333269134305,4.6632213874162245,0.35760693295412804,0.6125480532646179,7.25648307800293,True,0.0,12.194463867971754,False
34,2,82,heun_50_gs5,heun,50,5.0,1.5617979903795751,1.2205132257187923,4.508416125881887,0.2796239767607201,0.7389346361160278,9.3849458694458,True,0.0,11.690476279845797,False
35,0,83,heun_50_gs5,heun,50,5.0,0.33481596136598074,0.46251479666873335,1.0048989355776181,-0.27609675076675816,0.625706136226654,7.867971420288086,True,0.0,2.0981022127939077,False
35,1,83,heun_50_gs5,heun,50,5.0,1.506807068025888,1.2234114037445547,3.967265852117382,0.23164379627122367,0.7164631485939026,9.668303489685059,True,0.0,10.26563032470029,False
35,2,83,heun_50_gs5,heun,50,5.0,1.0524620155196356,0.8978438526538094,2.8419328506488633,0.17221052489996677,0.7467615008354187,8.970826148986816,True,0.0,7.363147913972108,False
36,0,48,heun_50_gs5,heun,50,5.0,0.9156259756852997,0.9325968229114772,2.0849199054193672,-0.0181974103141613,0.6983193159103394,6.330737590789795,True,0.0,5.185003648077176,False
36,1,48,heun_50_gs5,heun,50,5.0,0.8958930284164575,0.91333831113,2.01684333644528,-0.019100570193922077,0.6717875599861145,6.890262126922607,True,0.0,5.013457485822316,False
36,2,48,heun_50_gs5,heun,50,5.0,1.0772061471089858,1.0895024485747875,1.6506694855633455,-0.011286162200943466,0.740618884563446,6.941328048706055,True,0.0,4.109744470606949,False
37,0,49,heun_50_gs5,heun,50,5.0,1.0981503525504415,1.1099263927338927,2.110155071675619,-0.010609748677430619,0.8270788192749023,7.219184875488281,True,0.0,5.259473056172902,False
37,1,49,heun_50_gs5,heun,50,5.0,0.8795808595306426,0.8904340101222553,2.2487554123933973,-0.01218860729301719,0.6880326271057129,7.150575160980225,True,0.0,5.603605620043967,False
37,2,49,heun_50_gs5,heun,50,5.0,0.8989042211568327,0.9310505694012869,2.3024762233571225,-0.03452696228933773,0.7283763289451599,7.617183208465576,True,0.0,5.7044001149587995,False
38,0,50,heun_50_gs5,heun,50,5.0,0.9822718731240159,1.0438168674805774,2.1122506586608623,-0.05896148614219621,0.7887616157531738,6.9876298904418945,True,0.0,5.192184417438861,False
38,1,50,heun_50_gs5,heun,50,5.0,0.8845305482169138,0.9460339083741007,2.1997869576101188,-0.06501179182125896,0.7440393567085266,6.162879467010498,True,0.0,5.401949706293409,False
38,2,50,heun_50_gs5,heun,50,5.0,0.9142850460167622,0.9856595483756979,2.184790803839388,-0.07241293583816728,0.7676436305046082,7.233804702758789,True,0.0,5.353357605841219,False
39,0,51,heun_50_gs5,heun,50,5.0,1.0683270116789965,1.1461633637702968,2.2347132997436847,-0.06791034670324371,0.8934394121170044,8.909128189086914,True,0.0,5.484917729304346,False
39,1,51,heun_50_gs5,heun,50,5.0,1.0337503119781923,1.0879654314417349,2.150683544804144,-0.049831655858203074,0.8385183215141296,8.3107271194458,True,0.0,5.301961378223055,False
39,2,51,heun_50_gs5,heun,50,5.0,1.0703306323477415,1.117697113589547,2.1408250642818296,-0.04237863750573628,0.8983471989631653,9.442980766296387,True,0.0,5.288494704445969,False
40,0,52,heun_50_gs5,heun,50,5.0,1.0955874487119028,1.1051580683651543,1.959204609129563,-0.008659955386119194,0.8291667103767395,7.978349685668945,True,0.0,4.885021589744729,False
40,1,52,heun_50_gs5,heun,50,5.0,1.0693277348691257,1.075566911728557,1.8777735167444103,-0.00580082627439318,0.7935053110122681,6.889286994934082,True,0.0,4.685732552449436,False
40,2,52,heun_50_gs5,heun,50,5.0,0.9702412568102023,0.980144450190478,2.151196486592953,-0.010103809981593043,0.7953655123710632,9.15870189666748,True,0.0,5.362835501509993,False
41,0,53,heun_50_gs5,heun,50,5.0,0.8297100707947986,0.8560952250557679,1.7806176093153407,-0.030820349396350075,0.6286590099334717,5.3118486404418945,True,0.0,4.405313499193826,False
41,1,53,heun_50_gs5,heun,50,5.0,0.9740345001997381,0.994498072547318,1.9771787334045487,-0.020576784115223512,0.7284678220748901,7.70055627822876,True,0.0,4.912081657338537,False
41,2,53,heun_50_gs5,heun,50,5.0,1.0012458871589434,1.0284163501830994,1.9039281529523235,-0.02641971100043431,0.7476627826690674,6.7170209884643555,True,0.0,4.720190815880158,False
42,0,54,heun_50_gs5,heun,50,5.0,1.3366671613588283,1.364088347437959,1.867551235880417,-0.02010220667129904,0.9519563913345337,8.330609321594238,True,0.0,4.638724779694094,False
42,1,54,heun_50_gs5,heun,50,5.0,1.3758665823670713,1.4042098939093857,1.7412959042551088,-0.02018452616194011,0.9598370790481567,8.368051528930664,True,0.0,4.322962971394862,False
42,2,54,heun_50_gs5,heun,50,5.0,1.3440798811352097,1.3969448870622012,1.935609477767093,-0.03784330079029424,0.9632778763771057,7.378885269165039,True,0.0,4.7822587432322905,False
43,0,55,heun_50_gs5,heun,50,5.0,1.0532173711205173,1.0459967636811451,1.8556272923718602,0.006903087677757239,0.7456644773483276,6.428330898284912,True,0.0,4.649422862446286,False
43,1,55,heun_50_gs5,heun,50,5.0,0.9914175901106683,0.9943190464092293,1.980724928913825,-0.0029180334821691614,0.7390426397323608,6.194849491119385,True,0.0,4.947435272061308,False
43,2,55,heun_50_gs5,heun,50,5.0,0.9118855511664918,0.9085064397949123,2.010121164747498,0.0037194137392666184,0.6710728406906128,7.473837375640869,True,0.0,5.0308820324776455,False
44,0,56,heun_50_gs5,heun,50,5.0,0.9592291516883453,0.9390766221051762,2.234630649431719,0.021459941493797152,0.7526242136955261,7.695112228393555,True,0.0,5.618766535819994,False
44,1,56,heun_50_gs5,heun,50,5.0,0.9356250420185911,0.9100150658593567,2.178121870793903,0.028142364713079186,0.7189151644706726,5.888442516326904,True,0.0,5.487518224054377,False
44,2,56,heun_50_gs5,heun,50,5.0,0.9869086661917046,0.9699060277164244,2.0334456792682447,0.017530191393912424,0.7255227565765381,5.343679428100586,True,0.0,5.10990948526148,False
45,0,57,heun_50_gs5,heun,50,5.0,0.8229061342773835,0.8250114738019177,2.266986124374956,-0.0025518911746927548,0.6535642147064209,6.063619613647461,True,0.0,5.66363747417535,False
45,1,57,heun_50_gs5,heun,50,5.0,0.7893200018497855,0.8036116202559953,2.5704364554187062,-0.017784235404429336,0.7146602869033813,8.10943603515625,True,0.0,6.399414785440122,False
45,2,57,heun_50_gs5,heun,50,5.0,0.782652726308819,0.7899891549998538,2.3091350125528454,-0.009286745965732516,0.6560698747634888,7.196995258331299,True,0.0,5.758907412433515,False
46,0,58,heun_50_gs5,heun,50,5.0,0.8436441722548539,0.8347100267497396,2.1335517051433253,0.01070329229525354,0.717314600944519,6.9387664794921875,True,0.0,5.349934201301194,False
46,1,58,heun_50_gs5,heun,50,5.0,0.9347171298717405,0.9430566522236848,2.50994602697347,-0.00884307665276457,0.7651851177215576,7.543527603149414,True,0.0,6.261600452454528,False
46,2,58,heun_50_gs5,heun,50,5.0,0.8477976804951135,0.841353297068711,2.510248743006286,0.007659544893042451,0.6994039416313171,5.98629093170166,True,0.0,6.287111174855279,False
47,0,59,heun_50_gs5,heun,50,5.0,1.216770115236451,1.197300071143435,2.085578612870015,0.01626162429924994,0.8576471209526062,8.119205474853516,True,0.0,5.238338968623913,False
47,1,59,heun_50_gs5,heun,50,5.0,1.1968146278125273,1.2023561611063573,1.8856467674417008,-0.00460889495724958,0.843264639377594,6.894649505615234,True,0.0,4.707203576168378,False
47,2,59,heun_50_gs5,heun,50,5.0,1.3609521272057514,1.3200371474886847,1.9955187953186226,0.030995324248982305,0.9201804995536804,8.387287139892578,True,0.0,5.03528997467003,False
48,0,60,heun_50_gs5,heun,50,5.0,0.9105936713108932,0.9065212828226725,2.4033320995043157,0.004492325244275626,0.6769387722015381,7.682770252227783,True,0.0,6.015068736627202,False
48,1,60,heun_50_gs5,heun,50,5.0,0.814184170316668,0.8424512110964455,2.618562033503409,-0.03355332637893039,0.6833563446998596,9.107538223266602,True,0.0,6.496075094190127,False
48,2,60,heun_50_gs5,heun,50,5.0,0.9272126253446819,0.9189784222468907,2.5516483048491025,0.008960170128975257,0.6908485889434814,6.743042469024658,True,0.0,6.392561017316219,False
49,0,61,heun_50_gs5,heun,50,5.0,0.9777525493539271,0.9561803526835748,2.5656320912111754,0.0225608028696685,0.708267331123352,6.020656108856201,True,0.0,6.447921432332441,False
49,1,61,heun_50_gs5,heun,50,5.0,1.0363098476508015,1.0107019565653232,2.523097330586776,0.025336738160806924,0.7571988105773926,7.756573677062988,True,0.0,6.345748433708151,False
49,2,61,heun_50_gs5,heun,50,5.0,0.9220274331960943,0.8780502862279026,2.638327154179088,0.05008499758740148,0.6946293115615845,7.730592250823975,True,0.0,6.6709453818288225,False
50,0,62,heun_50_gs5,heun,50,5.0,1.0635860432718256,1.059245032412989,2.394668173930318,0.004098212108642686,0.8603319525718689,10.429511070251465,True,0.0,5.992817752988759,False
50,1,62,heun_50_gs5,heun,50,5.0,1.208920096248011,1.2165382032899887,2.802471325278483,-0.0062621189854575555,0.9063034057617188,12.891854286193848,True,0.0,6.996785134718021,False
50,2,62,heun_50_gs5,heun,50,5.0,1.1451370560009526,1.1335893578919105,2.764533900036442,0.01018684405140186,0.8352645039558411,9.838579177856445,True,0.0,6.926615016168208,False
51,0,63,heun_50_gs5,heun,50,5.0,1.3238943621905812,1.2094943201981323,2.6771956354781103,0.09458501717301028,0.8496901988983154,7.572697639465332,True,0.0,6.834866614454791,False
51,1,63,heun_50_gs5,heun,50,5.0,1.5198618922299563,1.3248228065186052,2.720179039220509,0.14721899659297727,0.9344488382339478,9.909285545349121,True,0.0,7.021276092940739,False
51,2,63,heun_50_gs5,heun,50,5.0,1.4245230336677925,1.276837436351452,2.802842556029323,0.11566515200376548,0.9042800664901733,8.38776683807373,True,0.0,7.180604118078955,False
52,0,64,heun_50_gs5,heun,50,5.0,1.0195521203548978,0.9785076107731806,2.8749227667200685,0.04194602955599403,0.7213985323905945,9.621708869934082,True,0.0,7.250225961134162,False
52,1,64,heun_50_gs5,heun,50,5.0,1.1350977925337358,1.076845991785338,2.925426473027216,0.054094829392336806,0.7953832745552063,9.156722068786621,True,0.0,7.394708426656544,False
52,2,64,heun_50_gs5,heun,50,5.0,1.2717814455421916,1.1500273677877473,2.6908697392239715,0.10587059065381284,0.8088932037353516,10.329833984375,True,0.0,6.885980234040648,False
53,0,65,heun_50_gs5,heun,50,5.0,1.1405495052263268,1.0484393801312721,2.912121326431432,0.08785450638545908,0.7509132027626038,9.362892150878906,True,0.0,7.412085075656769,False
53,1,65,heun_50_gs5,heun,50,5.0,1.2981364713830192,1.1704870820370745,2.488205741204564,0.10905663993593319,0.8279715180397034,8.635729789733887,True,0.0,6.38409931291531,False
53,2,65,heun_50_gs5,heun,50,5.0,1.1858274904028818,1.1058405216065539,2.7689761896813327,0.07233137736426037,0.7850683331489563,8.736652374267578,True,0.0,7.030937540249722,False
54,0,66,heun_50_gs5,heun,50,5.0,1.1738637355455424,1.171082469049973,2.68009592907113,0.0023749535539337777,0.816171407699585,7.554719924926758,True,0.0,6.703802253008725,False
54,1,66,heun_50_gs5,heun,50,5.0,1.2536769694684742,1.3561553369599317,2.344051460710967,-0.07556536035578919,0.8508433699607849,8.081307411193848,True,0.0,5.746780611243733,False
54,2,66,heun_50_gs5,heun,50,5.0,1.0573388617643285,1.2738990690957852,2.116599211120623,-0.16999793067216235,0.8107299208641052,8.279948234558105,True,0.0,5.0365011317933135,False
55,0,67,heun_50_gs5,heun,50,5.0,0.9033154853293467,0.958748718329674,3.0607744274351787,-0.05781831189169111,0.705917477607727,7.980186462402344,True,0.0,7.5652086007504105,False
55,1,67,heun_50_gs5,heun,50,5.0,1.1238285244063473,1.0837450571490295,2.651770972677936,0.03698606662428832,0.7308610081672668,9.067232131958008,True,0.0,6.684906531631272,False
55,2,67,heun_50_gs5,heun,50,5.0,1.119464762438111,1.0459615991193547,2.350774871276992,0.07027328983961681,0.6942533254623413,7.923487186431885,True,0.0,5.982347112951905,False
56,0,68,heun_50_gs5,heun,50,5.0,1.3747622830482153,1.3750847549438816,3.340345506527097,-0.00023451055810324144,0.9549815058708191,12.056325912475586,True,0.0,8.350512000480586,False
56,1,68,heun_50_gs5,heun,50,5.0,1.5204048413012217,1.549994864593725,3.3232618431865513,-0.019090400734556763,1.00789475440979,10.845751762390137,True,0.0,8.279519006864543,False
56,2,68,heun_50_gs5,heun,50,5.0,1.2222946936177326,1.2802996922101921,2.9106044658721264,-0.04530579714446941,0.8688846826553345,8.843913078308105,True,0.0,7.208552468963612,False
57,0,69,heun_50_gs5,heun,50,5.0,1.0871768313146368,1.2179816811317223,2.9542445879793857,-0.10739475869751743,0.7437984347343445,8.13273811340332,True,0.0,7.224519331902188,False
57,1,69,heun_50_gs5,heun,50,5.0,1.2699950790300178,1.2740971284428895,3.1348211499446825,-0.003219573523165474,0.7773451805114746,10.381484985351562,True,0.0,7.832223514576959,False
57,2,69,heun_50_gs5,heun,50,5.0,0.9910532757204289,0.9739466419959854,2.9797255460567476,0.017564241007847373,0.6200724244117737,7.019155502319336,True,0.0,7.47566022665364,False
58,0,70,heun_50_gs5,heun,50,5.0,1.4014635944269334,1.3557670071456427,3.347206829276926,0.0337053392680239,0.9161757230758667,9.851288795471191,True,0.0,8.418575082094351,False
58,1,70,heun_50_gs5,heun,50,5.0,1.319529344527057,1.4952185574020298,3.158788986161303,-0.11750068966855866,0.9815351366996765,12.343621253967285,True,0.0,7.72072143090042,False
58,2,70,heun_50_gs5,heun,50,5.0,1.3009564046758273,1.249292723724925,3.3335182950176665,0.0413543435867593,0.9077950716018677,10.837964057922363,True,0.0,8.395827252924306,False
59,0,71,heun_50_gs5,heun,50,5.0,1.5704467023266795,1.3787231381358884,2.839492014090992,0.13905878381023207,0.8714427351951599,7.804192543029785,True,0.0,7.307318210942827,False
59,1,71,heun_50_gs5,heun,50,5.0,1.6412613040716886,1.3339532781377013,3.007267789746183,0.23037390339433278,0.8435938954353333,7.235151290893555,True,0.0,7.863730329456956,False
59,2,71,heun_50_gs5,heun,50,5.0,1.3639346516100121,1.1825572344239477,2.7470292728899004,0.15337728303750559,0.8699572682380676,9.894760131835938,True,0.0,7.097639106781009,False
60,0,72,heun_50_gs5,heun,50,5.0,1.2209064773636598,1.1240448631076339,2.9047494030965666,0.08617237316178822,0.6610955595970154,6.477490425109863,True,0.0,7.391132067484099,False
60,1,72,heun_50_gs5,heun,50,5.0,1.3378416422467152,1.1795917956855826,3.0876066429831495,0.1341564478477852,0.6782459616661072,6.584088325500488,True,0.0,7.920251279229552,False
60,2,72,heun_50_gs5,heun,50,5.0,1.1571113346451463,1.0318358456162116,2.6484747005815796,0.12141028861041109,0.633629560470581,5.999766826629639,True,0.0,6.803302184369566,False
61,0,73,heun_50_gs5,heun,50,5.0,1.135809797183768,1.0824407823980777,3.531025695615767,0.04930432699922055,0.6717000007629395,8.5505952835083,True,0.0,8.901520729538248,False
61,1,73,heun_50_gs5,heun,50,5.0,0.9456536534315428,0.9102177683619787,2.568382240218192,0.03893121614624398,0.5712711811065674,6.689863204956055,True,0.0,6.479352424764846,False
61,2,73,heun_50_gs5,heun,50,5.0,1.5844670268108638,1.3844970826793428,3.2613905070818343,0.14443507695962723,0.81214839220047,8.360527038574219,True,0.0,8.370128883144027,False
62,0,74,heun_50_gs5,heun,50,5.0,1.5496095741033273,1.4651619654883892,3.9010572677915762,0.057637046297757524,0.8534841537475586,9.166031837463379,True,0.0,9.839098738925577,False
62,1,74,heun_50_gs5,heun,50,5.0,1.5397153750342552,1.4509237710027916,3.892274252069447,0.0611966012233228,0.8654575347900391,9.711057662963867,True,0.0,9.822480532008601,False
62,2,74,heun_50_gs5,heun,50,5.0,1.2257199264505771,1.2301864555916513,3.6126412525638574,-0.003630774086695871,0.7632880210876465,9.020124435424805,True,0.0,9.0261569702796,False
63,0,75,heun_50_gs5,heun,50,5.0,1.7118853391942792,1.483327252001957,3.4641277873576257,0.15408473439896958,0.9049726724624634,9.760536193847656,True,0.0,8.89144656999252,False
63,1,75,heun_50_gs5,heun,50,5.0,1.510937741777643,1.275706231183418,3.9399419119580994,0.1843931643510742,0.8236313462257385,12.4402494430542,True,0.0,10.12644452642186,False
63,2,75,heun_50_gs5,heun,50,5.0,1.087267767566504,1.1264489819093815,2.983294956314373,-0.03478294589838788,0.7070587873458862,10.410931587219238,True,0.0,7.406062971938351,False
64,0,76,heun_50_gs5,heun,50,5.0,1.1457042109974467,1.1468887227813853,3.56141672411276,-0.0010328044474427857,0.6023377180099487,6.643482208251953,True,0.0,8.901992603610735,False
64,1,76,heun_50_gs5,heun,50,5.0,1.2286339242834676,1.1681751441315387,3.576071928703953,0.05175489303817293,0.6183568835258484,6.447268486022949,True,0.0,9.017812161317142,False
64,2,76,heun_50_gs5,heun,50,5.0,1.0715729806519585,1.1206879010680872,3.091921639392234,-0.04382568949933536,0.6045390963554382,7.099023342132568,True,0.0,7.664065564231582,False
65,0,77,heun_50_gs5,heun,50,5.0,1.5474803296035562,1.3138086246144831,4.173040873420242,0.17785825030571553,0.7970196604728699,12.923751831054688,True,0.0,10.699389559009179,False
65,1,77,heun_50_gs5,heun,50,5.0,1.187419566140391,1.1865489267435103,3.865000418640763,0.0007337576815585674,0.7041480541229248,9.482234954833984,True,0.0,9.663601683124245,False
65,2,77,heun_50_gs5,heun,50,5.0,1.5764783530888713,1.4291882862924912,4.250171160521937,0.10305854531447717,0.7912747859954834,9.965039253234863,True,0.0,10.780015719276559,False
66,0,78,heun_50_gs5,heun,50,5.0,1.5583891690874754,1.319067208212632,3.7167454609789647,0.1814327257705111,0.8462960124015808,10.987894058227539,True,0.0,9.564012741103177,False
66,1,78,heun_50_gs5,heun,50,5.0,1.6296265029258805,1.4905753002734636,3.3620681353465742,0.09328693538262506,0.8953749537467957,9.935147285461426,True,0.0,8.545100741440374,False
66,2,78,heun_50_gs5,heun,50,5.0,1.3164033226376262,1.0692211206582336,2.975675072095898,0.2311796829410043,0.8387075662612915,10.318724632263184,True,0.0,7.785957204651251,False
67,0,79,heun_50_gs5,heun,50,5.0,1.1291671666666137,1.1918352261502465,3.650484551635092,-0.05258114341883136,0.6320157051086426,7.86053466796875,True,0.0,9.047339663959482,False
67,1,79,heun_50_gs5,heun,50,5.0,1.0469055828788874,1.0934523314982456,3.098125412392865,-0.04256861214049807,0.6080009341239929,6.993865013122559,True,0.0,7.681460612771415,False
67,2,79,heun_50_gs5,heun,50,5.0,1.0651253444196982,1.024330468379035,3.6774327773642654,0.03982589301181343,0.5537040829658508,7.23579216003418,True,0.0,9.253320782928384,False
68,0,80,heun_50_gs5,heun,50,5.0,1.2499112254423523,1.2005805057106966,3.5209585757133817,0.04108905574105028,0.625408411026001,7.503854274749756,True,0.0,8.86403002289503,False
68,1,80,heun_50_gs5,heun,50,5.0,0.7566794196638732,0.735191265584051,2.5100868122756177,0.029227977525646716,0.4993205666542053,7.170471668243408,True,0.0,6.319058996977514,False
68,2,80,heun_50_gs5,heun,50,5.0,0.8953035660498708,0.7486128792588134,3.0709068960572616,0.1959499881658369,0.48990780115127563,7.155318260192871,True,0.0,7.97119222239191,False
69,0,81,heun_50_gs5,heun,50,5.0,1.6904878732716622,1.3351106119582181,4.193823849815051,0.2661781394505043,0.7480990886688232,9.516414642333984,True,0.0,10.883826833713384,False
69,1,81,heun_50_gs5,heun,50,5.0,1.206249189085572,1.2549458655255972,3.0504297481541864,-0.038803806116044656,0.6385713815689087,8.220392227172852,True,0.0,7.567868661211399,False
69,2,81,heun_50_gs5,heun,50,5.0,1.2560281193316307,1.4004418416250797,3.560172293134176,-0.10312011321703259,0.6531049013137817,9.509322166442871,True,0.0,8.745750563009892,False
70,0,82,heun_50_gs5,heun,50,5.0,1.5049450918874747,1.1848343247389646,4.064604425030657,0.27017343924206505,0.7032142877578735,8.95224380493164,True,0.0,10.56677122143974,False
70,1,82,heun_50_gs5,heun,50,5.0,1.4505130323581166,1.0780861742983257,4.481139503597976,0.3454518418693823,0.7046815752983093,9.990354537963867,True,0.0,11.721026521799015,False
70,2,82,heun_50_gs5,heun,50,5.0,1.272160209392254,0.98028876656785,4.310367867735289,0.29774026776710955,0.5982388257980347,7.872163772583008,True,0.0,11.222530070988887,False
71,0,83,heun_50_gs5,heun,50,5.0,0.5211595038685961,1.0703752103226587,1.05100739897724,-0.5131057745231663,0.8488573431968689,9.244901657104492,True,0.0,1.8578598356583504,False
71,1,83,heun_50_gs5,heun,50,5.0,1.4484935201381455,1.3632322363050335,4.014665560437526,0.06254347640631887,0.7153705358505249,8.933008193969727,True,0.0,10.130479115703292,False
71,2,83,heun_50_gs5,heun,50,5.0,0.6601488739431179,0.7991766108156622,2.02448583131681,-0.1739637187217121,0.765762448310852,11.011577606201172,True,0.0,4.800269000209457,False
72,0,48,heun_50_gs5,heun,50,5.0,0.9067467921499769,0.9287604196755676,2.199285484247221,-0.023702159159903497,0.6974992156028748,6.292520046234131,True,0.0,5.4626604718781975,False
72,1,48,heun_50_gs5,heun,50,5.0,0.8060954774991056,0.8172287211506504,2.3645489196468494,-0.01362316720787493,0.657122790813446,6.883256435394287,True,0.0,5.8909375483053115,False
72,2,48,heun_50_gs5,heun,50,5.0,1.104712569747351,1.1321203276542804,1.9277686009158792,-0.024209226700862434,0.7984208464622498,5.848991870880127,True,0.0,4.783107662238405,False
73,0,49,heun_50_gs5,heun,50,5.0,0.9490252629393162,0.9556652054148401,2.3084030951770993,-0.006947979656915322,0.746725857257843,7.0711989402771,True,0.0,5.760585768457375,False
73,1,49,heun_50_gs5,heun,50,5.0,1.1663093756343175,1.170362602548026,1.931088468409638,-0.003463223167120993,0.8280284404754639,6.682908058166504,True,0.0,4.822526336273413,False
73,2,49,heun_50_gs5,heun,50,5.0,1.0746459437469893,1.0816178527510705,2.0005790818203923,-0.0064458153329201556,0.7841671109199524,7.5556440353393555,True,0.0,4.991778981551601,False
74,0,50,heun_50_gs5,heun,50,5.0,0.9863423092253035,1.053874999872977,2.1192901456677062,-0.06408036058831418,0.8071682453155518,6.944817543029785,True,0.0,5.202104823286795,False
74,1,50,heun_50_gs5,heun,50,5.0,0.834863590880682,0.8970237421521898,2.231436981581802,-0.06929599257808919,0.7202367782592773,5.906986236572266,True,0.0,5.474648465087371,False
74,2,50,heun_50_gs5,heun,50,5.0,1.004018211044117,1.0610920767809624,2.141251196384873,-0.05378785352173401,0.8156643509864807,8.258293151855469,True,0.0,5.272446210679581,False
75,0,51,heun_50_gs5,heun,50,5.0,1.1537939392605765,1.2075886473355744,1.970784544592868,-0.044547212122454515,0.897066593170166,8.769471168518066,True,0.0,4.860140543298488,False
75,1,51,heun_50_gs5,heun,50,5.0,1.051124213947223,1.1168320489695656,2.0727021670399406,-0.058834123263767406,0.8564304113388062,8.690938949584961,True,0.0,5.0935042327042,False
75,2,51,heun_50_gs5,heun,50,5.0,1.1070171697168056,1.1531485880849914,2.0980112781640035,-0.040004747388840634,0.8598678112030029,6.888900279998779,True,0.0,5.185021074326747,False
76,0,52,heun_50_gs5,heun,50,5.0,1.0357645959486497,1.0397014628130383,1.9230996812372816,-0.003786535815648106,0.7719681262969971,7.887948989868164,True,0.0,4.802069399369731,False
76,1,52,heun_50_gs5,heun,50,5.0,1.0902235716267794,1.0996230918160543,1.9905585446854903,-0.00854794717731138,0.8426751494407654,7.666224479675293,True,0.0,4.963574440947759,False
76,2,52,heun_50_gs5,heun,50,5.0,1.136697672215267,1.1415405230276443,1.8575360234626226,-0.004242381827242531,0.8326062560081482,6.944576263427734,True,0.0,4.637476485915692,False
77,0,53,heun_50_gs5,heun,50,5.0,1.0065991626638853,1.0270244190713687,1.8736151426053116,-0.019887799967866215,0.7456024885177612,6.145203590393066,True,0.0,4.65420615656148,False
77,1,53,heun_50_gs5,heun,50,5.0,0.8333568366284071,0.8556635441299317,2.1114493367271816,-0.026069484196048136,0.6596583127975464,7.881923675537109,True,0.0,5.239519115523882,False
77,2,53,heun_50_gs5,heun,50,5.0,1.1166269997853633,1.1508439672300346,1.9179601039732719,-0.029732064573190956,0.8409820199012756,7.14178466796875,True,0.0,4.7503021630733935,False
78,0,54,heun_50_gs5,heun,50,5.0,1.2808625019364699,1.3057483713823668,1.801738827056749,-0.019058702121116752,0.9266873598098755,7.306814670562744,True,0.0,4.4757590144601975,False
78,1,54,heun_50_gs5,heun,50,5.0,1.3583417008897993,1.3946443791865726,1.7499462921779299,-0.026030060837190776,0.9490220546722412,8.539955139160156,True,0.0,4.335820639189039,False
78,2,54,heun_50_gs5,heun,50,5.0,1.3487325698184642,1.3952214021854277,1.7337729750587618,-0.03332003935787146,0.9421717524528503,7.207550048828125,True,0.0,4.284452378610098,False
79,0,55,heun_50_gs5,heun,50,5.0,0.8411399108765892,0.844527508312918,2.2349380622102584,-0.004011233930063109,0.64803147315979,6.346153259277344,True,0.0,5.581328304630551,False
79,1,55,heun_50_gs5,heun,50,5.0,0.9275449498607594,0.9305996788806915,2.0478311707503423,-0.0032825381916968643,0.6886343955993652,6.838322162628174,True,0.0,5.114654119588311,False
79,2,55,heun_50_gs5,heun,50,5.0,0.9255213862881505,0.9237139450807728,2.1562808768799586,0.0019567109465393946,0.713687539100647,7.028430461883545,True,0.0,5.393637258619705,False
80,0,56,heun_50_gs5,heun,50,5.0,1.1714730756508178,1.1955999484848367,1.6687604550595427,-0.020179720367834827,0.8318277597427368,6.377696990966797,True,0.0,4.141631557097105,False
80,1,56,heun_50_gs5,heun,50,5.0,0.9072271657808197,0.9069220019748879,2.3651877158541734,0.00033648296314619413,0.7269744277000427,7.688962459564209,True,0.0,5.913474014080153,False
80,2,56,heun_50_gs5,heun,50,5.0,0.9782010067945895,0.9558537435479113,2.144655900224756,0.023379374892581933,0.7330069541931152,6.675179481506348,True,0.0,5.396708812900762,False
81,0,57,heun_50_gs5,heun,50,5.0,0.7873914871241511,0.7927834897172482,2.5663687049041397,-0.006801355723246295,0.6884540915489197,7.057400226593018,True,0.0,6.4057197286754795,False
81,1,57,heun_50_gs5,heun,50,5.0,0.8336941803620649,0.8260581064026516,2.118977427684299,0.00924399120084564,0.6404943466186523,6.266597270965576,True,0.0,5.3113095560120165,False
81,2,57,heun_50_gs5,heun,50,5.0,0.805036684418344,0.8119475621822413,2.434199271560821,-0.008511482761532504,0.7077613472938538,8.60128116607666,True,0.0,6.072730954759754,False
82,0,58,heun_50_gs5,heun,50,5.0,0.8527399105367814,0.8437228639874356,2.34771527920244,0.010687213571360581,0.7486082315444946,9.357134819030762,True,0.0,5.88531901836314,False
82,1,58,heun_50_gs5,heun,50,5.0,0.803349398086535,0.7856786564097454,2.305754845074339,0.02249105446319196,0.7012044787406921,9.477278709411621,True,0.0,5.798123694380635,False
82,2,58,heun_50_gs5,heun,50,5.0,0.8651053037032411,0.8697093448275062,2.310618575190705,-0.00529376980793565,0.7271556258201599,7.5879106521606445,True,0.0,5.768605783264859,False
83,0,59,heun_50_gs5,heun,50,5.0,1.2928417217659882,1.3203644678827557,2.13973251236938,-0.020844809579322433,0.9208868145942688,9.33594036102295,True,0.0,5.318064066554466,False
83,1,59,heun_50_gs5,heun,50,5.0,1.2927670230355057,1.2445753835103577,1.8757317015192803,0.038721350089705904,0.8883550763130188,7.1676411628723145,True,0.0,4.74741127893276,False
83,2,59,heun_50_gs5,heun,50,5.0,1.3554448420253677,1.300710642861653,1.908761598468969,0.042080226715523306,0.9005906581878662,8.263510704040527,True,0.0,4.8350243362457075,False
84,0,60,heun_50_gs5,heun,50,5.0,0.9992607704483506,0.9418250012346068,2.41106964115694,0.06098348263065684,0.6892959475517273,6.208614826202393,True,0.0,6.119149326838335,False
84,1,60,heun_50_gs5,heun,50,5.0,0.8966932665913322,0.9193852243556471,2.396773665921667,-0.024681664351743234,0.6615731716156006,6.573972225189209,True,0.0,5.954911668276553,False
84,2,60,heun_50_gs5,heun,50,5.0,0.9875520746156148,1.0022321444202755,2.329897006362626,-0.014647374602695907,0.706582248210907,8.020419120788574,True,0.0,5.80277145400252,False
85,0,61,heun_50_gs5,heun,50,5.0,0.9722031858570359,0.9414648321613422,2.5728434116150622,0.03264949716563704,0.7112739682197571,7.82189416885376,True,0.0,6.4810827747861115,False
85,1,61,heun_50_gs5,heun,50,5.0,1.0029504194351062,0.9513435235877331,2.545061201107546,0.05424633061072244,0.7303471565246582,7.105247974395752,True,0.0,6.44402249868495,False
85,2,61,heun_50_gs5,heun,50,5.0,1.0278858823339574,1.0242079845828347,2.357905191867635,0.003590967626278618,0.7199662923812866,6.7645111083984375,True,0.0,5.900149431108505,False
86,0,62,heun_50_gs5,heun,50,5.0,1.2838597346776062,1.248467651713713,2.7387224066461324,0.028348417863953423,0.909400463104248,9.547204971313477,True,0.0,6.889328643411261,False
86,1,62,heun_50_gs5,heun,50,5.0,1.0572095682509588,1.1111759704982798,2.746732204324455,-0.04856692656650214,0.8638449907302856,10.73481559753418,True,0.0,6.793980120961384,False
86,2,62,heun_50_gs5,heun,50,5.0,1.1803484274372715,1.1594595990630259,2.638182649089737,0.018016003499359664,0.8556154370307922,9.492033958435059,True,0.0,6.622480627973382,False
87,0,63,heun_50_gs5,heun,50,5.0,1.0427289858868083,1.1666972073137012,2.1468430027501695,-0.1062556930686159,0.8147332072257996,7.030092239379883,True,0.0,5.2077239672725,False
87,1,63,heun_50_gs5,heun,50,5.0,1.4249139584154327,1.3198755817523424,2.6720766140122953,0.07958202827558564,0.9161839485168457,8.203627586364746,True,0.0,6.799564577444117,False
87,2,63,heun_50_gs5,heun,50,5.0,1.4437402817983354,1.2735015932848868,2.7667225477863906,0.13367763972525254,0.8961181640625,7.823194980621338,True,0.0,7.1173228290538555,False
88,0,64,heun_50_gs5,heun,50,5.0,1.3091911486828773,1.1730457370007459,2.465379340381328,0.11606146821658857,0.7918665409088135,8.159551620483398,True,0.0,6.337540553278203,False
88,1,64,heun_50_gs5,heun,50,5.0,1.0901256357198295,1.025390659460334,3.0352536152947414,0.06313201220522686,0.7395991683006287,8.242082595825195,True,0.0,7.682832056544694,False
88,2,64,heun_50_gs5,heun,50,5.0,1.216429925707942,1.1208799358387629,2.7299477373573597,0.08524551645687478,0.7730798721313477,8.464898109436035,True,0.0,6.952737618078712,False
89,0,65,heun_50_gs5,heun,50,5.0,1.4040004500918202,1.274833199301459,2.921810124302523,0.10132090209756772,0.9146254062652588,8.522382736206055,True,0.0,7.456506663902659,False
89,1,65,heun_50_gs5,heun,50,5.0,1.2140497032990778,1.1169359699655137,3.0529787460458113,0.08694655295871351,0.8114975094795227,8.853508949279785,True,0.0,7.762866694552598,False
89,2,65,heun_50_gs5,heun,50,5.0,1.090724285328247,1.019766168007964,2.3882156251282214,0.0695827326406279,0.6988029479980469,6.11326789855957,True,0.0,6.074913161781495,False
90,0,66,heun_50_gs5,heun,50,5.0,1.1971582918578898,1.4025827230289125,2.1899474816976645,-0.14646154293330244,0.8485395908355713,8.182954788208008,True,0.0,5.255176389844208,False
90,1,66,heun_50_gs5,heun,50,5.0,1.425343410492429,1.3450823233113096,2.6172195049913576,0.059670018104790244,0.899821937084198,8.177579879760742,True,0.0,6.63255378963558,False
90,2,66,heun_50_gs5,heun,50,5.0,1.2382166709332878,1.341247179941923,2.106441815745392,-0.07681694305215767,0.9107097387313843,9.25825309753418,True,0.0,5.150879124785243,False
91,0,67,heun_50_gs5,heun,50,5.0,1.0655517766295437,1.0608563267285633,2.380583040871894,0.004426094032166552,0.6778066754341125,7.109847068786621,True,0.0,5.958096743227985,False
91,1,67,heun_50_gs5,heun,50,5.0,1.1964564626085696,1.1119941783665115,2.685393913189693,0.07595568855097247,0.7347065210342407,7.342687129974365,True,0.0,6.827418315800691,False
91,2,67,heun_50_gs5,heun,50,5.0,1.417733807145576,1.3167996242533424,2.544820005774639,0.07665113223506158,0.8340693712234497,7.191315650939941,True,0.0,6.47702671278919,False
92,0,68,heun_50_gs5,heun,50,5.0,1.206582864039437,1.2054121044299775,3.4045603964120716,0.0009712525661923387,0.8609038591384888,11.443100929260254,True,0.0,8.512857869879467,False
92,1,68,heun_50_gs5,heun,50,5.0,1.2716657435710093,1.2635957917916139,3.2240843013812173,0.00638649777717943,0.8362954258918762,8.549088478088379,True,0.0,8.069790500118813,False
92,2,68,heun_50_gs5,heun,50,5.0,1.3936704390757382,1.3961696798240568,3.3201964964353348,-0.001790069478326516,0.9427244067192078,10.083945274353027,True,0.0,8.297806136870848,False
93,0,69,heun_50_gs5,heun,50,5.0,1.060912577823285,0.9814448291214654,3.2939884687593928,0.0809701631045865,0.6295903325080872,8.644777297973633,True,0.0,8.356426416555363,False
93,1,69,heun_50_gs5,heun,50,5.0,1.1869754360498026,1.105408908715314,3.3971790015701506,0.07378855548703521,0.7112918496131897,10.029969215393066,True,0.0,8.60363033715593,False
93,2,69,heun_50_gs5,heun,50,5.0,1.0023376665004093,0.9620699571924892,3.1594696162069478,0.041855281508713205,0.6297628879547119,9.45680046081543,True,0.0,7.9614569627804395,False
94,0,70,heun_50_gs5,heun,50,5.0,1.5174991325462408,1.5797671374218123,2.718134000545742,-0.03941593859398405,1.0719377994537354,13.126180648803711,True,0.0,6.736211093473379,False
94,1,70,heun_50_gs5,heun,50,5.0,1.6931043790153217,1.5351982952254217,3.2984467974304077,0.10285712487593827,1.0121805667877197,10.576576232910156,True,0.0,8.400402680889925,False
94,2,70,heun_50_gs5,heun,50,5.0,1.6181193123975497,1.4840994534303518,3.430361344260862,0.09030382549793801,1.009093165397644,11.136331558227539,True,0.0,8.711359098899063,False
95,0,71,heun_50_gs5,heun,50,5.0,1.2135449054981535,1.2590425719641762,2.904432249728598,-0.036136717786815306,0.7570776343345642,10.538302421569824,True,0.0,7.206875547641273,False
95,1,71,heun_50_gs5,heun,50,5.0,1.4725757426610384,1.2755774389120909,3.0698735642820707,0.15443852814814393,0.8218991160392761,9.011564254760742,True,0.0,7.906341702927393,False
95,2,71,heun_50_gs5,heun,50,5.0,1.3555350906537151,1.2012042302769017,2.686328745119317,0.12848011620508187,0.8230796456336975,9.785857200622559,True,0.0,6.908542037105915,False
96,0,72,heun_50_gs5,heun,50,5.0,1.0367815638753453,1.0211614011022336,3.1165596182582167,0.015296467926898396,0.6047062873840332,6.3492279052734375,True,0.0,7.814343747535889,False
96,1,72,heun_50_gs5,heun,50,5.0,1.1292342035983547,1.088164640220143,2.629449117183858,0.03774204884334647,0.6643466949462891,6.706841468811035,True,0.0,6.630235866224664,False
96,2,72,heun_50_gs5,heun,50,5.0,1.1827697305665843,1.1108765221029506,2.818831276254821,0.06471755085827213,0.6599024534225464,6.724226951599121,True,0.0,7.144154516924461,False
97,0,73,heun_50_gs5,heun,50,5.0,1.3756809798872607,1.2623040051330534,3.4692236749508933,0.0898174872257352,0.7304977774620056,7.973187446594238,True,0.0,8.807785418215836,False
97,1,73,heun_50_gs5,heun,50,5.0,0.9421612150265816,0.9239593313830043,2.8540424832629205,0.019699875122570012,0.590916097164154,7.579587459564209,True,0.0,7.164656020841156,False
97,2,73,heun_50_gs5,heun,50,5.0,0.9726814789242719,0.7939137658749307,2.3714528047609287,0.22517270575426246,0.6045348048210144,6.685137748718262,True,0.0,6.2663910705337145,False
98,0,74,heun_50_gs5,heun,50,5.0,1.3790580376279298,1.257914822352389,4.082428614552766,0.09630478324911268,0.7495133876800537,9.11214828491211,True,0.0,10.350528711255585,False
98,1,74,heun_50_gs5,heun,50,5.0,1.1726520617823106,1.1669426173681232,3.5184800596011536,0.004892652200960619,0.665155827999115,8.364778518676758,True,0.0,8.803539127304324,False
98,2,74,heun_50_gs5,heun,50,5.0,1.3250049674377495,1.28885013678053,3.6413082807833805,0.028052004918905474,0.7359088659286499,8.850048065185547,True,0.0,9.145348709336808,False
99,0,75,heun_50_gs5,heun,50,5.0,1.6758016908041269,1.5424299505513197,3.2794588859989524,0.08646858765965318,0.8873480558395386,9.201793670654297,True,0.0,8.328350096486862,False
99,1,75,heun_50_gs5,heun,50,5.0,1.1490366113250574,1.5847101137153483,2.7597764989793974,-0.27492315210863655,0.8680494427680969,9.277103424072266,True,0.0,6.487056519285538,False
99,2,75,heun_50_gs5,heun,50,5.0,1.6932748122163532,1.50309450920238,3.199185028384224,0.12652584423958435,0.8679219484329224,9.312851905822754,True,0.0,8.187751337319936,False
0,0,48,heun_64_gs6,heun,64,6.0,0.9966803542550097,1.012821257984795,1.9104921338490382,-0.015936576610304454,0.7405088543891907,6.831887245178223,True,0.0,4.752325469707139,False
0,1,48,heun_64_gs6,heun,64,6.0,0.8482732430127466,0.8598980423652444,2.260595389318286,-0.013518811120135026,0.6620346903800964,6.003232002258301,True,0.0,5.631210256615512,False
0,2,48,heun_64_gs6,heun,64,6.0,0.8966984782895654,0.912988374944331,2.0664473785760045,-0.017842391999060233,0.6776790022850037,7.015984535217285,True,0.0,5.139354858441421,False
1,0,49,heun_64_gs6,heun,64,6.0,1.147452441711381,1.1516169360533353,1.7063671902345436,-0.003616214884841965,0.8100364804267883,6.837612628936768,True,0.0,4.260493653259096,False
1,1,49,heun_64_gs6,heun,64,6.0,1.1939981996684352,1.2091335357474902,1.9757139604650062,-0.012517505723239376,0.8741404414176941,8.261863708496094,True,0.0,4.920508642577657,False
1,2,49,heun_64_gs6,heun,64,6.0,1.2194236703640489,1.2244595452423392,1.8846429282614285,-0.004112732720921684,0.8691924810409546,7.436619758605957,True,0.0,4.705438221572188,False
2,0,50,heun_64_gs6,heun,64,6.0,1.0175957375865956,1.0771917505173951,2.049895706246636,-0.05532535163671737,0.8007274270057678,6.490839004516602,True,0.0,5.041751238161514,False
2,1,50,heun_64_gs6,heun,64,6.0,0.9148958246182307,0.9818890783182493,2.063191282721953,-0.06822894204350788,0.7384288311004639,6.551166534423828,True,0.0,5.055634793739621,False
2,2,50,heun_64_gs6,heun,64,6.0,1.1874783449791801,1.2580872650562223,1.861950719898855,-0.05612402372791402,0.912433922290802,7.13762092590332,True,0.0,4.570690764155267,False
3,0,51,heun_64_gs6,heun,64,6.0,1.2537280562118494,1.318511550395756,1.8683186846447564,-0.049133808250010125,0.9283376336097717,6.61882209777832,True,0.0,4.597095999236875,False
3,1,51,heun_64_gs6,heun,64,6.0,1.1852306660735505,1.2586257723589702,1.9843393899693782,-0.05831368411018836,0.9144698977470398,8.4893798828125,True,0.0,4.873377948758163,False
3,2,51,heun_64_gs6,heun,64,6.0,1.4155387020497945,1.4973342666943017,1.8811128961725747,-0.05462745755416026,1.061803936958313,8.79961109161377,True,0.0,4.620841054100196,False
4,0,52,heun_64_gs6,heun,64,6.0,1.1050691230866718,1.108572256342522,1.8183308382317045,-0.003160040497321789,0.7997972965240479,6.886218070983887,True,0.0,4.541087034833279,False
4,1,52,heun_64_gs6,heun,64,6.0,1.2589690497880843,1.2634038365199503,1.7199915797625904,-0.003510189354007081,0.8842527270317078,7.979455947875977,True,0.0,4.294713665375466,False
4,2,52,heun_64_gs6,heun,64,6.0,1.1878462068482707,1.195243913110347,1.5636108667751305,-0.006189285817764651,0.8296079635620117,6.3980021476745605,True,0.0,3.899743238211179,False
5,0,53,heun_64_gs6,heun,64,6.0,1.040676380604378,1.0705992984999992,1.8840486430270627,-0.027949689167598893,0.7611323595046997,6.593837738037109,True,0.0,4.668197073816258,False
5,1,53,heun_64_gs6,heun,64,6.0,1.08232906950642,1.11262670745537,1.9206247824397835,-0.02723073019335905,0.8103271126747131,7.568217754364014,True,0.0,4.76071586080942,False
5,2,53,heun_64_gs6,heun,64,6.0,0.9387563548466259,0.9698316486405167,1.997209664430848,-0.03204194616357579,0.7209209203720093,7.195372581481934,True,0.0,4.944961241831756,False
6,0,54,heun_64_gs6,heun,64,6.0,1.5118314882770119,1.5499435966042374,1.6591061229009574,-0.0245893516156534,1.0529142618179321,6.612794876098633,True,0.0,4.110881279828914,False
6,1,54,heun_64_gs6,heun,64,6.0,1.4515998912820163,1.4866631422447125,1.7144514147208232,-0.02358520214196084,1.037649393081665,9.249966621398926,True,0.0,4.250750733589117,False
6,2,54,heun_64_gs6,heun,64,6.0,1.5049993645285074,1.5488994607017088,1.6492362078520637,-0.028342766592407115,1.035059928894043,6.9879350662231445,True,0.0,4.080576369741548,False
7,0,55,heun_64_gs6,heun,64,6.0,1.0916230946649548,1.0828750617998848,1.7373136970390721,0.008078524561960378,0.7817292809486389,7.047429084777832,True,0.0,4.355402029440621,False
7,1,55,heun_64_gs6,heun,64,6.0,1.1409755076494097,1.146782972297901,1.982384480465273,-0.005064135706700559,0.8338168263435364,7.971400260925293,True,0.0,4.948364997603131,False
7,2,55,heun_64_gs6,heun,64,6.0,0.8614829230656257,0.863367635153149,2.1668665328477417,-0.002182977435051966,0.6817525029182434,8.953611373901367,True,0.0,5.413891865966776,False
8,0,56,heun_64_gs6,heun,64,6.0,1.0472402761411737,1.048567081568137,1.9992847068126867,-0.0012653510086598665,0.7891985774040222,9.295923233032227,True,0.0,4.996313740518727,False
8,1,56,heun_64_gs6,heun,64,6.0,1.1696300531753412,1.1557402244542943,1.9191621702071964,0.012018123369742593,0.8304587602615356,7.238978385925293,True,0.0,4.815932610572605,False
8,2,56,heun_64_gs6,heun,64,6.0,0.9979776796802923,0.9782315730095537,2.130681838670199,0.02018551334234091,0.7546598315238953,8.314051628112793,True,0.0,5.356982866689009,False
9,0,57,heun_64_gs6,heun,64,6.0,0.7723596960261668,0.7863067396482761,2.3124178551954633,-0.017737407987846943,0.67848801612854,8.939826011657715,True,0.0,5.754438526006887,False
9,1,57,heun_64_gs6,heun,64,6.0,0.7925271512709151,0.7995430548575442,2.1511104664402,-0.008774891428617548,0.6117330193519592,5.137330532073975,True,0.0,5.364613828957573,False
9,2,57,heun_64_gs6,heun,64,6.0,0.7600980654723964,0.772576150262045,2.4062065057447026,-0.016151268226314613,0.6662554740905762,7.506865501403809,True,0.0,5.991289362022284,False
10,0,58,heun_64_gs6,heun,64,6.0,0.8874137792890018,0.8819612435767986,2.341713316959994,0.006182284868060108,0.7199952602386475,7.658032417297363,True,0.0,5.863556719702076,False
10,1,58,heun_64_gs6,heun,64,6.0,0.9217991379463676,0.8867809204065491,2.1676856042328074,0.03948914138666041,0.7308874130249023,7.1226372718811035,True,0.0,5.478447722662009,False
10,2,58,heun_64_gs6,heun,64,6.0,0.8654507967361731,0.8976114400576483,2.1226184951359217,-0.03582913667089438,0.7039574980735779,6.841631889343262,True,0.0,5.252802532833463,False
11,0,59,heun_64_gs6,heun,64,6.0,1.4245262711179114,1.4220571674316222,1.9473285424018802,0.001736290020875682,0.9613181352615356,9.614112854003906,True,0.0,4.870925791036014,False
11,1,59,heun_64_gs6,heun,64,6.0,1.3238928262412015,1.2667016807704319,1.8109707415156853,0.045149655903581304,0.9034144878387451,7.295470237731934,True,0.0,4.595151337644585,False
11,2,59,heun_64_gs6,heun,64,6.0,1.1288622100133008,1.2051431014213245,1.7001089900861996,-0.06329612697869501,0.9512410759925842,8.041275024414062,True,0.0,4.155328284747457,False
12,0,60,heun_64_gs6,heun,64,6.0,0.8794872321106669,0.894823058416854,2.546631662182002,-0.017138389529138525,0.6891366839408875,8.811285018920898,True,0.0,6.340871571161298,False
12,1,60,heun_64_gs6,heun,64,6.0,1.021729156726659,1.0260431644167207,2.4704483453169495,-0.004204508930644201,0.7423940896987915,7.14979362487793,True,0.0,6.169814099896407,False
12,2,60,heun_64_gs6,heun,64,6.0,0.9756811602177595,0.949140033816198,2.450780021953472,0.02796334068347578,0.7352219820022583,6.970526218414307,True,0.0,6.1688950659088935,False
13,0,61,heun_64_gs6,heun,64,6.0,1.0285652967819814,1.0340297085896402,2.105365732965569,-0.005284579069073502,0.8107941150665283,7.163675308227539,True,0.0,5.255487463810312,False
13,1,61,heun_64_gs6,heun,64,6.0,0.9174320158605572,0.924649510739677,2.45979543185347,-0.007805654701844391,0.7158467173576355,7.750640869140625,True,0.0,6.137780097580909,False
13,2,61,heun_64_gs6,heun,64,6.0,1.0827824538669821,1.0887337934913501,1.9787459183014091,-0.005466294520555212,0.8185299038887024,6.893134593963623,True,0.0,4.938665353972691,False
14,0,62,heun_64_gs6,heun,64,6.0,1.2711847113529817,1.262300224570923,2.284960339044828,0.007038330928520157,0.9096600413322449,11.06093692779541,True,0.0,5.722958344004851,False
14,1,62,heun_64_gs6,heun,64,6.0,1.2755634578962873,1.2984966735902077,2.531755270722336,-0.017661358695589754,0.9715885519981384,15.866108894348145,True,0.0,6.302896138762455,False
14,2,62,heun_64_gs6,heun,64,6.0,1.2852587512537659,1.2737623314022102,2.5734557883096807,0.009025561109696462,0.9121760725975037,9.281930923461914,True,0.0,6.4471778124387455,False
15,0,63,heun_64_gs6,heun,64,6.0,1.626236540987043,1.378945472007088,2.7811253447403446,0.1793334632925567,0.9787842631340027,8.708126068115234,True,0.0,7.221813556789696,False
15,1,63,heun_64_gs6,heun,64,6.0,1.7143847069503935,1.50557378220613,2.7450202407903146,0.1386919231891591,1.0674817562103271,11.812602996826172,True,0.0,7.070588486759525,False
15,2,63,heun_64_gs6,heun,64,6.0,1.7246242273409447,1.4875396606333136,2.5801959980705487,0.15938033209339109,1.01532781124115,8.308466911315918,True,0.0,6.689560493316458,False
16,0,64,heun_64_gs6,heun,64,6.0,1.1953869868247766,1.177928117876155,2.7353336428884822,0.014821675903181498,0.8303081393241882,10.402629852294922,True,0.0,6.860566621075978,False
16,1,64,heun_64_gs6,heun,64,6.0,1.1502864280006138,1.1888701483847353,2.4885405628811594,-0.032454107887225865,0.8119847774505615,9.120820999145508,True,0.0,6.17267024537206,False
16,2,64,heun_64_gs6,heun,64,6.0,1.145292411798565,1.0970084279696901,2.857133168137685,0.044014231939945164,0.7937117218971252,9.039814949035645,True,0.0,7.20885426825413,False
17,0,65,heun_64_gs6,heun,64,6.0,1.2313920919780115,1.125649773850982,3.06335047894383,0.09393891390026507,0.8109675049781799,9.6492338180542,True,0.0,7.799284568209973,False
17,1,65,heun_64_gs6,heun,64,6.0,1.362349710848482,1.2601163605727945,2.820402525734635,0.0811300866039989,0.8793553709983826,8.62073802947998,True,0.0,7.172701444242587,False
17,2,65,heun_64_gs6,heun,64,6.0,1.3910310164238666,1.3306107459508243,2.816182380800053,0.045407922792467866,0.9290759563446045,10.020628929138184,True,0.0,7.108567836188834,False
18,0,66,heun_64_gs6,heun,64,6.0,1.2913864314771941,1.3068729731946052,2.3331230978033104,-0.011850074120864243,0.8730558156967163,8.361566543579102,True,0.0,5.81503263332698,False
18,1,66,heun_64_gs6,heun,64,6.0,1.4471666752317593,1.4645553699315574,2.062301451227528,-0.011873019578549984,0.8946049809455872,7.552539348602295,True,0.0,5.137944098700995,False
18,2,66,heun_64_gs6,heun,64,6.0,1.5682864577081508,1.4259390466970479,2.5465518253765738,0.09982713520788693,0.9469603300094604,9.39829158782959,True,0.0,6.516120266253265,False
19,0,67,heun_64_gs6,heun,64,6.0,1.001197858432997,1.1297938299413837,1.8211422062733262,-0.11382251076449355,0.7893888354301453,8.499505996704102,True,0.0,4.382121749536576,False
19,1,67,heun_64_gs6,heun,64,6.0,1.2565537313947548,1.1985806775109438,2.5918718323323438,0.04836808609372967,0.7873907685279846,7.787807941436768,True,0.0,6.552231709971454,False
19,2,67,heun_64_gs6,heun,64,6.0,0.9984402615312213,0.96095860942749,1.841745731821884,0.03900443926093484,0.7440938353538513,7.053138732910156,True,0.0,4.662870988446112,False
20,0,68,heun_64_gs6,heun,64,6.0,1.5233128044547026,1.5332569710223594,3.0958494172094144,-0.006485648975180969,1.0205597877502441,11.334485054016113,True,0.0,7.729895069560765,False
20,1,68,heun_64_gs6,heun,64,6.0,1.6218030779294805,1.6654961627661022,3.095857517977859,-0.026234275137393456,1.0595136880874634,11.74384593963623,True,0.0,7.7002923822385565,False
20,2,68,heun_64_gs6,heun,64,6.0,1.258684860736707,1.2595817691987305,2.619310055466378,-0.0007120684633864538,1.0083377361297607,11.089155197143555,True,0.0,6.547207035970866,False
21,0,69,heun_64_gs6,heun,64,6.0,1.1337274129043164,1.1077732576221553,2.765624600274718,0.023429122222701743,0.6667186617851257,6.804511070251465,True,0.0,6.9492051840208475,False
21,1,69,heun_64_gs6,heun,64,6.0,1.1787451741818078,1.1450536120782466,2.890511113036012,0.029423567118552704,0.7275768518447876,8.36141586303711,True,0.0,7.270413133267859,False
21,2,69,heun_64_gs6,heun,64,6.0,1.321793982554329,1.2465107221896095,3.5783196828232984,0.06039519630326621,0.7675370573997498,8.021038055419922,True,0.0,9.036392001513144,False
22,0,70,heun_64_gs6,heun,64,6.0,1.4618254460124975,1.4069373520155646,3.5714704307136844,0.03901246457646189,0.9970265030860901,14.027009963989258,True,0.0,8.987194773648904,False
22,1,70,heun_64_gs6,heun,64,6.0,1.8579936861096567,1.7143964241232814,3.4939136996309212,0.08375965974276474,1.1220993995666504,11.524919509887695,True,0.0,8.860423738691452,False
22,2,70,heun_64_gs6,heun,64,6.0,1.6001159235213067,1.5245058815675938,3.4817020912947707,0.04959642489539077,1.0531373023986816,11.466644287109375,True,0.0,8.778649865580013,False
23,0,71,heun_64_gs6,heun,64,6.0,1.4250579393342668,1.4357411638484987,2.8478439582786743,-0.007440912546650403,0.9054075479507446,10.79081916809082,True,0.0,7.1084485268767095,False
23,1,71,heun_64_gs6,heun,64,6.0,1.7052288326963907,1.669355103094092,2.740977329921492,0.021489573620922336,0.9394294619560242,9.868800163269043,True,0.0,6.884677685235113,False
23,2,71,heun_64_gs6,heun,64,6.0,1.7222793461749881,1.4872072177975526,3.2694725114844423,0.1580627931223549,0.887525737285614,8.837437629699707,True,0.0,8.410775468394638,False
24,0,72,heun_64_gs6,heun,64,6.0,1.2317035011544817,1.1749628602720739,2.626916583923245,0.04829143313206909,0.6612622737884521,6.913996696472168,True,0.0,6.639728609506216,False
24,1,72,heun_64_gs6,heun,64,6.0,1.32310973331241,1.2125628976970073,2.640629730503082,0.09116791789826537,0.6944048404693604,6.148990631103516,True,0.0,6.738326203105103,False
24,2,72,heun_64_gs6,heun,64,6.0,1.2140027779072509,1.0972589019611054,2.5806285603501644,0.10639592412832795,0.6534585952758789,5.731593608856201,True,0.0,6.6111652870679025,False
25,0,73,heun_64_gs6,heun,64,6.0,0.903020222186953,0.8803154917256037,2.5970880162028136,0.02579158315040822,0.7322559952735901,10.09962272644043,True,0.0,6.531407415232647,False
25,1,73,heun_64_gs6,heun,64,6.0,1.2883256540940045,1.2111963250725477,3.465857247684212,0.06368028600155638,0.7522899508476257,8.664806365966797,True,0.0,8.760163548212864,False
25,2,73,heun_64_gs6,heun,64,6.0,1.258957818871242,1.1461948961397586,3.682998807345252,0.09838023369974216,0.6884377598762512,8.84950065612793,True,0.0,9.355067368912742,False
26,0,74,heun_64_gs6,heun,64,6.0,1.1639412629785009,1.1871764891143697,3.3122866211989557,-0.01957183801498954,0.7603467106819153,9.962870597839355,True,0.0,8.251358795974905,False
26,1,74,heun_64_gs6,heun,64,6.0,1.241739275983622,1.2257646495943721,3.4501843792397238,0.013032376373566076,0.8182690739631653,11.321695327758789,True,0.0,8.645009512659659,False
26,2,74,heun_64_gs6,heun,64,6.0,1.345182029724835,1.358181825801627,3.6516605563026405,-0.009571469544149277,0.8109089732170105,11.652650833129883,True,0.0,9.114794186440376,False
27,0,75,heun_64_gs6,heun,64,6.0,1.6685832724885648,1.5554853664085804,3.1757603549290594,0.07270907704777861,0.9285436272621155,9.759432792663574,True,0.0,8.048464502894316,False
27,1,75,heun_64_gs6,heun,64,6.0,2.151174303345105,1.6622327882839563,3.7400759185533246,0.29414743564554785,0.9583251476287842,8.993239402770996,True,0.0,9.791410949851633,False
27,2,75,heun_64_gs6,heun,64,6.0,1.6086389896933002,1.4074260331731687,3.5580316663061122,0.14296520765416473,0.812367856502533,9.283943176269531,True,0.0,9.109526977246528,False
28,0,76,heun_64_gs6,heun,64,6.0,1.1133126008273824,1.1099884495281842,3.224728799425479,0.0029947620361847186,0.6012044548988342,8.031246185302734,True,0.0,8.066314141617974,False
28,1,76,heun_64_gs6,heun,64,6.0,1.093103078350068,1.0901171888475363,2.6295388992937427,0.0027390536592655423,0.5966989994049072,6.756160259246826,True,0.0,6.577955828723255,False
28,2,76,heun_64_gs6,heun,64,6.0,1.2132107747420977,1.1919251659514585,3.2880037873907244,0.017858175345317227,0.6493971347808838,7.031764030456543,True,0.0,8.246796731494786,False
29,0,77,heun_64_gs6,heun,64,6.0,1.5317247849028641,1.4960081209454326,3.2434721689206247,0.02387464561095647,0.8355532288551331,10.879772186279297,True,0.0,8.144492390717996,False
29,1,77,heun_64_gs6,heun,64,6.0,0.7335659649550543,1.809266068185983,1.4003066596252582,-0.5945505286372547,0.8323928117752075,10.219892501831055,True,0.0,2.608940856107264,False
29,2,77,heun_64_gs6,heun,64,6.0,0.8195553431082481,1.7094687951913454,1.780100037049765,-0.5205789362055583,0.8570728898048401,11.057717323303223,True,0.0,3.6693816883160753,False
30,0,78,heun_64_gs6,heun,64,6.0,1.9025227150103259,1.6393769909829257,3.9880609266648843,0.16051568606222075,0.9778965711593628,12.122302055358887,True,0.0,10.210925845755543,False
30,1,78,heun_64_gs6,heun,64,6.0,1.593276473979866,1.4226389449446688,4.212296498190128,0.11994436708070728,0.8672181963920593,10.493213653564453,True,0.0,10.71065779609638,False
30,2,78,heun_64_gs6,heun,64,6.0,1.8415853882326882,1.4570718264038864,4.495534404374808,0.2638947183124459,0.9184018969535828,11.340963363647461,True,0.0,11.634678088405689,False
31,0,79,heun_64_gs6,heun,64,6.0,1.3259374917411992,1.3245216980772188,2.9430532935305873,0.0010689093695835,0.7156476974487305,8.520489692687988,True,0.0,7.359236597880844,False
31,1,79,heun_64_gs6,heun,64,6.0,1.1289821650618177,1.1972002552022158,3.2450197608335714,-0.0569813523461554,0.6581634283065796,7.189650535583496,True,0.0,8.027077373564696,False
31,2,79,heun_64_gs6,heun,64,6.0,1.3399664388433468,1.3239664915947873,3.951659113919604,0.012084858060446914,0.684965968132019,8.019508361816406,True,0.0,9.89727507188968,False
32,0,80,heun_64_gs6,heun,64,6.0,1.3021494600326309,1.1526931432244634,3.018521923989927,0.1296583712587247,0.6871250867843628,9.465594291687012,True,0.0,7.740792366862904,False
32,1,80,heun_64_gs6,heun,64,6.0,0.7320347349349953,0.7860710918367392,2.425925155451931,-0.06874232722139534,0.5165501832962036,8.09520435333252,True,0.0,5.9616993977977355,False
32,2,80,heun_64_gs6,heun,64,6.0,1.0311540645959205,0.9793197344936301,3.480097219453719,0.05292891355835171,0.6354716420173645,10.147870063781738,True,0.0,8.779636418971824,False
33,0,81,heun_64_gs6,heun,64,6.0,1.5379639896130497,1.3244139492449694,3.5104065256406685,0.1612411579305781,0.7240266799926758,8.50253677368164,True,0.0,9.017878050997538,False
33,1,81,heun_64_gs6,heun,64,6.0,1.3980149396782993,1.2283282120744423,3.6733895517779795,0.13814445077007534,0.618999183177948,7.552628517150879,True,0.0,9.390690555600061,False
33,2,81,heun_64_gs6,heun,64,6.0,1.2869353756955382,1.0989118381319967,4.605679798005555,0.17109974551931206,0.6353111267089844,9.196274757385254,True,0.0,11.770849113292856,False
34,0,82,heun_64_gs6,heun,64,6.0,1.802621053306856,1.4033179080719866,4.493861817109377,0.2845421839859856,0.8301687240600586,9.474115371704102,True,0.0,11.66146781875242,False
34,1,82,heun_64_gs6,heun,64,6.0,1.6280222909780677,1.211304182904911,4.2511714500674405,0.34402432561039586,0.7046221494674683,8.033856391906738,True,0.0,11.143965113584194,False
34,2,82,heun_64_gs6,heun,64,6.0,1.810200902565757,1.413992014916029,4.163579984358586,0.2802058856543107,0.8325830698013306,10.271371841430664,True,0.0,10.829258789377931,False
35,0,83,heun_64_gs6,heun,64,6.0,0.4504222989089669,0.536562748820424,1.1483416234013044,-0.1605412386443436,0.7072921395301819,8.893354415893555,True,0.0,2.6300422005367454,False
35,1,83,heun_64_gs6,heun,64,6.0,1.5936617974023914,1.2934745319357388,3.740124767097922,0.2320782170303946,0.7854251861572266,10.063313484191895,True,0.0,9.698429243290397,False
35,2,83,heun_64_gs6,heun,64,6.0,1.1065475433726446,0.961937144377991,2.562494453031863,0.15033248101136262,0.8058632612228394,9.682530403137207,True,0.0,6.6317348540967025,False
36,0,48,heun_64_gs6,heun,64,6.0,1.008435987690359,1.0271401614390858,1.9832587510639574,-0.018209952515556967,0.7532635927200317,6.695820331573486,True,0.0,4.930831948886558,False
36,1,48,heun_64_gs6,heun,64,6.0,0.9465157337800341,0.9662911640360428,1.9648861689966244,-0.020465291195209727,0.7057524919509888,6.904515743255615,True,0.0,4.881517485698746,False
36,2,48,heun_64_gs6,heun,64,6.0,1.1613963662668887,1.1762840709278437,1.585538054665027,-0.012656555420873936,0.7933056354522705,7.377718925476074,True,0.0,3.944860303531257,False
37,0,49,heun_64_gs6,heun,64,6.0,1.1541492523603707,1.161861509225121,2.044451917870835,-0.006637845162385469,0.8557636737823486,7.5663533210754395,True,0.0,5.101173026933509,False
37,1,49,heun_64_gs6,heun,64,6.0,0.9579701511254229,0.9667890984189419,2.193133046048178,-0.009121893509889862,0.7392367720603943,7.9367570877075195,True,0.0,5.469149774855611,False
37,2,49,heun_64_gs6,heun,64,6.0,0.9624981858938164,0.9934751456485811,2.254203005664977,-0.031180407057629582,0.7650133371353149,7.850022792816162,True,0.0,5.588736903575998,False
38,0,50,heun_64_gs6,heun,64,6.0,1.0649232686691743,1.1307290907968086,2.074742191206034,-0.05819769039397844,0.8470243215560913,7.574012279510498,True,0.0,5.099558942424118,False
38,1,50,heun_64_gs6,heun,64,6.0,0.9763658195492962,1.0374848613224394,2.138094635867604,-0.05891077880994763,0.8055461645126343,6.853368759155273,True,0.0,5.256870421454089,False
38,2,50,heun_64_gs6,heun,64,6.0,1.006159345425771,1.0787715517481948,2.1245677532988654,-0.06731008574674771,0.8262267112731934,7.497130393981934,True,0.0,5.2104542546270425,False
39,0,51,heun_64_gs6,heun,64,6.0,1.1669129365822095,1.2543782549288347,2.177249150171837,-0.06972802446603889,0.9665825366973877,10.00154972076416,True,0.0,5.338530838730534,False
39,1,51,heun_64_gs6,heun,64,6.0,1.1605782482264562,1.2220282173517913,2.0568624164381717,-0.050285228892380796,0.9152469038963318,9.350635528564453,True,0.0,5.066728197756858,False
39,2,51,heun_64_gs6,heun,64,6.0,1.196644185483194,1.2467577014183817,2.053460794130011,-0.04019507196644952,0.9779832363128662,10.271434783935547,True,0.0,5.073359377375353,False
40,0,52,heun_64_gs6,heun,64,6.0,1.1888720101214751,1.2004666932155938,1.8517776811147963,-0.009658479542215508,0.8710826635360718,8.18355941772461,True,0.0,4.614956483473668,False
40,1,52,heun_64_gs6,heun,64,6.0,1.1637421845714948,1.1694078186859471,1.7843515912742103,-0.004844874453097114,0.8403165340423584,7.279844760894775,True,0.0,4.45361166650588,False
40,2,52,heun_64_gs6,heun,64,6.0,1.0978692803097534,1.1083264542358566,1.999717695188613,-0.009435102619617594,0.8583247661590576,9.7608642578125,True,0.0,4.985141584042107,False
41,0,53,heun_64_gs6,heun,64,6.0,0.9007133921443456,0.9264510518044411,1.7121656625439297,-0.0277809165763882,0.6825689077377319,5.692330837249756,True,0.0,4.238742781495242,False
41,1,53,heun_64_gs6,heun,64,6.0,1.0548537044798711,1.0797603162195515,1.8667314315314025,-0.023066796524079725,0.7722282409667969,8.174824714660645,True,0.0,4.632228384042387,False
41,2,53,heun_64_gs6,heun,64,6.0,1.072383969919606,1.1002475054629328,1.8212621895638648,-0.02532478842417844,0.7909975051879883,7.274383068084717,True,0.0,4.515168291273394,False
42,0,54,heun_64_gs6,heun,64,6.0,1.4817047011028732,1.5112538083888027,1.7346051409705747,-0.01955270976084798,1.0216807126998901,8.601072311401367,True,0.0,4.307183787785165,False
42,1,54,heun_64_gs6,heun,64,6.0,1.5080791918786027,1.5354435755241205,1.6729099901227644,-0.017821809868824954,1.038367748260498,8.66985034942627,True,0.0,4.155542260503674,False
42,2,54,heun_64_gs6,heun,64,6.0,1.4851509576293471,1.5396152036977948,1.8305462488804385,-0.03537523245021549,1.0369192361831665,7.653533458709717,True,0.0,4.5233027735257725,False
43,0,55,heun_64_gs6,heun,64,6.0,1.1469586540959427,1.139919006758662,1.7462063181120484,0.006175567942798068,0.8014420866966248,6.5417399406433105,True,0.0,4.374779147194318,False
43,1,55,heun_64_gs6,heun,64,6.0,1.0764191936400411,1.0802325116132447,1.9002718353734231,-0.003530089954622652,0.7900752425193787,6.6537699699401855,True,0.0,4.745384453501623,False
43,2,55,heun_64_gs6,heun,64,6.0,0.9964239434031781,0.9902153506627197,1.917234122946387,0.006269941860226405,0.7213501930236816,7.8889360427856445,True,0.0,4.802490220156306,False
44,0,56,heun_64_gs6,heun,64,6.0,1.0516677945401431,1.028212952971882,2.1638304464833387,0.022811268105849172,0.8058618903160095,8.367642402648926,True,0.0,5.443793018367121,False
44,1,56,heun_64_gs6,heun,64,6.0,1.0446082647698034,1.0182417492065186,2.122465145396768,0.025894160522184222,0.7939026355743408,6.601779937744141,True,0.0,5.345004104275197,False
44,2,56,heun_64_gs6,heun,64,6.0,1.071701047887741,1.0552242406450687,1.9552663009691118,0.015614507752830518,0.7846160531044006,5.656045913696289,True,0.0,4.911587514052025,False
45,0,57,heun_64_gs6,heun,64,6.0,0.8799750945095822,0.8824640800064251,2.236625627228578,-0.0028204949357482885,0.694083571434021,7.025296211242676,True,0.0,5.587333325667823,False
45,1,57,heun_64_gs6,heun,64,6.0,0.8028958712214292,0.8193550173976287,2.5531875386211627,-0.020087929683516716,0.7377144694328308,8.513401985168457,True,0.0,6.352836952027632,False
45,2,57,heun_64_gs6,heun,64,6.0,0.8332160646484856,0.8384117334696058,2.2482187743571194,-0.0061970372690856364,0.6924108266830444,7.487228870391846,True,0.0,5.61125137998917,False
46,0,58,heun_64_gs6,heun,64,6.0,0.9317442356057315,0.9191521867787332,2.087725448741326,0.013699634153221247,0.7772175073623657,7.488953113555908,True,0.0,5.239863073083147,False
46,1,58,heun_64_gs6,heun,64,6.0,0.9939256275739762,1.006218487327874,2.4654225484263557,-0.012216889061911285,0.815746009349823,8.53507137298584,True,0.0,6.145231037473022,False
46,2,58,heun_64_gs6,heun,64,6.0,0.8875851720643357,0.8816261831707259,2.4871120311931656,0.0067590878535250636,0.7349406480789185,6.809883117675781,True,0.0,6.227918709763201,False
47,0,59,heun_64_gs6,heun,64,6.0,1.3368632917292282,1.3178769331069047,2.0070474774941007,0.014406776536785812,0.9258555769920349,8.669595718383789,True,0.0,5.03922885854043,False
47,1,59,heun_64_gs6,heun,64,6.0,1.3367182354751188,1.336351982246777,1.8015438292232624,0.00027406942966122613,0.9230854511260986,7.433399200439453,True,0.0,4.504270677202648,False
47,2,59,heun_64_gs6,heun,64,6.0,1.5126563020661101,1.4580893501877068,1.9003023178259437,0.03742359924454744,0.9875366687774658,8.623712539672852,True,0.0,4.80689119343168,False
48,0,60,heun_64_gs6,heun,64,6.0,0.9882634448134094,0.9771841334190525,2.3804246709292407,0.011337997519681097,0.7182151079177856,8.152070045471191,True,0.0,5.968068673602623,False
48,1,60,heun_64_gs6,heun,64,6.0,0.8903181235028277,0.9176177990855418,2.5846544140345924,-0.029750594760055652,0.7298856973648071,9.308438301086426,True,0.0,6.417010142946397,False
48,2,60,heun_64_gs6,heun,64,6.0,0.984416865989421,0.9734309429331585,2.419086022181794,0.011285775352796817,0.7198033928871155,6.765668869018555,True,0.0,6.06464371848368,False
49,0,61,heun_64_gs6,heun,64,6.0,1.0354069275637217,1.0210059412175476,2.445282493128515,0.01410470362978873,0.7425493597984314,6.120639801025391,True,0.0,6.134363288265971,False
49,1,61,heun_64_gs6,heun,64,6.0,1.1039666546066826,1.0756441061217272,2.4153956090533772,0.026330779911736383,0.7867945432662964,7.719964504241943,True,0.0,6.077985192501047,False
49,2,61,heun_64_gs6,heun,64,6.0,1.0025009327542547,0.9549070768833192,2.549479576148358,0.04984134741975266,0.7437332272529602,7.688723564147949,True,0.0,6.448460961500524,False
50,0,62,heun_64_gs6,heun,64,6.0,1.176536859401263,1.180630954198924,2.2981647219854158,-0.003467717620330905,0.9474690556526184,11.357728004455566,True,0.0,5.7402102285330425,False
50,1,62,heun_64_gs6,heun,64,6.0,1.3332361914387048,1.3393137959106376,2.7201732100185017,-0.004537849490620687,0.9811296463012695,13.934942245483398,True,0.0,6.7936262508103225,False
50,2,62,heun_64_gs6,heun,64,6.0,1.2643899212817198,1.2543872703399364,2.706887878024208,0.007974132948057903,0.921737015247345,10.907423973083496,True,0.0,6.779180894482607,False
51,0,63,heun_64_gs6,heun,64,6.0,1.4758507854631886,1.358760371528217,2.5761495944420956,0.08617443923650343,0.9411250352859497,8.368565559387207,True,0.0,6.569635644959995,False
51,1,63,heun_64_gs6,heun,64,6.0,1.6911702280748995,1.4468831533458124,2.6437370294022875,0.1688367664491934,1.0097472667694092,10.634366035461426,True,0.0,6.862597723179509,False
51,2,63,heun_64_gs6,heun,64,6.0,1.5727127227831597,1.4111038584055178,2.709683748830991,0.11452655470376709,0.979486882686615,8.912227630615234,True,0.0,6.945999204133128,False
52,0,64,heun_64_gs6,heun,64,6.0,1.1370473981289249,1.0695310954301094,2.759643254469247,0.06312701178678105,0.7744981646537781,10.504950523376465,True,0.0,6.993798653853289,False
52,1,64,heun_64_gs6,heun,64,6.0,1.2227335837486635,1.1500354793940635,2.8151290507258375,0.06321379211775764,0.835660457611084,9.235285758972168,True,0.0,7.132643314991229,False
52,2,64,heun_64_gs6,heun,64,6.0,1.377008408718995,1.2408954342287015,2.6169728835576205,0.10968931759991817,0.8573920130729675,10.678569793701172,True,0.0,6.706966185293928,False
53,0,65,heun_64_gs6,heun,64,6.0,1.2526053192887754,1.149293822974472,2.852607912255005,0.08989128223800198,0.8159291744232178,9.944640159606934,True,0.0,7.266356703994516,False
53,1,65,heun_64_gs6,heun,64,6.0,1.4227600943387448,1.2806660814530177,2.407510420041124,0.11095320929791318,0.9019209146499634,9.565086364746094,True,0.0,6.18520586404968,False
53,2,65,heun_64_gs6,heun,64,6.0,1.2863318557968255,1.1920678593792642,2.7247953187400777,0.07907603152381472,0.8421030640602112,9.487241744995117,True,0.0,6.930602344135917,False
54,0,66,heun_64_gs6,heun,64,6.0,1.28922885413113,1.2750840827807592,2.647722231342395,0.011093206660215883,0.8685151934623718,8.160569190979004,True,0.0,6.635945388346312,False
54,1,66,heun_64_gs6,heun,64,6.0,1.3785806219164793,1.4136625079453753,2.3337637333777432,-0.02481630911448664,0.8924024701118469,8.536138534545898,True,0.0,5.797184869772629,False
54,2,66,heun_64_gs6,heun,64,6.0,1.1217998124877482,1.3686614963743289,2.0303128632126994,-0.18036722939664823,0.8589443564414978,8.608141899108887,True,0.0,4.805231313936776,False
55,0,67,heun_64_gs6,heun,64,6.0,0.9852107501764359,1.0300810005588392,3.0521025162345534,-0.04355992385303787,0.7563004493713379,8.659847259521484,True,0.0,7.5649164048068265,False
55,1,67,heun_64_gs6,heun,64,6.0,1.2269965771061662,1.1920081934051727,2.533414637444274,0.029352468884897953,0.7809028625488281,9.193575859069824,True,0.0,6.377565296938031,False
55,2,67,heun_64_gs6,heun,64,6.0,1.2163776872943757,1.1511617466184307,2.2402068430604896,0.05665228218449383,0.7438638806343079,8.016866683959961,True,0.0,5.685495530927964,False
56,0,68,heun_64_gs6,heun,64,6.0,1.4594750280317268,1.4775318988445936,3.252715136664893,-0.012220968430378579,1.0241202116012573,12.842384338378906,True,0.0,8.113456389016665,False
56,1,68,heun_64_gs6,heun,64,6.0,1.6108985117728378,1.6486841932684917,3.1994876051315235,-0.02291868959546305,1.0614019632339478,11.509589195251465,True,0.0,7.964340978435614,False
56,2,68,heun_64_gs6,heun,64,6.0,1.3311335273555003,1.4106160831834107,2.951023875306379,-0.056345986843619515,0.9273580312728882,9.718826293945312,True,0.0,7.293040708000519,False
57,0,69,heun_64_gs6,heun,64,6.0,1.1883393307241816,1.3259761709384599,2.833495055314118,-0.10380038660789952,0.7998307347297668,8.44041919708252,True,0.0,6.9280370583734445,False
57,1,69,heun_64_gs6,heun,64,6.0,1.3879264573593009,1.4078478816680693,2.933522825775135,-0.014150267530084372,0.8347158432006836,11.014304161071777,True,0.0,7.312581663142711,False
57,2,69,heun_64_gs6,heun,64,6.0,1.1092300860012818,1.0799810897900923,2.918479230601642,0.027082877854875783,0.6843162775039673,7.575529098510742,True,0.0,7.336822393286418,False
58,0,70,heun_64_gs6,heun,64,6.0,1.5763191798714336,1.5259451824797687,3.339255214574986,0.033011668859353666,1.0266785621643066,10.757854461669922,True,0.0,8.397655539726495,False
58,1,70,heun_64_gs6,heun,64,6.0,1.471519172675516,1.6371093075637762,3.1526182717940974,-0.10114787883235503,1.0819967985153198,13.471444129943848,True,0.0,7.729823861236711,False
58,2,70,heun_64_gs6,heun,64,6.0,1.4633735489409483,1.3964057492814288,3.3395900510621597,0.047957264007547636,1.009650707244873,12.211398124694824,True,0.0,8.42091102366672,False
59,0,71,heun_64_gs6,heun,64,6.0,1.6795308132994589,1.4432561789399538,2.7118165088515496,0.16370942052432463,0.9264920949935913,7.847980976104736,True,0.0,7.0251054029153615,False
59,1,71,heun_64_gs6,heun,64,6.0,1.7753589736627646,1.4336707619789248,2.9632891083634454,0.2383310159920472,0.893865704536438,7.672317028045654,True,0.0,7.765719294896685,False
59,2,71,heun_64_gs6,heun,64,6.0,1.5996899290378563,1.3831906961162663,2.662429434896332,0.15652160758763212,0.953403651714325,9.874367713928223,True,0.0,6.890855998622278,False
60,0,72,heun_64_gs6,heun,64,6.0,1.3022983711936404,1.1724612691135716,2.772407033554625,0.11073892536411177,0.6828534603118896,6.474170207977295,True,0.0,7.097125971932731,False
60,1,72,heun_64_gs6,heun,64,6.0,1.389894222303473,1.2224407293338793,2.955335746235794,0.13698291261205908,0.6945838332176208,6.413297653198242,True,0.0,7.593813734507573,False
60,2,72,heun_64_gs6,heun,64,6.0,1.2063730823070382,1.0713437079873904,2.5159528391224484,0.1260373977581274,0.6556618213653564,5.73736572265625,True,0.0,6.478938194443312,False
61,0,73,heun_64_gs6,heun,64,6.0,1.2452436916494232,1.189751886517311,3.4434992183071045,0.04664149331852304,0.7317706942558289,9.332249641418457,True,0.0,8.678710285745545,False
61,1,73,heun_64_gs6,heun,64,6.0,1.0765229856591472,1.0590682696877263,2.4562498644827997,0.016481199849142442,0.6616442203521729,7.598713397979736,True,0.0,6.165346460980713,False
61,2,73,heun_64_gs6,heun,64,6.0,1.6866686763224537,1.4279399451962709,3.167143905573214,0.18119020354089077,0.8464877605438232,8.340230941772461,True,0.0,8.18964506924437,False
62,0,74,heun_64_gs6,heun,64,6.0,1.6058230973689498,1.530367768956064,3.886542745464193,0.04930535617023868,0.9022711515426636,10.051730155944824,True,0.0,9.790314897915842,False
62,1,74,heun_64_gs6,heun,64,6.0,1.6031694427760965,1.509500897873267,3.854127604871767,0.06205265887173202,0.9049227237701416,10.128189086914062,True,0.0,9.728398000487015,False
62,2,74,heun_64_gs6,heun,64,6.0,1.336438877685956,1.3362965300764105,3.5336530758166833,0.00010652396775443064,0.8234742879867554,9.754634857177734,True,0.0,8.834292475493339,False
63,0,75,heun_64_gs6,heun,64,6.0,1.8398504514367315,1.587843026529895,3.288408929170281,0.15871053946086427,0.957378625869751,10.686609268188477,True,0.0,8.459088132117,False
63,1,75,heun_64_gs6,heun,64,6.0,1.682641365839231,1.4294504592418187,3.778860390799274,0.17712464478164458,0.9046123027801514,13.894301414489746,True,0.0,9.712837944170653,False
63,2,75,heun_64_gs6,heun,64,6.0,1.211055887079079,1.300890804781761,2.833578223163643,-0.06905646245011934,0.7819376587867737,11.16939926147461,True,0.0,6.980360864233928,False
64,0,76,heun_64_gs6,heun,64,6.0,1.1859443515120218,1.196993411900097,3.2926070317725458,-0.009230677617706445,0.6110670566558838,6.609825134277344,True,0.0,8.217671563004807,False
64,1,76,heun_64_gs6,heun,64,6.0,1.3429525185846574,1.2914801439626042,3.3036684449095635,0.039855335340711354,0.6613767147064209,6.564333438873291,True,0.0,8.318954115284974,False
64,2,76,heun_64_gs6,heun,64,6.0,1.1185639163548624,1.1846375099459439,2.9159719809681897,-0.05577536797424452,0.6271927356719971,6.986127853393555,True,0.0,7.206266900459108,False
65,0,77,heun_64_gs6,heun,64,6.0,1.770248812003252,1.4623062143210714,4.045653187235091,0.21058694311798754,0.8760644793510437,14.137423515319824,True,0.0,10.430013382764708,False
65,1,77,heun_64_gs6,heun,64,6.0,1.3358814811526332,1.3405317249124438,3.616675767039425,-0.0034689546235280515,0.7895491719245911,10.783748626708984,True,0.0,9.03648598566327,False
65,2,77,heun_64_gs6,heun,64,6.0,1.740110578483029,1.578940779877153,3.9643391798096066,0.1020746310686011,0.8591004014015198,10.700392723083496,True,0.0,10.063959896126919,False
66,0,78,heun_64_gs6,heun,64,6.0,1.671932585121775,1.4136497987150358,3.6764448532385785,0.18270634269848648,0.9094130396842957,11.797125816345215,True,0.0,9.465171647144176,False
66,1,78,heun_64_gs6,heun,64,6.0,1.7317073819416888,1.5984461515775301,3.2547822898538654,0.08336923292595681,0.9599118828773499,10.290176391601562,True,0.0,8.2620095740236,False
66,2,78,heun_64_gs6,heun,64,6.0,1.4256339178777628,1.1553271266997551,2.9560423323873004,0.23396558653521413,0.8913242220878601,10.990105628967285,True,0.0,7.741054210771072,False
67,0,79,heun_64_gs6,heun,64,6.0,1.2437081742691667,1.3336685395760568,3.4950546112634724,-0.06745331539495814,0.6919627785682678,8.51417350769043,True,0.0,8.636456555066244,False
67,1,79,heun_64_gs6,heun,64,6.0,1.132162008856322,1.1881990402438942,2.9678749901503982,-0.04716131642763882,0.6608526706695557,7.680938720703125,True,0.0,7.348945500734538,False
67,2,79,heun_64_gs6,heun,64,6.0,1.1944942554302713,1.1346767258304384,3.563136175602092,0.05271768399838928,0.6106653809547424,8.110319137573242,True,0.0,8.986916965002814,False
68,0,80,heun_64_gs6,heun,64,6.0,1.3365521719966853,1.2973748727497423,3.2217382972372883,0.030197362202594873,0.6673147678375244,7.666026592254639,True,0.0,8.099641786397113,False
68,1,80,heun_64_gs6,heun,64,6.0,0.8613489215742202,0.8412337299753583,2.49988154338488,0.023911536880880577,0.5580998063087463,7.7258405685424805,True,0.0,6.285571163783521,False
68,2,80,heun_64_gs6,heun,64,6.0,0.9722365551633851,0.7976102330858551,2.966730444537391,0.2189369100902246,0.529285192489624,7.578208923339844,True,0.0,7.745231476478814,False
69,0,81,heun_64_gs6,heun,64,6.0,1.8220957724798497,1.4097555552424228,4.06154527285495,0.29249057595776934,0.8036665320396423,10.121989250183105,True,0.0,10.592599046074028,False
69,1,81,heun_64_gs6,heun,64,6.0,1.3103079922970002,1.3830304487767249,2.8895591700049015,-0.05258196304949556,0.6926069855690002,8.704795837402344,True,0.0,7.14502498043801,False
69,2,81,heun_64_gs6,heun,64,6.0,1.3799120480554177,1.6107763541698743,3.2036761197089954,-0.14332486572922512,0.7289751768112183,10.441482543945312,True,0.0,7.7942030006786505,False
70,0,82,heun_64_gs6,heun,64,6.0,1.7965581164634037,1.3830384101182578,3.864619886660534,0.2989936507402214,0.8106161952018738,10.338699340820312,True,0.0,10.110040192761666,False
70,1,82,heun_64_gs6,heun,64,6.0,1.690834777714742,1.2547001168469536,4.2092484434219815,0.3476007147331608,0.794508159160614,10.861143112182617,True,0.0,11.044522180654694,False
70,2,82,heun_64_gs6,heun,64,6.0,1.5219465007081043,1.211913575748102,4.0388734482072,0.25582098311788626,0.6977202892303467,8.86967658996582,True,0.0,10.480915095194828,False
71,0,83,heun_64_gs6,heun,64,6.0,0.5479632751100291,1.1297094402154666,1.0087302379114607,-0.5149520215082583,0.8971027731895447,9.591164588928223,True,0.0,1.7493975625162645,False
71,1,83,heun_64_gs6,heun,64,6.0,1.6244357570280767,1.53773718934394,3.9533046329708275,0.056380614139480936,0.7941250205039978,10.143119812011719,True,0.0,9.967832503636291,False
71,2,83,heun_64_gs6,heun,64,6.0,0.7234210783768751,0.8885017354466511,1.9603716749085367,-0.18579666040699755,0.8244748711585999,11.449212074279785,True,0.0,4.622234196660846,False
72,0,48,heun_64_gs6,heun,64,6.0,0.9969850659092556,1.0217326646260527,1.9919495542744179,-0.024221207103760835,0.7365342378616333,6.5893235206604,True,0.0,4.943542075030404,False
72,1,48,heun_64_gs6,heun,64,6.0,0.869019963801632,0.8819061959639443,2.2836425194830547,-0.014611794400774468,0.6967078447341919,7.545756816864014,True,0.0,5.687188607106475,False
72,2,48,heun_64_gs6,heun,64,6.0,1.166055743513908,1.1979348793317175,1.8575277903084453,-0.026611743344075737,0.8378002643585205,5.987610340118408,True,0.0,4.603901860754999,False
73,0,49,heun_64_gs6,heun,64,6.0,1.0034628738754356,1.0079293340640305,2.237101212917599,-0.004431322706198668,0.7748314738273621,7.221198081970215,True,0.0,5.5861060482347,False
73,1,49,heun_64_gs6,heun,64,6.0,1.260317506985231,1.2586979690167595,1.8516987799330578,0.0012866771818738426,0.8785538077354431,6.899096488952637,True,0.0,4.631176965605455,False
73,2,49,heun_64_gs6,heun,64,6.0,1.13844433008536,1.142718790539916,1.9479521592322673,-0.003740605696289006,0.8256370425224304,8.267693519592285,True,0.0,4.864269489536235,False
74,0,50,heun_64_gs6,heun,64,6.0,1.0729971158898592,1.1423528392432687,2.0802669337659125,-0.060713047986314314,0.8682523369789124,7.2010087966918945,True,0.0,5.1095977624353095,False
74,1,50,heun_64_gs6,heun,64,6.0,0.9031680143973775,0.9683179432958704,2.2007015589023475,-0.06728154598057555,0.7697678208351135,6.50855827331543,True,0.0,5.400831578285005,False
74,2,50,heun_64_gs6,heun,64,6.0,1.0858436889751595,1.1505722144712367,2.08603528555049,-0.05625768128187191,0.8689473271369934,8.753861427307129,True,0.0,5.130701691953417,False
75,0,51,heun_64_gs6,heun,64,6.0,1.2676624333393403,1.3257073636420742,1.9102825500361464,-0.043784119675874575,0.9696244597434998,9.572332382202148,True,0.0,4.710030195576555,False
75,1,51,heun_64_gs6,heun,64,6.0,1.1801207009916876,1.251055711158036,1.9816010925853733,-0.056700120519562164,0.9394626617431641,9.274356842041016,True,0.0,4.86895255068409,False
75,2,51,heun_64_gs6,heun,64,6.0,1.2153885344336295,1.2680331990081912,2.029274253750865,-0.04151678694262152,0.9277195930480957,7.241543769836426,True,0.0,5.01091045396323,False
76,0,52,heun_64_gs6,heun,64,6.0,1.1291399773679687,1.1324755765842769,1.8435161995467877,-0.0029454049657431504,0.8252124190330505,8.845959663391113,True,0.0,4.604372391418354,False
76,1,52,heun_64_gs6,heun,64,6.0,1.196428140960019,1.2093314341134098,1.8520382369044475,-0.01066977396163754,0.8907142877578735,8.156286239624023,True,0.0,4.614090931318663,False
76,2,52,heun_64_gs6,heun,64,6.0,1.2411740023796847,1.2440521909487714,1.7464724314347455,-0.0023135593240313284,0.8832203149795532,7.160172462463379,True,0.0,4.362710739600817,False
77,0,53,heun_64_gs6,heun,64,6.0,1.0565114038052152,1.0802488536346229,1.7837334622806802,-0.021974056746091094,0.7700445652008057,6.184452056884766,True,0.0,4.426372570582563,False
77,1,53,heun_64_gs6,heun,64,6.0,0.9258787008613043,0.9517517536099049,1.9843932465082248,-0.027184664886216313,0.7099226117134094,8.200095176696777,True,0.0,4.920206118941238,False
77,2,53,heun_64_gs6,heun,64,6.0,1.1610650508915565,1.1975354043390465,1.8150331792914587,-0.03045450932874412,0.8591591119766235,7.227916240692139,True,0.0,4.49190118423553,False
78,0,54,heun_64_gs6,heun,64,6.0,1.419611591843436,1.444818632016906,1.6912413836218927,-0.017446508122488037,0.9986380338668823,7.511499881744385,True,0.0,4.2019336968709995,False
78,1,54,heun_64_gs6,heun,64,6.0,1.4911198315042533,1.5259423936313803,1.6406277052810365,-0.022820364677105475,1.0147722959518433,8.881133079528809,True,0.0,4.067338716186933,False
78,2,54,heun_64_gs6,heun,64,6.0,1.4927971309879136,1.5403541495140292,1.6312703171859546,-0.03087408063423512,1.0173346996307373,7.478247165679932,True,0.0,4.031864672013534,False
79,0,55,heun_64_gs6,heun,64,6.0,0.9151167530413983,0.917784905007746,2.1048122679335886,-0.0029071647645518475,0.6864535808563232,7.155810832977295,True,0.0,5.2576699226871435,False
79,1,55,heun_64_gs6,heun,64,6.0,0.9956046198692248,0.9984020320723291,1.9417055478080134,-0.00280188950465078,0.7273097634315491,7.547758102416992,True,0.0,4.8500610352630575,False
79,2,55,heun_64_gs6,heun,64,6.0,1.014550708647261,1.0097553677574838,2.0446948224853245,0.004749012479068857,0.7599658966064453,7.629905700683594,True,0.0,5.118860574931914,False
80,0,56,heun_64_gs6,heun,64,6.0,1.242989202610424,1.2723054752964484,1.5545545208992124,-0.02304185042414859,0.8724054098129272,6.472686767578125,True,0.0,3.851823526611808,False
80,1,56,heun_64_gs6,heun,64,6.0,0.9779630586802825,0.981640435057365,2.274028105783963,-0.0037461540990882183,0.7683663964271545,8.068093299865723,True,0.0,5.679451033311275,False
80,2,56,heun_64_gs6,heun,64,6.0,1.0775118031869504,1.0564633444421987,2.0367732641096845,0.01992351050914119,0.7904273271560669,7.347861289978027,True,0.0,5.1218184260379225,False
81,0,57,heun_64_gs6,heun,64,6.0,0.8402962578622583,0.8456131412291417,2.543054610846577,-0.0062876072340585605,0.7392218112945557,8.135838508605957,True,0.0,6.348205116265355,False
81,1,57,heun_64_gs6,heun,64,6.0,0.8806712175611547,0.8732561391297767,2.079123908836098,0.008491298273441686,0.6781063079833984,6.582975387573242,True,0.0,5.210546719500408,False
81,2,57,heun_64_gs6,heun,64,6.0,0.8492308476433823,0.8556162592758872,2.401519512821397,-0.007462938541256296,0.7460265755653381,8.986191749572754,True,0.0,5.9926043742416075,False
82,0,58,heun_64_gs6,heun,64,6.0,0.9283465583545145,0.9109387697601109,2.2847550898908806,0.019109723925671306,0.8040586709976196,10.269299507141113,True,0.0,5.740552310615708,False
82,1,58,heun_64_gs6,heun,64,6.0,0.8829704177994304,0.8626923670736188,2.3013803409994416,0.0235055406361625,0.7685940861701965,10.172863960266113,True,0.0,5.788709163452848,False
82,2,58,heun_64_gs6,heun,64,6.0,0.9353919894448095,0.9491205572099928,2.2774155388927446,-0.014464514034860052,0.7851279377937317,8.336263656616211,True,0.0,5.671842076179572,False
83,0,59,heun_64_gs6,heun,64,6.0,1.4146054872295504,1.4417044150469664,2.041295232212217,-0.018796451856997853,0.9902936220169067,10.035138130187988,True,0.0,5.075043402745045,False
83,1,59,heun_64_gs6,heun,64,6.0,1.414836500554339,1.3460109230064232,1.819105418702326,0.05113300037926766,0.9420471787452698,7.32072639465332,True,0.0,4.624463047324716,False
83,2,59,heun_64_gs6,heun,64,6.0,1.474384446948665,1.4172261406385183,1.8330953926598212,0.04033111178790675,0.964006245136261,8.903200149536133,True,0.0,4.643235149331414,False
84,0,60,heun_64_gs6,heun,64,6.0,1.0531581440251354,0.98323092859117,2.3529125191005313,0.07111982820044409,0.7218213081359863,6.46875,True,0.0,5.988961040051994,False
84,1,60,heun_64_gs6,heun,64,6.0,0.9357489667109866,0.9614515860080518,2.3276716823086674,-0.026733139144791578,0.6904697418212891,7.14914608001709,True,0.0,5.7790794970544805,False
84,2,60,heun_64_gs6,heun,64,6.0,1.0349282298569744,1.0500150409205125,2.2830908424070087,-0.014368185532494937,0.7373377680778503,8.484335899353027,True,0.0,5.68617482771878,False
85,0,61,heun_64_gs6,heun,64,6.0,1.0384181482025352,1.0003366200122963,2.517238904593501,0.0380687131188736,0.7496293783187866,8.124485969543457,True,0.0,6.350200331162063,False
85,1,61,heun_64_gs6,heun,64,6.0,1.0747298419492806,1.0182691185945718,2.467091730506292,0.055447741436133464,0.7790089249610901,7.776735782623291,True,0.0,6.25090093841993,False
85,2,61,heun_64_gs6,heun,64,6.0,1.1028144175899208,1.1043805997604141,2.2124098049562884,-0.0014181543542611482,0.7621435523033142,6.9951019287109375,True,0.0,5.528897280859328,False
86,0,62,heun_64_gs6,heun,64,6.0,1.3918467420807517,1.3501348636838841,2.6680613291863953,0.030894601132000533,0.9765042066574097,10.509724617004395,True,0.0,6.716495224663989,False
86,1,62,heun_64_gs6,heun,64,6.0,1.118418959684706,1.1601489763480364,2.7084771623220183,-0.03596953249486494,0.9322611689567566,11.4281005859375,True,0.0,6.717238607062749,False
86,2,62,heun_64_gs6,heun,64,6.0,1.2760778281468605,1.2611765610601924,2.5507878641922987,0.011815369416624671,0.9269739985466003,11.080020904541016,True,0.0,6.394692714605683,False
87,0,63,heun_64_gs6,heun,64,6.0,1.1670336768028449,1.3119619695150557,2.107264421077924,-0.11046683895960242,0.9000049233436584,8.114953994750977,True,0.0,5.102460794255406,False
87,1,63,heun_64_gs6,heun,64,6.0,1.5890672115245674,1.4907864158744009,2.53465583136618,0.06592546990258599,1.0122276544570923,9.196131706237793,True,0.0,6.435527783269329,False
87,2,63,heun_64_gs6,heun,64,6.0,1.6011591591263166,1.4145185516330303,2.6682909658093172,0.13194638271682615,0.9882599711418152,8.726641654968262,True,0.0,6.868646988598533,False
88,0,64,heun_64_gs6,heun,64,6.0,1.4063415394366954,1.2495267425839511,2.391313066791699,0.12549935127716158,0.8407345414161682,8.356197357177734,True,0.0,6.16653169389499,False
88,1,64,heun_64_gs6,heun,64,6.0,1.1968558820913633,1.1150060073815784,2.9751539672212006,0.0734075632183554,0.7952752113342285,8.35051155090332,True,0.0,7.547996262880535,False
88,2,64,heun_64_gs6,heun,64,6.0,1.2968689941883136,1.192623919609281,2.6059561203940333,0.08740816949160553,0.8130126595497131,8.712172508239746,True,0.0,6.646002555222491,False
89,0,65,heun_64_gs6,heun,64,6.0,1.5307361101801504,1.3882174357798376,2.784600436523007,0.10266307690741656,0.9818047285079956,9.031904220581055,True,0.0,7.115495706668642,False
89,1,65,heun_64_gs6,heun,64,6.0,1.2887926824198404,1.1841933676521388,3.0002830267276566,0.08832958935734567,0.857937216758728,9.53501033782959,True,0.0,7.63320195085516,False
89,2,65,heun_64_gs6,heun,64,6.0,1.2213131864242126,1.1352926746779222,2.3226189254679657,0.07576945831435011,0.7672169804573059,7.031693935394287,True,0.0,5.920201501141439,False
90,0,66,heun_64_gs6,heun,64,6.0,1.297856754082069,1.5030134086664204,2.134724515409238,-0.13649688820900946,0.901246190071106,8.775673866271973,True,0.0,5.13206595620958,False
90,1,66,heun_64_gs6,heun,64,6.0,1.5223954724616031,1.4450048133002487,2.476691503186435,0.05355737082219686,0.9488127827644348,8.43483829498291,True,0.0,6.272064814199383,False
90,2,66,heun_64_gs6,heun,64,6.0,1.3109783463482523,1.4182488581476353,2.010119297220788,-0.07563588747261848,0.9513828158378601,9.43117618560791,True,0.0,4.911844411843042,False
91,0,67,heun_64_gs6,heun,64,6.0,1.1879063075948078,1.1719985827838857,2.2885009112584673,0.013573160333866902,0.7406046390533447,7.6994404792785645,True,0.0,5.741612018646968,False
91,1,67,heun_64_gs6,heun,64,6.0,1.3221322412501657,1.2288162467865902,2.6185493795113195,0.07593974603461144,0.7961107492446899,7.97213077545166,True,0.0,6.660283067830216,False
91,2,67,heun_64_gs6,heun,64,6.0,1.554721190701921,1.4549013840996767,2.4277993690586825,0.06860932775723594,0.9049687385559082,8.14671802520752,True,0.0,6.17241241428256,False
92,0,68,heun_64_gs6,heun,64,6.0,1.3205218618585675,1.3232993992432462,3.3784516696491735,-0.002098948556371814,0.9441633820533752,12.461091995239258,True,0.0,8.442980751288376,False
92,1,68,heun_64_gs6,heun,64,6.0,1.3954959988203635,1.3962804044940504,3.226162077313644,-0.0005617823365167066,0.932126522064209,9.91452407836914,True,0.0,8.064562519779336,False
92,2,68,heun_64_gs6,heun,64,6.0,1.4928523669074851,1.5059817183478448,3.233891307113813,-0.008718134618248895,1.0179786682128906,10.971903800964355,True,0.0,8.071651065857159,False
93,0,69,heun_64_gs6,heun,64,6.0,1.1852968462881674,1.1008008373622442,3.192392940303466,0.07675866995232959,0.6936953663825989,9.016265869140625,True,0.0,8.09612035568716,False
93,1,69,heun_64_gs6,heun,64,6.0,1.3195167056766923,1.2235383712237404,3.268867424799972,0.07844325599084004,0.7780634760856628,10.55112361907959,True,0.0,8.28983344598619,False
93,2,69,heun_64_gs6,heun,64,6.0,1.1539799192521212,1.1146874622117102,2.997802248580888,0.03524975207844466,0.721114993095398,11.008421897888184,True,0.0,7.547380249569887,False
94,0,70,heun_64_gs6,heun,64,6.0,1.6445973885034022,1.7119161223530333,2.7273542918320985,-0.03932361672245081,1.1536238193511963,14.67492389678955,True,0.0,6.75940030449657,False
94,1,70,heun_64_gs6,heun,64,6.0,1.8563488517364568,1.6969008333577,3.259912383032699,0.09396425194960302,1.1094839572906494,11.797511100769043,True,0.0,8.290727335506151,False
94,2,70,heun_64_gs6,heun,64,6.0,1.7400236806159062,1.6031447046979872,3.407588478126966,0.08538154706994452,1.0847289562225342,12.130261421203613,True,0.0,8.647043515922332,False
95,0,71,heun_64_gs6,heun,64,6.0,1.4038834682272312,1.3875705174232722,2.816792858210405,0.011756484071661757,0.8391416072845459,10.875563621520996,True,0.0,7.059616871633505,False
95,1,71,heun_64_gs6,heun,64,6.0,1.6148530791040518,1.407501281832551,2.9110128557283725,0.1473190813214325,0.8966405987739563,9.70959758758545,True,0.0,7.498510761303081,False
95,2,71,heun_64_gs6,heun,64,6.0,1.5565137583550264,1.3564536806299774,2.745731915565925,0.1474875840635113,0.8842645287513733,10.078145027160645,True,0.0,7.08556116501008,False
96,0,72,heun_64_gs6,heun,64,6.0,1.0689054615168936,1.0722144650103647,2.9030433883902838,-0.003086139546324524,0.6205466985702515,6.602743625640869,True,0.0,7.252979261656223,False
96,1,72,heun_64_gs6,heun,64,6.0,1.2084157066288606,1.159007516555067,2.5320732452088963,0.04262974048205717,0.6909346580505371,6.859843730926514,True,0.0,6.394127723745326,False
96,2,72,heun_64_gs6,heun,64,6.0,1.2409620637485372,1.1502490117027377,2.6189035982866926,0.07886383759884887,0.6851732730865479,6.551451683044434,True,0.0,6.665554752115005,False
97,0,73,heun_64_gs6,heun,64,6.0,1.48806946999752,1.3561047429058923,3.358433005707349,0.09731160281597032,0.7872927784919739,8.429025650024414,True,0.0,8.542049918492328,False
97,1,73,heun_64_gs6,heun,64,6.0,1.0812982751995108,1.061488484123182,2.8822502593918156,0.01866227583813075,0.644138753414154,8.002676010131836,True,0.0,7.233619062236735,False
97,2,73,heun_64_gs6,heun,64,6.0,1.1229833179709097,0.9276959211699353,2.448540616122935,0.210507980297697,0.6526458859443665,6.941931247711182,True,0.0,6.437113510753883,False
98,0,74,heun_64_gs6,heun,64,6.0,1.4933602624901507,1.3609276997870736,4.02932136323414,0.0973105049964756,0.8115844130516052,10.024919509887695,True,0.0,10.219269165580062,False
98,1,74,heun_64_gs6,heun,64,6.0,1.288273353646307,1.2818542471682566,3.4985667331012165,0.0050076726290481524,0.7311071157455444,9.257370948791504,True,0.0,8.753928341696614,False
98,2,74,heun_64_gs6,heun,64,6.0,1.4549239137417285,1.3834996372858304,3.6028468686421142,0.05162580026385933,0.8037827014923096,10.047990798950195,True,0.0,9.084555872001074,False
99,0,75,heun_64_gs6,heun,64,6.0,1.8009279681243746,1.6755514277535024,3.0813013515814003,0.07482703159442897,0.9459884762763977,9.505475044250488,True,0.0,7.815493926345144,False
99,1,75,heun_64_gs6,heun,64,6.0,1.2767489837387935,1.737001947782862,2.6601749968409827,-0.26496974397860956,0.9363977313041687,10.616976737976074,True,0.0,6.252982876134542,False
99,2,75,heun_64_gs6,heun,64,6.0,1.849355223860975,1.59574074929337,3.0734722807594657,0.15893212797291162,0.9300127029418945,9.612382888793945,True,0.0,7.922078893858032,False
0,0,48,rk4_32_gs6,rk4,32,6.0,1.0000335254277835,1.0162386358150886,1.909956956858719,-0.01594616624159925,0.74300217628479,6.848772048950195,True,0.0,4.750973142784399,False
0,1,48,rk4_32_gs6,rk4,32,6.0,0.8494119157786576,0.8609568972744285,2.2647085388008406,-0.013409476593107738,0.6642786264419556,6.020564079284668,True,0.0,5.64165713211244,False
0,2,48,rk4_32_gs6,rk4,32,6.0,0.898867203032868,0.9151724797430155,2.0681361395105444,-0.01781661587612415,0.6796638369560242,7.043100357055664,True,0.0,5.143615424962175,False
1,0,49,rk4_32_gs6,rk4,32,6.0,1.1541782789568753,1.158421477015282,1.711156438333653,-0.003662913806389717,0.814018726348877,6.890806674957275,True,0.0,4.2723967251245485,False
1,1,49,rk4_32_gs6,rk4,32,6.0,1.1992678193688775,1.2146409952145092,1.9775441772506832,-0.012656559246422564,0.8776654601097107,8.321057319641113,True,0.0,4.924875604257074,False
1,2,49,rk4_32_gs6,rk4,32,6.0,1.2239826661040896,1.2290576709823462,1.882043450159187,-0.0041291836475895426,0.872103750705719,7.500561714172363,True,0.0,4.698914849926583,False
2,0,50,rk4_32_gs6,rk4,32,6.0,1.0224367033602046,1.0821852164551538,2.049624200784236,-0.05521098572992312,0.8041867613792419,6.503044605255127,True,0.0,5.041244023365706,False
2,1,50,rk4_32_gs6,rk4,32,6.0,0.9156953231740077,0.9828883146128701,2.0638550430368134,-0.06836279336752489,0.7394635677337646,6.546870231628418,True,0.0,5.057093417540746,False
2,2,50,rk4_32_gs6,rk4,32,6.0,1.1899838439904888,1.2609534707147496,1.8605757220422425,-0.05628250987025538,0.9141056537628174,7.162924289703369,True,0.0,4.567015540300224,False
3,0,51,rk4_32_gs6,rk4,32,6.0,1.2651107271496536,1.3309985317009438,1.8747414776716125,-0.04950253699533679,0.9382635354995728,6.871925354003906,True,0.0,4.6125998886860256,False
3,1,51,rk4_32_gs6,rk4,32,6.0,1.1873396116292916,1.259293505021735,1.9879620839103,-0.05713830217826669,0.9168707132339478,8.565286636352539,True,0.0,4.8841977565083505,False
3,2,51,rk4_32_gs6,rk4,32,6.0,1.421738588236626,1.5039664921999845,1.8792945933196101,-0.05467402621207084,1.0668363571166992,8.87727165222168,True,0.0,4.616225443980919,False
4,0,52,rk4_32_gs6,rk4,32,6.0,1.1113163044489915,1.1148904651002898,1.814890892609572,-0.003205840153021953,0.8034582734107971,6.955945014953613,True,0.0,4.532418471294396,False
4,1,52,rk4_32_gs6,rk4,32,6.0,1.2674250940158827,1.2716685360775886,1.7183616304653244,-0.003336908878335187,0.8893712162971497,7.99668025970459,True,0.0,4.2908987128458085,False
4,2,52,rk4_32_gs6,rk4,32,6.0,1.1979931780536393,1.2055836629926735,1.5607074299066688,-0.006296107942630023,0.8359227776527405,6.35462760925293,True,0.0,3.892324412852727,False
5,0,53,rk4_32_gs6,rk4,32,6.0,1.0533566840559339,1.0833999684193314,1.8801073375773631,-0.027730556545912395,0.7694419622421265,6.669055938720703,True,0.0,4.65867250912454,False
5,1,53,rk4_32_gs6,rk4,32,6.0,1.0850988735934848,1.1157851305363342,1.9163391031908958,-0.027501940855834666,0.8113657832145691,7.6108551025390625,True,0.0,4.749594846693488,False
5,2,53,rk4_32_gs6,rk4,32,6.0,0.9500232035513159,0.9815535783076168,1.990886437332421,-0.032122927501763036,0.728760302066803,7.308908462524414,True,0.0,4.929031702078408,False
6,0,54,rk4_32_gs6,rk4,32,6.0,1.5182942376251236,1.5563279783963657,1.6578712067548576,-0.02443812683111349,1.0565667152404785,6.662372589111328,True,0.0,4.108020826640474,False
6,1,54,rk4_32_gs6,rk4,32,6.0,1.4623161815131482,1.4976629955010359,1.7106389747754809,-0.02360131341834309,1.044365406036377,9.2702054977417,True,0.0,4.241195466811187,False
6,2,54,rk4_32_gs6,rk4,32,6.0,1.5125543411831732,1.556681647140728,1.6467133588933067,-0.02834703277650663,1.0398718118667603,7.028731822967529,True,0.0,4.074262848068507,False
7,0,55,rk4_32_gs6,rk4,32,6.0,1.0976476847740029,1.0900322460276506,1.7323520286825473,0.006986434304343292,0.7858036756515503,7.068174839019775,True,0.0,4.341359723162883,False
7,1,55,rk4_32_gs6,rk4,32,6.0,1.1431673179885975,1.1485258878579927,1.9787493579933586,-0.004665606478172556,0.8340630531311035,7.833118915557861,True,0.0,4.939874985266138,False
7,2,55,rk4_32_gs6,rk4,32,6.0,0.8632979885930351,0.8651027900238007,2.170123854371989,-0.002086227706945364,0.6834944486618042,9.005707740783691,True,0.0,5.4221802943695545,False
8,0,56,rk4_32_gs6,rk4,32,6.0,1.0548822731005654,1.0561708701991104,1.9979435115084332,-0.0012200649749991976,0.7941454648971558,9.302064895629883,True,0.0,4.9930286813085845,False
8,1,56,rk4_32_gs6,rk4,32,6.0,1.1803719320296975,1.1659429217614998,1.9207560970281288,0.012375400094752825,0.8374263048171997,7.3089985847473145,True,0.0,4.820453342712452,False
8,2,56,rk4_32_gs6,rk4,32,6.0,1.0056117834469431,0.9852518193700818,2.1380852701681543,0.02066473105650405,0.7602342963218689,8.315937042236328,True,0.0,5.376210272005142,False
9,0,57,rk4_32_gs6,rk4,32,6.0,0.7741539992422541,0.7875535402120087,2.2987613019751607,-0.017014133154688277,0.6763964295387268,8.878631591796875,True,0.0,5.721382055205869,False
9,1,57,rk4_32_gs6,rk4,32,6.0,0.7970090826411934,0.804420707137983,2.1547420264791284,-0.009213617127066405,0.6161631345748901,5.174408912658691,True,0.0,5.373034640507221,False
9,2,57,rk4_32_gs6,rk4,32,6.0,0.7639256684758684,0.776419219316138,2.418350974517932,-0.016091243452681852,0.6633381843566895,7.401152610778809,True,0.0,6.0217405711158065,False
10,0,58,rk4_32_gs6,rk4,32,6.0,0.8896840648715016,0.884390257296132,2.3493231853216257,0.005985827491696134,0.7224946022033691,7.702479362487793,True,0.0,5.882286704541609,False
10,1,58,rk4_32_gs6,rk4,32,6.0,0.9279526904203168,0.8926102887070426,2.1678519473024296,0.039594436412472615,0.734621524810791,7.110435485839844,True,0.0,5.479021522874783,False
10,2,58,rk4_32_gs6,rk4,32,6.0,0.8705419111787421,0.90383455910813,2.1315888228982725,-0.03683489110428675,0.7074772715568542,6.88759708404541,True,0.0,5.273719720589251,False
11,0,59,rk4_32_gs6,rk4,32,6.0,1.4322290308123922,1.428647361567596,1.9473269885030648,0.0025070351971222004,0.9651718139648438,9.62077522277832,True,0.0,4.872078024053346,False
11,1,59,rk4_32_gs6,rk4,32,6.0,1.33025355401382,1.2728386649982357,1.806201903632153,0.045107750214821156,0.907274603843689,7.382452011108398,True,0.0,4.583166384402614,False
11,2,59,rk4_32_gs6,rk4,32,6.0,1.1419533432139375,1.2171092635094383,1.6971377177530595,-0.0617495256434902,0.9584217071533203,7.947902202606201,True,0.0,4.150220005917413,False
12,0,60,rk4_32_gs6,rk4,32,6.0,0.8829614949205709,0.8982080605840446,2.5458810445582873,-0.01697442515024374,0.6906600594520569,8.748971939086914,True,0.0,6.3392409736703526,False
12,1,60,rk4_32_gs6,rk4,32,6.0,1.0256798918194288,1.0298956474825178,2.4818105213174264,-0.0040933813367017065,0.7455196976661682,7.209393501281738,True,0.0,6.198386231288513,False
12,2,60,rk4_32_gs6,rk4,32,6.0,0.9783065999538875,0.9529387535476258,2.4631681662821325,0.026620646967724943,0.7404453158378601,6.984598159790039,True,0.0,6.197851386156919,False
13,0,61,rk4_32_gs6,rk4,32,6.0,1.0282380932779878,1.0326391242359518,2.1063708923229005,-0.004261925402643573,0.8093357682228088,7.241090297698975,True,0.0,5.259534342703286,False
13,1,61,rk4_32_gs6,rk4,32,6.0,0.9190904726191615,0.9262502834109524,2.4601245459786,-0.007729887744946956,0.7173519134521484,7.748438358306885,True,0.0,6.138716533329079,False
13,2,61,rk4_32_gs6,rk4,32,6.0,1.0859296886438157,1.0924707106493108,1.9817218520726678,-0.0059873659603503614,0.8205195665359497,6.921227931976318,True,0.0,4.945323581241143,False
14,0,62,rk4_32_gs6,rk4,32,6.0,1.2832162053935414,1.2764939522626613,2.2855756888117873,0.005266184823126433,0.917904257774353,11.160867691040039,True,0.0,5.721838499264158,False
14,1,62,rk4_32_gs6,rk4,32,6.0,1.2876482507123181,1.3076242776112617,2.540861309556646,-0.015276579892405688,0.982154130935669,15.92496109008789,True,0.0,6.329238404053007,False
14,2,62,rk4_32_gs6,rk4,32,6.0,1.2923332884686372,1.281536066541602,2.57441931151168,0.008425218864047042,0.9176095724105835,9.3099946975708,True,0.0,6.44868610707527,False
15,0,63,rk4_32_gs6,rk4,32,6.0,1.638082997386049,1.386584570782758,2.7801347704545556,0.18137979470485271,0.9856488704681396,8.79686164855957,True,0.0,7.222406618193668,False
15,1,63,rk4_32_gs6,rk4,32,6.0,1.7200829895206873,1.5091166889127239,2.7388500833817764,0.1397945571472098,1.0693058967590332,11.722500801086426,True,0.0,7.056817044175256,False
15,2,63,rk4_32_gs6,rk4,32,6.0,1.7404871649267837,1.5006118472592684,2.5759952185298913,0.15985167417351065,1.0236101150512695,8.262467384338379,True,0.0,6.679765557584995,False
16,0,64,rk4_32_gs6,rk4,32,6.0,1.202626455215325,1.1848942597134868,2.7507578211934165,0.01496521331487734,0.8363285064697266,10.498001098632812,True,0.0,6.899342372955858,False
16,1,64,rk4_32_gs6,rk4,32,6.0,1.1592547314758308,1.1988678889633677,2.497602329233671,-0.03304213710433773,0.821389377117157,9.368633270263672,True,0.0,6.194442617427671,False
16,2,64,rk4_32_gs6,rk4,32,6.0,1.1462675118219814,1.0981481357710252,2.877006689482089,0.043818656195217534,0.7950491905212402,9.100934982299805,True,0.0,7.258244707998049,False
17,0,65,rk4_32_gs6,rk4,32,6.0,1.2339011983133736,1.1262285195218487,3.0608886216763422,0.09560464503348931,0.8116536736488342,9.748312950134277,True,0.0,7.79562852174109,False
17,1,65,rk4_32_gs6,rk4,32,6.0,1.3720204760982642,1.2693609466525555,2.8172129330532827,0.08087497012389064,0.8851138949394226,8.642088890075684,True,0.0,7.164344787819043,False
17,2,65,rk4_32_gs6,rk4,32,6.0,1.399457544152532,1.3387776772926452,2.8190881312435088,0.0453248268445505,0.9346677660942078,10.05766487121582,True,0.0,7.115707568375598,False
18,0,66,rk4_32_gs6,rk4,32,6.0,1.2937616074150136,1.3087203197380544,2.3250041078575494,-0.011430029765056717,0.8734633922576904,8.249871253967285,True,0.0,5.795365224996288,False
18,1,66,rk4_32_gs6,rk4,32,6.0,1.4616205029764797,1.4804885251686728,2.061582557771816,-0.012744456808673251,0.9020963907241821,7.498193264007568,True,0.0,5.134839709216529,False
18,2,66,rk4_32_gs6,rk4,32,6.0,1.5718824600019445,1.430207703048491,2.5363873622266198,0.09905886792588574,0.9491928815841675,9.421614646911621,True,0.0,6.489556707455378,False
19,0,67,rk4_32_gs6,rk4,32,6.0,1.013154962502616,1.1256089577875132,1.8115273005487509,-0.09990502785877396,0.7984200119972229,8.584555625915527,True,0.0,4.378960709583716,False
19,1,67,rk4_32_gs6,rk4,32,6.0,1.252048983521484,1.1949516508987854,2.5808765029995686,0.0477821275044321,0.784774661064148,7.847871780395508,True,0.0,6.52386444875557,False
19,2,67,rk4_32_gs6,rk4,32,6.0,1.0073924151693812,0.9690015438506954,1.8481931012322206,0.03961899871690101,0.7502844333648682,7.135491371154785,True,0.0,4.679911251155903,False
20,0,68,rk4_32_gs6,rk4,32,6.0,1.5283865274490498,1.5384318644823551,3.0966125966136677,-0.006529594972598548,1.0244301557540894,11.389583587646484,True,0.0,7.731737099075271,False
20,1,68,rk4_32_gs6,rk4,32,6.0,1.6279935687412923,1.6715701416880397,3.095271546825895,-0.026069245674638013,1.06309175491333,11.807764053344727,True,0.0,7.69907499855278,False
20,2,68,rk4_32_gs6,rk4,32,6.0,1.2765245587915957,1.2782001071951057,2.643014859339008,-0.0013108654747950336,1.0167347192764282,11.299434661865234,True,0.0,6.605570850135328,False
21,0,69,rk4_32_gs6,rk4,32,6.0,1.1411678225171846,1.1152925891754637,2.7686743671428466,0.023200399035060843,0.6708024144172668,6.7105255126953125,True,0.0,6.956486516409708,False
21,1,69,rk4_32_gs6,rk4,32,6.0,1.186490615375017,1.152539562336308,2.890752008503488,0.029457602891575355,0.7316876649856567,8.374162673950195,True,0.0,7.271066425596084,False
21,2,69,rk4_32_gs6,rk4,32,6.0,1.329263355911815,1.2526457169110214,3.5762875956554887,0.06116465122962567,0.7704675793647766,8.082443237304688,True,0.0,9.03246596598316,False
22,0,70,rk4_32_gs6,rk4,32,6.0,1.4722487149108938,1.4170259163657475,3.5748444626000437,0.03897091614038177,1.003774881362915,14.09929370880127,True,0.0,8.995567530710682,False
22,1,70,rk4_32_gs6,rk4,32,6.0,1.8678778760907722,1.7232324199506999,3.4984473570295673,0.08393844824764032,1.1279972791671753,11.55752182006836,True,0.0,8.87202606494538,False
22,2,70,rk4_32_gs6,rk4,32,6.0,1.6149402959776962,1.5364262582836123,3.4917426567054495,0.0511017282865088,1.0597878694534302,11.614964485168457,True,0.0,8.806009234193386,False
23,0,71,rk4_32_gs6,rk4,32,6.0,1.4330703121132597,1.4418909470293695,2.831266336177079,-0.006117407750640379,0.9077585339546204,10.75967788696289,True,0.0,7.068989728816736,False
23,1,71,rk4_32_gs6,rk4,32,6.0,1.7263805785497606,1.6868117240165832,2.7623951353494633,0.023457777613958886,0.9375818371772766,9.681944847106934,True,0.0,6.9411745047945965,False
23,2,71,rk4_32_gs6,rk4,32,6.0,1.7490975740949182,1.5018074387020184,3.235867705582768,0.16466167857046363,0.8995794057846069,8.874768257141113,True,0.0,8.336661781812616,False
24,0,72,rk4_32_gs6,rk4,32,6.0,1.2383490488074353,1.1811036438696536,2.630781749572727,0.048467723175885914,0.6650070548057556,6.948758602142334,True,0.0,6.649655958695646,False
24,1,72,rk4_32_gs6,rk4,32,6.0,1.329944777041559,1.218078290490032,2.6389555562992597,0.09183850209508129,0.6974974274635315,6.131279945373535,True,0.0,6.735146643890771,False
24,2,72,rk4_32_gs6,rk4,32,6.0,1.2161363298416483,1.1018299172157073,2.5772785693630285,0.10374233790762066,0.655526876449585,5.7555131912231445,True,0.0,6.5988099302690015,False
25,0,73,rk4_32_gs6,rk4,32,6.0,0.91379684835258,0.8910191095460022,2.6117596846647952,0.025563692525681955,0.7361781597137451,10.064002990722656,True,0.0,6.567744750450511,False
25,1,73,rk4_32_gs6,rk4,32,6.0,1.298464049992814,1.2217003589352005,3.4778836738461485,0.062833484387435,0.7577999830245972,8.64177131652832,True,0.0,8.788959411196524,False
25,2,73,rk4_32_gs6,rk4,32,6.0,1.2655999593242713,1.151641224548897,3.6770551599174284,0.09895332969734492,0.6939366459846497,8.956216812133789,True,0.0,9.341067894339588,False
26,0,74,rk4_32_gs6,rk4,32,6.0,1.173767343457182,1.1951578715334183,3.346869096888991,-0.017897658884022685,0.7673214673995972,10.042960166931152,True,0.0,8.340326253896443,False
26,1,74,rk4_32_gs6,rk4,32,6.0,1.2473393481193478,1.2205119277307628,3.5055539534677043,0.021980465376245217,0.82099848985672,11.337464332580566,True,0.0,8.79685558173363,False
26,2,74,rk4_32_gs6,rk4,32,6.0,1.3599772755275363,1.3719873629714145,3.662229352831221,-0.008753788613860987,0.824345588684082,11.826059341430664,True,0.0,9.142442699157261,False
27,0,75,rk4_32_gs6,rk4,32,6.0,1.6586022473119775,1.549066374529837,3.1488125988312574,0.0707108964961409,0.9249727129936218,9.71056842803955,True,0.0,7.978097841822355,False
27,1,75,rk4_32_gs6,rk4,32,6.0,2.1446616333486186,1.6503087627117397,3.7233991136556273,0.2995517437773615,0.9540303945541382,8.940962791442871,True,0.0,9.75782539980511,False
27,2,75,rk4_32_gs6,rk4,32,6.0,1.63260367013552,1.4287462537209885,3.5745463184988053,0.14268272932074774,0.8240532875061035,9.42309284210205,True,0.0,9.150389890228135,False
28,0,76,rk4_32_gs6,rk4,32,6.0,1.1358901219898607,1.1339419167246865,3.2201386204843137,0.001718082045701855,0.6099163293838501,8.08425235748291,True,0.0,8.052923674279338,False
28,1,76,rk4_32_gs6,rk4,32,6.0,1.1172329855214789,1.1141740580967523,2.63860255824762,0.002745466361420419,0.6069492697715759,6.878252983093262,True,0.0,6.60062459516118,False
28,2,76,rk4_32_gs6,rk4,32,6.0,1.207583513810029,1.1870295842685137,3.2785039484971312,0.017315431427117334,0.646477997303009,6.9952521324157715,True,0.0,8.222233018383504,False
29,0,77,rk4_32_gs6,rk4,32,6.0,1.5411387854566179,1.5057969155760915,3.2428086754266072,0.0234705419304832,0.8402650952339172,10.97811222076416,True,0.0,8.142227501462244,False
29,1,77,rk4_32_gs6,rk4,32,6.0,0.745271331072554,1.819758647221665,1.4071465588491319,-0.5904559441907508,0.842327356338501,10.480205535888672,True,0.0,2.632182480836703,False
29,2,77,rk4_32_gs6,rk4,32,6.0,0.8246203445786194,1.7216205429938656,1.7826257085059345,-0.521020846815159,0.8635452389717102,11.12038803100586,True,0.0,3.675033001042098,False
30,0,78,rk4_32_gs6,rk4,32,6.0,1.9064466066752632,1.6456496388458224,3.9880896507320944,0.158476604064754,0.9811952710151672,12.17406177520752,True,0.0,10.207939032927365,False
30,1,78,rk4_32_gs6,rk4,32,6.0,1.607358134981674,1.4328771709455614,4.216833171564883,0.12176965782996961,0.8734733462333679,10.489165306091309,True,0.0,10.724737415657161,False
30,2,78,rk4_32_gs6,rk4,32,6.0,1.8544809485164484,1.4674236075097054,4.498624147222629,0.26376660181032086,0.924207866191864,11.344961166381836,True,0.0,11.642210270772054,False
31,0,79,rk4_32_gs6,rk4,32,6.0,1.3410616796604735,1.3451049530086203,2.9437120040645,-0.003005916608249769,0.719997763633728,8.58442211151123,True,0.0,7.354771135248875,False
31,1,79,rk4_32_gs6,rk4,32,6.0,1.1261942336364963,1.1952414532978997,3.25416369911252,-0.05776842736938601,0.6591391563415527,7.323058128356934,True,0.0,8.048756606727222,False
31,2,79,rk4_32_gs6,rk4,32,6.0,1.34816327328887,1.3330283228175142,3.9618760726741136,0.01135381004195635,0.6901532411575317,8.108538627624512,True,0.0,9.92172089674822,False
32,0,80,rk4_32_gs6,rk4,32,6.0,1.311534904541659,1.1673603185768697,3.0150867189518546,0.1235047846285412,0.6922302842140198,9.497855186462402,True,0.0,7.722973974322448,False
32,1,80,rk4_32_gs6,rk4,32,6.0,0.7465985384016013,0.7974936323217662,2.4863581144307205,-0.06381880835061272,0.5199466347694397,8.139161109924316,True,0.0,6.120167073550882,False
32,2,80,rk4_32_gs6,rk4,32,6.0,1.041277577967563,0.9875349544603084,3.502016647352715,0.05442098299438451,0.6424883604049683,10.280243873596191,True,0.0,8.836673092873363,False
33,0,81,rk4_32_gs6,rk4,32,6.0,1.537737912071098,1.3373587102408375,3.4835942118635463,0.14983205238619537,0.7268438339233398,8.552596092224121,True,0.0,8.933733608238159,False
33,1,81,rk4_32_gs6,rk4,32,6.0,1.4256310520577724,1.252064128500662,3.6815681818258685,0.13862462650272503,0.6303192377090454,7.7052903175354,True,0.0,9.411857394318758,False
33,2,81,rk4_32_gs6,rk4,32,6.0,1.2978646165357453,1.107849500043491,4.615172908492727,0.1715170831142895,0.640216052532196,9.252297401428223,True,0.0,11.795207895903252,False
34,0,82,rk4_32_gs6,rk4,32,6.0,1.825049903880896,1.4186925171082774,4.470554644500784,0.28643090663267073,0.8388484120368958,9.567096710205078,True,0.0,11.606032971200966,False
34,1,82,rk4_32_gs6,rk4,32,6.0,1.6463606152896464,1.2274813254953145,4.229835632033063,0.34125104609049334,0.7118108868598938,8.081436157226562,True,0.0,11.086465649218397,False
34,2,82,rk4_32_gs6,rk4,32,6.0,1.8253348262522568,1.4257133429514768,4.157539945182163,0.2802958129511051,0.8389297723770142,10.308759689331055,True,0.0,10.814293582382064,False
35,0,83,rk4_32_gs6,rk4,32,6.0,0.44402177811317023,0.5426562423535706,1.1230814283979147,-0.18176232893772046,0.7191696763038635,9.027251243591309,True,0.0,2.5350600775882057,False
35,1,83,rk4_32_gs6,rk4,32,6.0,1.6232182162777384,1.3170524815859317,3.759552797602889,0.2324628187925423,0.7993423342704773,10.064488410949707,True,0.0,9.747576222196036,False
35,2,83,rk4_32_gs6,rk4,32,6.0,1.1100154791769685,0.9644737308046539,2.5565944546491512,0.15090275889822577,0.8104952573776245,9.756471633911133,True,0.0,6.6178402749702165,False
36,0,48,rk4_32_gs6,rk4,32,6.0,1.0106517615274184,1.0298031456600998,1.9831474470554824,-0.018597130944316632,0.7553374767303467,6.733227729797363,True,0.0,4.929972921222231,False
36,1,48,rk4_32_gs6,rk4,32,6.0,0.9486526800738176,0.9685484038109305,1.967431744061385,-0.02054179579813625,0.7078920006752014,6.929074764251709,True,0.0,4.887766666456258,False
36,2,48,rk4_32_gs6,rk4,32,6.0,1.167484140876474,1.1824133099315,1.5846401658525782,-0.012626015626998208,0.7972458600997925,7.421721935272217,True,0.0,3.9426613911909483,False
37,0,49,rk4_32_gs6,rk4,32,6.0,1.1567116532556132,1.1645321188671258,2.044587750401684,-0.006715543021660109,0.8575096130371094,7.608729839324951,True,0.0,5.1013960614717195,False
37,1,49,rk4_32_gs6,rk4,32,6.0,0.9635586961869845,0.9723512938846581,2.1969538055994677,-0.009042614189487003,0.7441985011100769,7.977854251861572,True,0.0,5.478820592714438,False
37,2,49,rk4_32_gs6,rk4,32,6.0,0.9638547869448527,0.9949646489059922,2.25851474512928,-0.0312673034993486,0.7672903537750244,7.870067119598389,True,0.0,5.5993859075741765,False
38,0,50,rk4_32_gs6,rk4,32,6.0,1.0718798077306608,1.1382090062036985,2.0757164912434494,-0.05827505979021968,0.8525331616401672,7.602702617645264,True,0.0,5.101878638423294,False
38,1,50,rk4_32_gs6,rk4,32,6.0,0.9792102318471865,1.040385119135956,2.139362898252552,-0.058800232313562205,0.807854413986206,6.909769058227539,True,0.0,5.260206897161037,False
38,2,50,rk4_32_gs6,rk4,32,6.0,1.0120566823304546,1.0846681032834864,2.1219090913151906,-0.06694344570822117,0.8298652768135071,7.512972354888916,True,0.0,5.204357559725644,False
39,0,51,rk4_32_gs6,rk4,32,6.0,1.1744615035964163,1.261428357391034,2.1799375546294475,-0.06894315685518324,0.9729254245758057,10.11148738861084,True,0.0,5.3464291512908435,False
39,1,51,rk4_32_gs6,rk4,32,6.0,1.1680436763401576,1.2299695075329058,2.0486644948031043,-0.05034745195715102,0.9276797771453857,9.335674285888672,True,0.0,5.046140059072034,False
39,2,51,rk4_32_gs6,rk4,32,6.0,1.1982956294537874,1.248034856462807,2.0528434213381463,-0.03985403641004917,0.9783698320388794,10.277440071105957,True,0.0,5.072327498730292,False
40,0,52,rk4_32_gs6,rk4,32,6.0,1.1975096357537167,1.2088641023212705,1.8450863301575149,-0.00939267404154372,0.8747544884681702,8.132822036743164,True,0.0,4.598626814331471,False
40,1,52,rk4_32_gs6,rk4,32,6.0,1.1719537859428197,1.177276243896103,1.7816000784578367,-0.004520993212654284,0.8454139828681946,7.355401515960693,True,0.0,4.447218706325611,False
40,2,52,rk4_32_gs6,rk4,32,6.0,1.1093640278610353,1.119450001599434,1.9951655589749477,-0.00900975803643808,0.865014910697937,9.758852005004883,True,0.0,4.974399260382713,False
41,0,53,rk4_32_gs6,rk4,32,6.0,0.9050182427218184,0.9315599901899386,1.714900704968388,-0.028491720836777593,0.6854190826416016,5.739915370941162,True,0.0,4.244514181165804,False
41,1,53,rk4_32_gs6,rk4,32,6.0,1.0566577669094452,1.0818178482236376,1.8669836563444373,-0.023257224978246893,0.7731598615646362,8.173195838928223,True,0.0,4.632573303393723,False
41,2,53,rk4_32_gs6,rk4,32,6.0,1.0819837596443784,1.110250569961909,1.8194476749124264,-0.025459847378328168,0.7963835000991821,7.295172691345215,True,0.0,4.510429416213573,False
42,0,54,rk4_32_gs6,rk4,32,6.0,1.493916102678744,1.5237499114263762,1.7273894796995344,-0.019579202812824357,1.0279982089996338,8.613741874694824,True,0.0,4.289104895029599,False
42,1,54,rk4_32_gs6,rk4,32,6.0,1.5285339154465536,1.5558399314681213,1.6686996848519593,-0.017550658839495525,1.0506365299224854,8.67599868774414,True,0.0,4.1454232238706545,False
42,2,54,rk4_32_gs6,rk4,32,6.0,1.5074151203580002,1.5619110912292085,1.825590004896997,-0.03489057144694118,1.0505735874176025,7.641005516052246,True,0.0,4.511639155072081,False
43,0,55,rk4_32_gs6,rk4,32,6.0,1.15264785350507,1.1449358209984322,1.7473939358613892,0.006735777060896549,0.8042557835578918,6.6785712242126465,True,0.0,4.378588505244818,False
43,1,55,rk4_32_gs6,rk4,32,6.0,1.0806888947549627,1.0841470234852593,1.8997705827596068,-0.0031897230020356136,0.7926023602485657,6.8758368492126465,True,0.0,4.744641872395963,False
43,2,55,rk4_32_gs6,rk4,32,6.0,1.000467464777795,0.9942182822761527,1.919248726857377,0.006285523561767688,0.7243961691856384,7.881420612335205,True,0.0,4.807550102486094,False
44,0,56,rk4_32_gs6,rk4,32,6.0,1.0588910730200947,1.0358584717622097,2.1623808100244726,0.02223527794907057,0.8115310072898865,8.469962120056152,True,0.0,5.439304941984788,False
44,1,56,rk4_32_gs6,rk4,32,6.0,1.0472098943249493,1.0206550050294811,2.121197288828707,0.026017497493706132,0.7957119345664978,6.544232368469238,True,0.0,5.342019468312327,False
44,2,56,rk4_32_gs6,rk4,32,6.0,1.0785786341634023,1.061704858644523,1.9532915007276932,0.015893094227232826,0.7887313961982727,5.681977272033691,True,0.0,4.907068393160083,False
45,0,57,rk4_32_gs6,rk4,32,6.0,0.8854309690400567,0.8880592640607111,2.241266848695875,-0.0029595941368151793,0.6992508769035339,7.047231197357178,True,0.0,5.598727730534465,False
45,1,57,rk4_32_gs6,rk4,32,6.0,0.8055834255056091,0.8221416267328544,2.5554277802589804,-0.020140326784867206,0.7401086688041687,8.541621208190918,True,0.0,6.3583589604701505,False
45,2,57,rk4_32_gs6,rk4,32,6.0,0.8352764490439758,0.8403837832401866,2.2519459449768466,-0.006077383021058668,0.6949697136878967,7.532657623291016,True,0.0,5.620748787910529,False
46,0,58,rk4_32_gs6,rk4,32,6.0,0.9314887188778986,0.9189794559128787,2.091278719988234,0.013612124567542709,0.7835693955421448,7.775302886962891,True,0.0,5.248614986821899,False
46,1,58,rk4_32_gs6,rk4,32,6.0,0.9992665486583581,1.0121466663146712,2.468483098239386,-0.012725544585307494,0.8207032680511475,8.557479858398438,True,0.0,6.152119428720503,False
46,2,58,rk4_32_gs6,rk4,32,6.0,0.8959221654359153,0.8904089295096649,2.4910735517072853,0.006191802082856976,0.7417664527893066,6.8118181228637695,True,0.0,6.236971582392498,False
47,0,59,rk4_32_gs6,rk4,32,6.0,1.3459603052602052,1.3257045366018285,2.0072073827033585,0.015279248087590968,0.9296473264694214,8.678680419921875,True,0.0,5.0409373288897825,False
47,1,59,rk4_32_gs6,rk4,32,6.0,1.3441366077772252,1.341094305046052,1.7902963411107715,0.0022685225767053977,0.929082989692688,7.481809139251709,True,0.0,4.479143636641987,False
47,2,59,rk4_32_gs6,rk4,32,6.0,1.522874441910167,1.4668849398809216,1.8941852801455503,0.03816897980566946,0.9912324547767639,8.60775375366211,True,0.0,4.79271667007238,False
48,0,60,rk4_32_gs6,rk4,32,6.0,0.9949249679668053,0.9846171560488022,2.394262385013691,0.010468852538258726,0.7225762009620667,8.187190055847168,True,0.0,6.001359241341616,False
48,1,60,rk4_32_gs6,rk4,32,6.0,0.8950561119170025,0.921256257694996,2.596405362990195,-0.02843958483294427,0.7322444319725037,9.305448532104492,True,0.0,6.448354030226072,False
48,2,60,rk4_32_gs6,rk4,32,6.0,0.9884548480144949,0.9783168221645978,2.4265518582964063,0.010362722501120587,0.7224361896514893,6.799761772155762,True,0.0,6.081923729492696,False
49,0,61,rk4_32_gs6,rk4,32,6.0,1.0441941632420522,1.0301039943637431,2.446496543425594,0.013678394432620446,0.7498538494110107,6.175596714019775,True,0.0,6.136758950212916,False
49,1,61,rk4_32_gs6,rk4,32,6.0,1.109011151848177,1.0820421469669321,2.4109766552287772,0.02492417204597783,0.7902579307556152,7.763472557067871,True,0.0,6.06482789614091,False
49,2,61,rk4_32_gs6,rk4,32,6.0,1.0042960606091245,0.9574333267559497,2.5543805007879405,0.04894621072205268,0.7479758262634277,7.7683210372924805,True,0.0,6.459370568052931,False
50,0,62,rk4_32_gs6,rk4,32,6.0,1.1855420507940484,1.1894850804081274,2.302844048288129,-0.003314904613664467,0.9555791616439819,11.440113067626953,True,0.0,5.752137763799825,False
50,1,62,rk4_32_gs6,rk4,32,6.0,1.3420688876430653,1.3475816341349027,2.7252193414539168,-0.00409084415466077,0.9881989359855652,13.97434139251709,True,0.0,6.806912087402801,False
50,2,62,rk4_32_gs6,rk4,32,6.0,1.2709036286104385,1.2606973330594615,2.7103690849895066,0.008095753994537908,0.9267677068710327,10.844280242919922,True,0.0,6.788066343465574,False
51,0,63,rk4_32_gs6,rk4,32,6.0,1.4945458058029926,1.3767922067000236,2.576820091083917,0.08552750202583782,0.9511715769767761,8.396862983703613,True,0.0,6.570341480748549,False
51,1,63,rk4_32_gs6,rk4,32,6.0,1.7012894853011915,1.452263292554094,2.641726703867239,0.17147454756250846,1.0135865211486816,10.62513256072998,True,0.0,6.86152858101186,False
51,2,63,rk4_32_gs6,rk4,32,6.0,1.580553017527093,1.4174739666393907,2.7054224106449976,0.11504906162322444,0.9831066131591797,8.897207260131836,True,0.0,6.936129619047331,False
52,0,64,rk4_32_gs6,rk4,32,6.0,1.1369209291394489,1.0690661476475254,2.7662011278356045,0.06347107801189553,0.773225724697113,10.435941696166992,True,0.0,7.010709436606854,False
52,1,64,rk4_32_gs6,rk4,32,6.0,1.235174989152692,1.1596031991828537,2.816099817582841,0.06517038705256085,0.842774510383606,9.34554672241211,True,0.0,7.138005124535944,False
52,2,64,rk4_32_gs6,rk4,32,6.0,1.37791712446039,1.2403064391441825,2.6101037012843453,0.11094893960372425,0.8563222289085388,10.772616386413574,True,0.0,6.69168266261645,False
53,0,65,rk4_32_gs6,rk4,32,6.0,1.2632750411330043,1.1589525245669348,2.8521466730300946,0.09001448588664733,0.8230295181274414,10.017457008361816,True,0.0,7.265388411405207,False
53,1,65,rk4_32_gs6,rk4,32,6.0,1.4315344756285697,1.2880770631235126,2.4060030461680495,0.11137331414274865,0.9057525396347046,9.62415599822998,True,0.0,6.182067586634247,False
53,2,65,rk4_32_gs6,rk4,32,6.0,1.2904261409887081,1.1974210543505504,2.7363660791116886,0.07767116297440556,0.846788227558136,9.556053161621094,True,0.0,6.957421942240829,False
54,0,66,rk4_32_gs6,rk4,32,6.0,1.2940260003269288,1.2821082550615994,2.6306804333219937,0.009295428155403719,0.8773049116134644,8.097827911376953,True,0.0,6.59064422553809,False
54,1,66,rk4_32_gs6,rk4,32,6.0,1.390081733677871,1.4115572256472166,2.3606893628749726,-0.015214042638163968,0.8939496278762817,8.632758140563965,True,0.0,5.878902343230185,False
54,2,66,rk4_32_gs6,rk4,32,6.0,1.1266303210026316,1.3807008902078757,2.0146950540433535,-0.18401564681169666,0.8610433340072632,8.492942810058594,True,0.0,4.760714164890839,False
55,0,67,rk4_32_gs6,rk4,32,6.0,0.9961650423985382,1.038923746162955,3.038163581276783,-0.04115672926985233,0.7618525624275208,8.704151153564453,True,0.0,7.5336738592871795,False
55,1,67,rk4_32_gs6,rk4,32,6.0,1.23669931106829,1.2004759531941542,2.534994193618563,0.030174163402451513,0.7871559858322144,9.236380577087402,True,0.0,6.382746729150084,False
55,2,67,rk4_32_gs6,rk4,32,6.0,1.2140159275366516,1.1479193575294835,2.2272573113520426,0.0575794536417824,0.7450535297393799,7.974661350250244,True,0.0,5.65451245884278,False
56,0,68,rk4_32_gs6,rk4,32,6.0,1.4680784799221653,1.4862890027741857,3.255334694635801,-0.012252343047352635,1.0297223329544067,12.857321739196777,True,0.0,8.119958222018472,False
56,1,68,rk4_32_gs6,rk4,32,6.0,1.6196793831804255,1.6581372201791622,3.186719343093266,-0.023193398169210247,1.0659722089767456,11.587064743041992,True,0.0,7.932008260479349,False
56,2,68,rk4_32_gs6,rk4,32,6.0,1.3359239474669247,1.4159488896684553,2.904198560109847,-0.05651682925864664,0.9376487731933594,9.687577247619629,True,0.0,7.175721156386648,False
57,0,69,rk4_32_gs6,rk4,32,6.0,1.1905569140908148,1.3327553975753679,2.822438400216768,-0.10669510900222082,0.8033634424209595,8.448518753051758,True,0.0,6.896053337038589,False
57,1,69,rk4_32_gs6,rk4,32,6.0,1.3944149153352068,1.4145601883668326,2.9289989968025565,-0.014241368486745471,0.8365843296051025,10.933382987976074,True,0.0,7.3011354392762735,False
57,2,69,rk4_32_gs6,rk4,32,6.0,1.1141616079540482,1.0828406730166362,2.9302445300590305,0.02892478591601896,0.6864426732063293,7.562428951263428,True,0.0,7.368998504021605,False
58,0,70,rk4_32_gs6,rk4,32,6.0,1.6041946691354765,1.5497133388640325,3.357470907322509,0.03515574690724563,1.0419687032699585,11.04270076751709,True,0.0,8.44641088866714,False
58,1,70,rk4_32_gs6,rk4,32,6.0,1.4827077998423055,1.645914489938726,3.1485588231621784,-0.09915866838921236,1.0857199430465698,13.280136108398438,True,0.0,7.722659055321627,False
58,2,70,rk4_32_gs6,rk4,32,6.0,1.473119874714412,1.407693351296103,3.349866549391793,0.04647782337914067,1.0180422067642212,12.297215461730957,True,0.0,8.444383108548193,False
59,0,71,rk4_32_gs6,rk4,32,6.0,1.7082796131308178,1.4627380756796051,2.74316728189729,0.16786432229740653,0.9393417835235596,7.873157978057861,True,0.0,7.109714688189334,False
59,1,71,rk4_32_gs6,rk4,32,6.0,1.7921027770974765,1.4415190175049677,2.948555572912558,0.24320439266022842,0.9002618789672852,7.672909259796143,True,0.0,7.736195521271737,False
59,2,71,rk4_32_gs6,rk4,32,6.0,1.587064803960165,1.372451544117881,2.6458067417093254,0.15637219339244562,0.9526492953300476,9.955607414245605,True,0.0,6.849075144361982,False
60,0,72,rk4_32_gs6,rk4,32,6.0,1.3198867816316695,1.1713347488764307,2.8048959413662784,0.12682286735666673,0.6851215958595276,6.501486778259277,True,0.0,7.202474154450696,False
60,1,72,rk4_32_gs6,rk4,32,6.0,1.3895466471954556,1.2221982850240163,2.9585115952830607,0.1369240677660665,0.6948990821838379,6.457397937774658,True,0.0,7.601665089856751,False
60,2,72,rk4_32_gs6,rk4,32,6.0,1.220438173113547,1.0826702280424476,2.518541303134894,0.12724829798609277,0.6628494262695312,5.798098087310791,True,0.0,6.487225704816374,False
61,0,73,rk4_32_gs6,rk4,32,6.0,1.255752161103613,1.1993912253895573,3.448101279068745,0.04699128528794857,0.7370280623435974,9.389567375183105,True,0.0,8.690740125603785,False
61,1,73,rk4_32_gs6,rk4,32,6.0,1.0807065603223847,1.0640413743448374,2.4544364113354646,0.015662159595238444,0.6640058159828186,7.66452169418335,True,0.0,6.159584267731519,False
61,2,73,rk4_32_gs6,rk4,32,6.0,1.6957922690996103,1.434598889070786,3.1640728917286465,0.18206718281883794,0.8517375588417053,8.350811004638672,True,0.0,8.183283003549873,False
62,0,74,rk4_32_gs6,rk4,32,6.0,1.6122931414281767,1.535003628345188,3.8514885290084866,0.05035135497549096,0.9064691066741943,10.155988693237305,True,0.0,9.704248354984452,False
62,1,74,rk4_32_gs6,rk4,32,6.0,1.6068002958641827,1.5142431900258637,3.870091756682473,0.06112433315648246,0.9091404676437378,10.205011367797852,True,0.0,9.766915891440906,False
62,2,74,rk4_32_gs6,rk4,32,6.0,1.3395133777620485,1.3429143668950811,3.538117719499039,-0.002532543542274083,0.8293445706367493,9.85278606414795,True,0.0,8.841495483434187,False
63,0,75,rk4_32_gs6,rk4,32,6.0,1.852004928769097,1.6011960761900967,3.2725405247402612,0.15663843719214773,0.9634033441543579,10.793294906616211,True,0.0,8.416308967638875,False
63,1,75,rk4_32_gs6,rk4,32,6.0,1.695570209141858,1.4366331480652765,3.7873999460278003,0.18023881714194445,0.9086832404136658,13.943707466125488,True,0.0,9.738858090782417,False
63,2,75,rk4_32_gs6,rk4,32,6.0,1.2228002504234803,1.3156615953124806,2.8301778066081926,-0.07058148122133957,0.7896392345428467,11.316024780273438,True,0.0,6.969572294688472,False
64,0,76,rk4_32_gs6,rk4,32,6.0,1.2060478150889429,1.219746076651306,3.3065433410147818,-0.011230420586935706,0.6225552558898926,6.7674336433410645,True,0.0,8.24951272165655,False
64,1,76,rk4_32_gs6,rk4,32,6.0,1.355303881300405,1.3031359053918625,3.2933364130051888,0.040032643788238474,0.6662107706069946,6.551287651062012,True,0.0,8.293389998195329,False
64,2,76,rk4_32_gs6,rk4,32,6.0,1.1542070777535174,1.2052415460782258,2.9532651562095213,-0.04234376757699185,0.6393895149230957,7.069436550140381,True,0.0,7.319647239158316,False
65,0,77,rk4_32_gs6,rk4,32,6.0,1.7778812109879818,1.4710302972507712,4.0404507609616696,0.20859591554621912,0.8745184540748596,13.706149101257324,True,0.0,10.414020775723502,False
65,1,77,rk4_32_gs6,rk4,32,6.0,1.3348313189805234,1.3387807374213843,3.628105998146958,-0.0029500113804801693,0.7897107601165771,10.764251708984375,True,0.0,9.065839978296676,False
65,2,77,rk4_32_gs6,rk4,32,6.0,1.7517666323459866,1.5895687477989282,3.9834127294503197,0.10203892329366955,0.8650895953178406,10.764452934265137,True,0.0,10.111590208566303,False
66,0,78,rk4_32_gs6,rk4,32,6.0,1.6887478685087896,1.4230027384980743,3.685333587223354,0.18674955497534995,0.9158991575241089,11.892679214477539,True,0.0,9.493458300521409,False
66,1,78,rk4_32_gs6,rk4,32,6.0,1.7508630969596968,1.611544093942663,3.2490092539686803,0.08645062997418936,0.9716711640357971,10.581191062927246,True,0.0,8.252199079882985,False
66,2,78,rk4_32_gs6,rk4,32,6.0,1.4488218562654998,1.1710853701176975,2.9809914709357357,0.23716160312742432,0.898349404335022,10.942639350891113,True,0.0,7.808221082030476,False
67,0,79,rk4_32_gs6,rk4,32,6.0,1.2523435599851789,1.3467857457031773,3.4853629430839264,-0.07012413467997272,0.6979892253875732,8.576067924499512,True,0.0,8.608221155689856,False
67,1,79,rk4_32_gs6,rk4,32,6.0,1.1531889151495047,1.2085634976908424,2.9673364177642765,-0.04581851279552517,0.6702480912208557,7.81992769241333,True,0.0,7.349613275217403,False
67,2,79,rk4_32_gs6,rk4,32,6.0,1.2148730772672052,1.151186130053443,3.5923180279419276,0.05532289262169679,0.6167428493499756,8.196390151977539,True,0.0,9.063779408787365,False
68,0,80,rk4_32_gs6,rk4,32,6.0,1.3441636160228172,1.3031822106762816,3.216899957020117,0.03144717960107563,0.6705850958824158,7.981136798858643,True,0.0,8.089420661951907,False
68,1,80,rk4_32_gs6,rk4,32,6.0,0.8634601014066852,0.8473761403061099,2.5077321107622788,0.01898089897239268,0.5614651441574097,7.924985408782959,True,0.0,6.2978016253642854,False
68,2,80,rk4_32_gs6,rk4,32,6.0,0.9732855511489948,0.7951229650086997,2.957838837766443,0.22406922166768703,0.5322648882865906,7.728639602661133,True,0.0,7.730700926917638,False
69,0,81,rk4_32_gs6,rk4,32,6.0,1.822793280532871,1.40852208264148,4.054705250183573,0.2941176429220824,0.8047275543212891,10.139857292175293,True,0.0,10.577939589842057,False
69,1,81,rk4_32_gs6,rk4,32,6.0,1.3135930525247241,1.3848252564164008,2.880584980031145,-0.05143768359744667,0.6947600841522217,8.73060417175293,True,0.0,7.124305924681693,False
69,2,81,rk4_32_gs6,rk4,32,6.0,1.3640400575499978,1.6038433298241346,3.1856779960799404,-0.14951789013285538,0.7211988568305969,10.382055282592773,True,0.0,7.739918155000568,False
70,0,82,rk4_32_gs6,rk4,32,6.0,1.823591621054838,1.3974994593930712,3.877042097751736,0.30489611695295815,0.8195522427558899,10.458714485168457,True,0.0,10.149949419808777,False
70,1,82,rk4_32_gs6,rk4,32,6.0,1.7094241688329128,1.2688392253803404,4.189854461223767,0.34723464657089126,0.8009600043296814,10.90031623840332,True,0.0,10.995488122915754,False
70,2,82,rk4_32_gs6,rk4,32,6.0,1.547311377563556,1.232515773968707,4.033608544166616,0.2554089835516798,0.7060253620147705,8.951396942138672,True,0.0,10.467134835744059,False
71,0,83,rk4_32_gs6,rk4,32,6.0,0.5447691190723027,1.1413799663733282,0.9885470918111583,-0.5227101050052791,0.9065371155738831,9.483377456665039,True,0.0,1.687302572019977,False
71,1,83,rk4_32_gs6,rk4,32,6.0,1.6382407978446114,1.5498843314963746,3.97513272142464,0.05700842571448321,0.7982482314109802,10.141312599182129,True,0.0,10.023344442133325,False
71,2,83,rk4_32_gs6,rk4,32,6.0,0.7310521987002094,0.9095093904731608,1.9311325000130781,-0.19621258634612382,0.8384108543395996,11.591628074645996,True,0.0,4.53351237051351,False
72,0,48,rk4_32_gs6,rk4,32,6.0,0.999261243790675,1.0238814631263229,1.997733223967143,-0.02404596623911202,0.7393268942832947,6.671618938446045,True,0.0,4.958264110559189,False
72,1,48,rk4_32_gs6,rk4,32,6.0,0.873105923471824,0.8859095280451845,2.2868384132790216,-0.014452496585162022,0.700210452079773,7.549139022827148,True,0.0,5.695417288319811,False
72,2,48,rk4_32_gs6,rk4,32,6.0,1.1708425604002068,1.2027505152823426,1.8569563244713472,-0.026529154809261386,0.8407798409461975,5.996030330657959,True,0.0,4.602597078964476,False
73,0,49,rk4_32_gs6,rk4,32,6.0,1.0065622212945082,1.0111768500617386,2.2415823482292634,-0.004563621804941866,0.7780178189277649,7.270318031311035,True,0.0,5.597110437865745,False
73,1,49,rk4_32_gs6,rk4,32,6.0,1.2647043038236732,1.2631614712078885,1.8498902371048291,0.0012214056862384476,0.8810037970542908,6.909970760345459,True,0.0,4.62655770129143,False
73,2,49,rk4_32_gs6,rk4,32,6.0,1.1429292007165146,1.1473588204342895,1.9483102123630296,-0.003860710006561962,0.8285555243492126,8.313590049743652,True,0.0,4.864984465897731,False
74,0,50,rk4_32_gs6,rk4,32,6.0,1.0789034296903854,1.1484797380167098,2.0793034342353276,-0.060581223523074296,0.8728052973747253,7.231308937072754,True,0.0,5.107386750303708,False
74,1,50,rk4_32_gs6,rk4,32,6.0,0.9082455559671553,0.9735984034505258,2.2010984530414275,-0.06712505544432207,0.7737940549850464,6.530146598815918,True,0.0,5.402058549437086,False
74,2,50,rk4_32_gs6,rk4,32,6.0,1.0916956420975188,1.156958651865247,2.084091291415876,-0.056409111162633356,0.8733932375907898,8.824800491333008,True,0.0,5.125614561795739,False
75,0,51,rk4_32_gs6,rk4,32,6.0,1.2768719462096512,1.3352089674916374,1.9112220041901167,-0.04369130395721267,0.9771226048469543,9.54556941986084,True,0.0,4.712518054539473,False
75,1,51,rk4_32_gs6,rk4,32,6.0,1.1914289572314438,1.262510960057727,1.9837571376958238,-0.05630208727852316,0.9485507607460022,9.289783477783203,True,0.0,4.8749397133217744,False
75,2,51,rk4_32_gs6,rk4,32,6.0,1.227636703154546,1.2809365224475502,2.0481184670752404,-0.04161003917279292,0.9424784779548645,7.485026836395264,True,0.0,5.057881108928912,False
76,0,52,rk4_32_gs6,rk4,32,6.0,1.1395019597320413,1.1429032211330006,1.8387978223699775,-0.0029759837126258877,0.8314393758773804,8.90624713897705,True,0.0,4.592530580356005,False
76,1,52,rk4_32_gs6,rk4,32,6.0,1.2070638616860485,1.2201567627062286,1.8443153449254241,-0.010730507188138554,0.8959384560585022,8.145350456237793,True,0.0,4.594692601531352,False
76,2,52,rk4_32_gs6,rk4,32,6.0,1.2493613642037058,1.252344621980349,1.7441824618268778,-0.002382138031705886,0.8880340456962585,7.121152877807617,True,0.0,4.356882947519636,False
77,0,53,rk4_32_gs6,rk4,32,6.0,1.064228693865725,1.0882968925844234,1.782064111270989,-0.022115471119638973,0.7753164768218994,6.272140026092529,True,0.0,4.421987071498014,False
77,1,53,rk4_32_gs6,rk4,32,6.0,0.9337343382722088,0.9599248355268482,1.9834003654401389,-0.027283903918816608,0.7152511477470398,8.234872817993164,True,0.0,4.9175750577221224,False
77,2,53,rk4_32_gs6,rk4,32,6.0,1.1626537426979981,1.1993258191996377,1.8127671760705528,-0.03057724232130678,0.8595781326293945,7.202263832092285,True,0.0,4.486052076694422,False
78,0,54,rk4_32_gs6,rk4,32,6.0,1.433539179338204,1.458815383766944,1.683065421550772,-0.017326527082684503,1.0060213804244995,7.555675983428955,True,0.0,4.1816737632529035,False
78,1,54,rk4_32_gs6,rk4,32,6.0,1.5031823704630434,1.5375293331417386,1.6358150502526916,-0.022339061580777184,1.0215706825256348,8.89302921295166,True,0.0,4.056029033260563,False
78,2,54,rk4_32_gs6,rk4,32,6.0,1.5095625242349051,1.5574646360158508,1.623985773380589,-0.030756468150647323,1.0263099670410156,7.482315540313721,True,0.0,4.013829731225501,False
79,0,55,rk4_32_gs6,rk4,32,6.0,0.921956597407942,0.92464121417592,2.105349322420721,-0.002903414532886189,0.6916326880455017,7.236096382141113,True,0.0,5.259018184252474,False
79,1,55,rk4_32_gs6,rk4,32,6.0,1.003300156898569,1.005423827204978,1.945942894548293,-0.0021122140015225866,0.7328099012374878,7.638476371765137,True,0.0,4.861688915368449,False
79,2,55,rk4_32_gs6,rk4,32,6.0,1.0234660751645148,1.018185580095766,2.0434119371147657,0.005186181301438549,0.765658974647522,7.660698413848877,True,0.0,5.116309114739072,False
80,0,56,rk4_32_gs6,rk4,32,6.0,1.2492606810283737,1.2785245113815027,1.5526218804342873,-0.022888751731963725,0.8764449954032898,6.524148941040039,True,0.0,3.8472215734877726,False
80,1,56,rk4_32_gs6,rk4,32,6.0,0.9824555203779711,0.9862612242574766,2.272973128552947,-0.0038587179008112444,0.7713256478309631,8.083767890930176,True,0.0,5.67664474453115,False
80,2,56,rk4_32_gs6,rk4,32,6.0,1.082642475056783,1.0611128820084366,2.036940948687836,0.02028963478861886,0.7938932776451111,7.345635414123535,True,0.0,5.122786823902517,False
81,0,57,rk4_32_gs6,rk4,32,6.0,0.8431278407189036,0.8485492589497751,2.545552052603919,-0.006389043546736458,0.7437422871589661,8.130301475524902,True,0.0,6.354296566189692,False
81,1,57,rk4_32_gs6,rk4,32,6.0,0.8832493335407963,0.876053287385102,2.0857131859509392,0.008214164797020283,0.68119215965271,6.692533016204834,True,0.0,5.226604212072879,False
81,2,57,rk4_32_gs6,rk4,32,6.0,0.8525754488028319,0.8590198842394592,2.4042505241069785,-0.007502079381214975,0.7487863302230835,9.022111892700195,True,0.0,5.999373191195623,False
82,0,58,rk4_32_gs6,rk4,32,6.0,0.9335924516502425,0.9158834175091202,2.281129058261218,0.019335467385063046,0.8073989748954773,10.305575370788574,True,0.0,5.73182584673064,False
82,1,58,rk4_32_gs6,rk4,32,6.0,0.8868287869767961,0.8663222965882521,2.307433082737574,0.023670740361405002,0.7718300819396973,10.170052528381348,True,0.0,5.804088817386043,False
82,2,58,rk4_32_gs6,rk4,32,6.0,0.9398912377225489,0.9543639906274536,2.28254220377072,-0.015164814363690863,0.7900859117507935,8.4359769821167,True,0.0,5.683608287881264,False
83,0,59,rk4_32_gs6,rk4,32,6.0,1.4240266564025381,1.4524768262629593,2.0425454273814103,-0.019587348417631132,0.9956501722335815,10.107297897338867,True,0.0,5.07698254582708,False
83,1,59,rk4_32_gs6,rk4,32,6.0,1.423741573190897,1.3546977894714685,1.8182916805402105,0.050966188729593916,0.9480345249176025,7.241501331329346,True,0.0,4.622178484444917,False
83,2,59,rk4_32_gs6,rk4,32,6.0,1.485020181551686,1.4336163589603275,1.8354018112548005,0.03585605166369369,0.9691287875175476,8.938209533691406,True,0.0,4.642288605632542,False
84,0,60,rk4_32_gs6,rk4,32,6.0,1.0560832241483713,0.9860737130367937,2.3543630685570522,0.070998252438946,0.7250375151634216,6.499387264251709,True,0.0,5.99240505005105,False
84,1,60,rk4_32_gs6,rk4,32,6.0,0.9338922964760674,0.9588045069898212,2.327207063838876,-0.02598257525106995,0.6921975016593933,7.134740829467773,True,0.0,5.779043796720585,False
84,2,60,rk4_32_gs6,rk4,32,6.0,1.0387607087554964,1.0539888151024204,2.2938937320512305,-0.014448071919020752,0.7407097220420837,8.51314926147461,True,0.0,5.713062222249546,False
85,0,61,rk4_32_gs6,rk4,32,6.0,1.0400364342514186,1.003437270697137,2.507757534440003,0.03647379289002923,0.7490548491477966,8.180073738098145,True,0.0,6.324104525435052,False
85,1,61,rk4_32_gs6,rk4,32,6.0,1.0765798698099802,1.0206279885605245,2.46884406973128,0.05482103305843976,0.780148446559906,7.597597599029541,True,0.0,6.25434172391586,False
85,2,61,rk4_32_gs6,rk4,32,6.0,1.110976607440737,1.1103525289585914,2.2220196566726256,0.0005620543568360347,0.7663397192955017,7.053542613983154,True,0.0,5.5558922232168175,False
86,0,62,rk4_32_gs6,rk4,32,6.0,1.3974778829063699,1.359578198827656,2.6732000827591653,0.027876060260920286,0.9843966364860535,10.645747184753418,True,0.0,6.724814297289294,False
86,1,62,rk4_32_gs6,rk4,32,6.0,1.1420300205000382,1.1867935096077986,2.7026068375218335,-0.03771800938258701,0.9356963634490967,11.526959419250488,True,0.0,6.699940079730704,False
86,2,62,rk4_32_gs6,rk4,32,6.0,1.2787368142611082,1.262639556460139,2.549354405403737,0.0127488938479083,0.9260695576667786,10.92807674407959,True,0.0,6.392509354281205,False
87,0,63,rk4_32_gs6,rk4,32,6.0,1.171666504103404,1.3199405833413214,2.105430761189317,-0.1123339034998338,0.9047987461090088,8.177082061767578,True,0.0,5.095076047723542,False
87,1,63,rk4_32_gs6,rk4,32,6.0,1.603615823747255,1.5040574741031612,2.5302951810883663,0.0661931812423104,1.0203163623809814,9.252968788146973,True,0.0,6.425027724584381,False
87,2,63,rk4_32_gs6,rk4,32,6.0,1.62031344301525,1.432025590791735,2.6643119837788327,0.1314835797065463,1.000138759613037,8.792311668395996,True,0.0,6.858005329006901,False
88,0,64,rk4_32_gs6,rk4,32,6.0,1.4124399623680925,1.254625203592742,2.3946950196894887,0.12578637593567282,0.8433659672737122,8.2623291015625,True,0.0,6.1754171131272315,False
88,1,64,rk4_32_gs6,rk4,32,6.0,1.1966935767464468,1.1135203028088834,2.968835446356993,0.07469398894732038,0.7941584587097168,8.549188613891602,True,0.0,7.534129599313463,False
88,2,64,rk4_32_gs6,rk4,32,6.0,1.3124063741202248,1.2081166776028145,2.6033576556223323,0.08632419168412066,0.8239964246749878,8.809206008911133,True,0.0,6.6378804265820115,False
89,0,65,rk4_32_gs6,rk4,32,6.0,1.5351453037713656,1.3926646824223587,2.78218872654143,0.10230791526794607,0.9840198159217834,9.078872680664062,True,0.0,7.108933689255493,False
89,1,65,rk4_32_gs6,rk4,32,6.0,1.2982797456592883,1.193420627480875,3.004490450549866,0.08786434127681467,0.8650671243667603,9.61274528503418,True,0.0,7.643022638289887,False
89,2,65,rk4_32_gs6,rk4,32,6.0,1.2375187508887684,1.1505468375893917,2.3196410641976555,0.07559180530684077,0.7756765484809875,7.042598724365234,True,0.0,5.9124903684544,False
90,0,66,rk4_32_gs6,rk4,32,6.0,1.3053111155123773,1.509653771978695,2.134549376700286,-0.13535729774974428,0.9057621955871582,8.831388473510742,True,0.0,5.1333374951260975,False
90,1,66,rk4_32_gs6,rk4,32,6.0,1.5305968790209852,1.4539340959521636,2.4647507942311,0.052727824978433986,0.9525644779205322,8.394671440124512,True,0.0,6.240968723045402,False
90,2,66,rk4_32_gs6,rk4,32,6.0,1.3175693488236884,1.424678355158056,2.0066171383803173,-0.07518118401586366,0.954681932926178,9.462926864624023,True,0.0,4.903771069926997,False
91,0,67,rk4_32_gs6,rk4,32,6.0,1.1958701528400948,1.1821600466345734,2.281807178674666,0.011597504186152192,0.7470781207084656,7.736468315124512,True,0.0,5.721914202965893,False
91,1,67,rk4_32_gs6,rk4,32,6.0,1.341689150880803,1.2477078073274448,2.627031750760723,0.0753231984669806,0.8061643242835999,8.015560150146484,True,0.0,6.680564174602279,False
91,2,67,rk4_32_gs6,rk4,32,6.0,1.5679208236535123,1.467117338513106,2.4281829383046922,0.06870853598900496,0.9123218059539795,8.198612213134766,True,0.0,6.173520149745238,False
92,0,68,rk4_32_gs6,rk4,32,6.0,1.3293371291882023,1.332435648876918,3.383112011932415,-0.0023254553929660956,0.9510069489479065,12.546452522277832,True,0.0,8.45429184674159,False
92,1,68,rk4_32_gs6,rk4,32,6.0,1.413807646840994,1.4158560820857051,3.2223809065820888,-0.0014467820961194227,0.945829451084137,10.109055519104004,True,0.0,8.053782093311042,False
92,2,68,rk4_32_gs6,rk4,32,6.0,1.5056878697657823,1.5167320044678816,3.242746952850949,-0.007281533320818012,1.0238323211669922,10.968777656555176,True,0.0,8.095945082146146,False
93,0,69,rk4_32_gs6,rk4,32,6.0,1.1841402555740679,1.0962674002195705,3.1918044862888464,0.0801564057595194,0.6922128796577454,8.84223747253418,True,0.0,8.099745824361396,False
93,1,69,rk4_32_gs6,rk4,32,6.0,1.32681045196507,1.2304723446855452,3.2670784328678275,0.0782935975056056,0.7814796566963196,10.590258598327637,True,0.0,8.285136478427976,False
93,2,69,rk4_32_gs6,rk4,32,6.0,1.166378726172339,1.121622521920041,3.0118367915259574,0.03990308947849185,0.7267584800720215,11.178976058959961,True,0.0,7.5894466130326315,False
94,0,70,rk4_32_gs6,rk4,32,6.0,1.6433853598021493,1.719942738533921,2.7297851625664014,-0.04451158551470926,1.1586681604385376,14.709671020507812,True,0.0,6.757695528143939,False
94,1,70,rk4_32_gs6,rk4,32,6.0,1.8692732575107074,1.7027079364574154,3.2813932511099204,0.09782377617949163,1.116025686264038,11.909378051757812,True,0.0,8.35021879204404,False
94,2,70,rk4_32_gs6,rk4,32,6.0,1.747325992716725,1.6110738940663547,3.413189290586375,0.08457222124104283,1.0904756784439087,12.239811897277832,True,0.0,8.659831558327502,False
95,0,71,rk4_32_gs6,rk4,32,6.0,1.451170640159297,1.4137789496038053,2.8509864038148653,0.02644804571569675,0.8477063775062561,10.847450256347656,True,0.0,7.167138078110709,False
95,1,71,rk4_32_gs6,rk4,32,6.0,1.6288458210945636,1.4213909635011113,2.9073411269654086,0.1459520015681949,0.9042137861251831,9.749717712402344,True,0.0,7.4872808197658145,False
95,2,71,rk4_32_gs6,rk4,32,6.0,1.5877946437777228,1.369127877171775,2.769372699638787,0.1597124480881407,0.88680499792099,9.893117904663086,True,0.0,7.163000421229179,False
96,0,72,rk4_32_gs6,rk4,32,6.0,1.0734827588205735,1.0762011095032773,2.9026131953498986,-0.0025258760964292836,0.6265947818756104,6.652424335479736,True,0.0,7.252744174230102,False
96,1,72,rk4_32_gs6,rk4,32,6.0,1.222262229936945,1.169410109702228,2.553843390524321,0.04519553862606811,0.6946059465408325,6.940610885620117,True,0.0,6.452401784249904,False
96,2,72,rk4_32_gs6,rk4,32,6.0,1.246774486302097,1.154300342680789,2.6155628823529247,0.08011272231403449,0.6877238750457764,6.600921630859375,True,0.0,6.659076289353364,False
97,0,73,rk4_32_gs6,rk4,32,6.0,1.5047496791412323,1.3721503250165386,3.361079686799172,0.09663617079034965,0.7946887612342834,8.472711563110352,True,0.0,8.547653473183454,False
97,1,73,rk4_32_gs6,rk4,32,6.0,1.0910837276187106,1.0703702296641764,2.885494370277599,0.0193517132548762,0.648796796798706,8.006274223327637,True,0.0,7.242763495576311,False
97,2,73,rk4_32_gs6,rk4,32,6.0,1.0632488559909579,0.8588912293634259,2.31536179504069,0.237931902506065,0.6502105593681335,7.062840461730957,True,0.0,6.145302341360822,False
98,0,74,rk4_32_gs6,rk4,32,6.0,1.4980190570709404,1.3664570564656222,4.038322775148662,0.09627964451573062,0.8151673078536987,10.112383842468262,True,0.0,10.24022640464525,False
98,1,74,rk4_32_gs6,rk4,32,6.0,1.307989793166597,1.3021327129893017,3.5217696540216537,0.004498066958834404,0.7445534467697144,9.341436386108398,True,0.0,8.811171235492386,False
98,2,74,rk4_32_gs6,rk4,32,6.0,1.4660605571138638,1.3929835326669442,3.6168011125168675,0.0524607952704234,0.8113515377044678,10.227805137634277,True,0.0,9.120693974197804,False
99,0,75,rk4_32_gs6,rk4,32,6.0,1.8087820340719394,1.6858404902739013,3.0718617581083585,0.0729259640980648,0.9493051171302795,9.486517906188965,True,0.0,7.789043341417994,False
99,1,75,rk4_32_gs6,rk4,32,6.0,1.292519075751828,1.7534337031065037,2.663282544536755,-0.26286401585041264,0.9435148239135742,10.791436195373535,True,0.0,6.263910337566269,False
99,2,75,rk4_32_gs6,rk4,32,6.0,1.873174212873273,1.6036629387035242,3.0807696587536615,0.1680597998398817,0.9365102052688599,9.699094772338867,True,0.0,7.954013846643976,False
0,0,48,rk4_50_gs65,rk4,50,6.5,1.038198581677634,1.054625387347068,1.8835003031234396,-0.0155759625273162,0.7709512114524841,7.195703029632568,True,0.0,4.685386814017625,False
0,1,48,rk4_50_gs65,rk4,50,6.5,0.8607518904989873,0.8737691933803255,2.2472859227795663,-0.01489787329534919,0.674932062625885,6.197869777679443,True,0.0,5.595867997005892,False
0,2,48,rk4_50_gs65,rk4,50,6.5,0.9175662478382749,0.9345306001476158,2.0303712491544905,-0.018152805403197293,0.6917300820350647,7.225471496582031,True,0.0,5.048698914781431,False
1,0,49,rk4_50_gs65,rk4,50,6.5,1.1913004351470171,1.1940245499473712,1.672796055526476,-0.0022814562545297487,0.8373790979385376,6.98126745223999,True,0.0,4.178567954434396,False
1,1,49,rk4_50_gs65,rk4,50,6.5,1.232986540926243,1.2476014066268257,1.9265337679916776,-0.01171437087663566,0.8925762176513672,8.459354400634766,True,0.0,4.7987628636642405,False
1,2,49,rk4_50_gs65,rk4,50,6.5,1.2619331744542681,1.2663960759601665,1.8516522471759784,-0.00352409609866618,0.8950661420822144,7.582451343536377,True,0.0,4.623844473791947,False
2,0,50,rk4_50_gs65,rk4,50,6.5,1.065197070628507,1.1251624896559693,2.0249399829802956,-0.05329489655565077,0.8330142498016357,6.919086933135986,True,0.0,4.982407612617263,False
2,1,50,rk4_50_gs65,rk4,50,6.5,0.963310268003741,1.0309514606732129,2.0374781869174257,-0.0656104526678662,0.7715311646461487,6.920688629150391,True,0.0,4.995279788291765,False
2,2,50,rk4_50_gs65,rk4,50,6.5,1.2280198253864452,1.3016089907811321,1.8374578649199829,-0.05653707476709522,0.9399856925010681,7.366491794586182,True,0.0,4.508839050149315,False
3,0,51,rk4_50_gs65,rk4,50,6.5,1.3206271989091407,1.3879568347368074,1.8414423084543785,-0.04850989141556066,0.9725004434585571,6.914491653442383,True,0.0,4.5308409340126055,False
3,1,51,rk4_50_gs65,rk4,50,6.5,1.242674639482774,1.3143484124673752,1.9501384893055353,-0.054531790626758565,0.9479771256446838,8.832620620727539,True,0.0,4.793548537323701,False
3,2,51,rk4_50_gs65,rk4,50,6.5,1.464632774925039,1.5453548328485613,1.8563741001339045,-0.052235289711667104,1.0905147790908813,8.980735778808594,True,0.0,4.562582315767261,False
4,0,52,rk4_50_gs65,rk4,50,6.5,1.1490214533040248,1.151354625649159,1.771067664673304,-0.002026458462833729,0.8213918209075928,6.859524726867676,True,0.0,4.424629473989009,False
4,1,52,rk4_50_gs65,rk4,50,6.5,1.3107393561420038,1.3150780247923446,1.6816836948228715,-0.0032991720153138426,0.91142737865448,7.918865203857422,True,0.0,4.1992604790342085,False
4,2,52,rk4_50_gs65,rk4,50,6.5,1.211909012823528,1.218928584338506,1.5274274557245944,-0.005758804533408729,0.8413593173027039,6.444487571716309,True,0.0,3.809930432511373,False
5,0,53,rk4_50_gs65,rk4,50,6.5,1.0656332104417205,1.0981825970465056,1.8355072512692325,-0.02963932081598395,0.7736894488334656,6.6631903648376465,True,0.0,4.5443091469491055,False
5,1,53,rk4_50_gs65,rk4,50,6.5,1.1194014733491253,1.1506555808128212,1.868597119960124,-0.027162000265968368,0.828850269317627,7.623444557189941,True,0.0,4.630749799501357,False
5,2,53,rk4_50_gs65,rk4,50,6.5,0.9839855887516294,1.0170699998130355,1.9176165507225542,-0.03252913835055251,0.7417857646942139,7.2058234214782715,True,0.0,4.745247669280556,False
6,0,54,rk4_50_gs65,rk4,50,6.5,1.5891017526879678,1.628826560097447,1.611537913086444,-0.02438860474083656,1.0899441242218018,6.718291759490967,True,0.0,3.9922618756048553,False
6,1,54,rk4_50_gs65,rk4,50,6.5,1.5140026497117887,1.5504300424640312,1.6794105837451518,-0.02349502494120907,1.0748392343521118,9.492191314697266,True,0.0,4.163283921951066,False
6,2,54,rk4_50_gs65,rk4,50,6.5,1.565652058778828,1.610046299367692,1.6155300356957834,-0.027573269371549185,1.0702779293060303,7.152616024017334,True,0.0,3.997465185182135,False
7,0,55,rk4_50_gs65,rk4,50,6.5,1.125397058591848,1.1179038604983398,1.6778372059015876,0.0067029002146382355,0.8018959164619446,7.075356960296631,True,0.0,4.204647365075926,False
7,1,55,rk4_50_gs65,rk4,50,6.5,1.1670583069961973,1.171380877644339,1.9276488378735857,-0.0036901495437871874,0.8469513058662415,8.033073425292969,True,0.0,4.813586870368283,False
7,2,55,rk4_50_gs65,rk4,50,6.5,0.9105335546018009,0.9125805660072669,2.090939912409359,-0.002243102098909605,0.7100874185562134,9.374743461608887,True,0.0,5.223985127875033,False
8,0,56,rk4_50_gs65,rk4,50,6.5,1.099411764065645,1.1015204432146737,1.9568194624967876,-0.0019143349929407387,0.8227041363716125,9.535929679870605,True,0.0,4.889177153752558,False
8,1,56,rk4_50_gs65,rk4,50,6.5,1.2320412360380386,1.2203566639533163,1.888135313373264,0.009574718878596695,0.8712654113769531,7.65823221206665,True,0.0,4.734700361751054,False
8,2,56,rk4_50_gs65,rk4,50,6.5,1.0380087093553654,1.0181417133115587,2.0921263050847307,0.01951299665746756,0.7784161567687988,8.488937377929688,True,0.0,5.259585257698029,False
9,0,57,rk4_50_gs65,rk4,50,6.5,0.7763433033316992,0.7907635625265301,2.336373019936145,-0.018235866820164023,0.6868345737457275,9.047296524047852,True,0.0,5.813578749610117,False
9,1,57,rk4_50_gs65,rk4,50,6.5,0.8233274787602646,0.8311584712212056,2.1161242151738375,-0.009421780127220813,0.6322254538536072,5.621791839599609,True,0.0,5.276177867743763,False
9,2,57,rk4_50_gs65,rk4,50,6.5,0.7869730617025329,0.8004429198343881,2.394288300852051,-0.016828005632634063,0.6818718314170837,7.642813205718994,True,0.0,5.9604787436811755,False
10,0,58,rk4_50_gs65,rk4,50,6.5,0.9196837709474611,0.9141231858612532,2.2896649801161546,0.006082971213709283,0.7475177645683289,7.94626522064209,True,0.0,5.73328690711095,False
10,1,58,rk4_50_gs65,rk4,50,6.5,0.9701007440780358,0.9308721061386167,2.132666633343129,0.04214181224177688,0.7633153796195984,7.46256685256958,True,0.0,5.394879301720488,False
10,2,58,rk4_50_gs65,rk4,50,6.5,0.9019342348482376,0.9389513256899006,2.0998703636949005,-0.0394238651510777,0.7320458292961121,7.191230773925781,True,0.0,5.190540111510635,False
11,0,59,rk4_50_gs65,rk4,50,6.5,1.4811715183593912,1.4705933897853445,1.9105330136773169,0.007193102169226897,0.9896859526634216,9.696682929992676,True,0.0,4.787122187447133,False
11,1,59,rk4_50_gs65,rk4,50,6.5,1.3919742210292152,1.329160646263584,1.775818649233363,0.04725807559050606,0.9398798942565918,7.625608444213867,True,0.0,4.5104337364691665,False
11,2,59,rk4_50_gs65,rk4,50,6.5,1.1851872983620326,1.2631055941233853,1.6621807469133694,-0.06168787115423272,0.9854962825775146,8.312849044799805,True,0.0,4.062920060552074,False
12,0,60,rk4_50_gs65,rk4,50,6.5,0.9046871771364301,0.9192333407305799,2.496503234036496,-0.01582423394733119,0.7053661346435547,9.199387550354004,True,0.0,6.217521734170243,False
12,1,60,rk4_50_gs65,rk4,50,6.5,1.045019052799784,1.0471229965075672,2.4617125407885565,-0.002009261275616919,0.759692907333374,7.448050498962402,True,0.0,6.151267460057967,False
12,2,60,rk4_50_gs65,rk4,50,6.5,1.0090051305014864,0.9807699515519301,2.4416486219222056,0.028788788458486335,0.7582678198814392,7.449549198150635,True,0.0,6.1473047374932435,False
13,0,61,rk4_50_gs65,rk4,50,6.5,1.0691194650059064,1.0688760634602803,2.0687625561443954,0.00022771727393813832,0.8379012942314148,7.346570014953613,True,0.0,5.172247966271896,False
13,1,61,rk4_50_gs65,rk4,50,6.5,0.9548983497424213,0.9614933578413113,2.398933404150601,-0.006859130098522413,0.7376429438591003,8.067136764526367,True,0.0,5.987044815228718,False
13,2,61,rk4_50_gs65,rk4,50,6.5,1.1164566412756067,1.127919023038138,1.9340649230513995,-0.010162415409957581,0.8419584631919861,7.431580066680908,True,0.0,4.819918684513563,False
14,0,62,rk4_50_gs65,rk4,50,6.5,1.3456282233804149,1.338048159433725,2.231522415701677,0.005665015744461442,0.9541053771972656,11.364945411682129,True,0.0,5.587303562870885,False
14,1,62,rk4_50_gs65,rk4,50,6.5,1.3450274081443792,1.3649869094690497,2.488745896564787,-0.014622485417248041,1.0111886262893677,16.52271270751953,True,0.0,6.199931013286095,False
14,2,62,rk4_50_gs65,rk4,50,6.5,1.3484479139392571,1.334569340732995,2.5229156376590254,0.010399289627503765,0.9551630020141602,10.41629409790039,True,0.0,6.322888028588819,False
15,0,63,rk4_50_gs65,rk4,50,6.5,1.7217919132259498,1.4576193324282272,2.7263808081506764,0.18123564438822645,1.029542326927185,9.313594818115234,True,0.0,7.087805486959031,False
15,1,63,rk4_50_gs65,rk4,50,6.5,1.7949322135406667,1.572949376932237,2.67343026815944,0.1411252252949909,1.1105616092681885,12.442242622375488,True,0.0,6.8952635083410865,False
15,2,63,rk4_50_gs65,rk4,50,6.5,1.8209620091350165,1.5707836739319796,2.525590574763677,0.15926975672219326,1.064060091972351,8.663206100463867,True,0.0,6.5528810719924815,False
16,0,64,rk4_50_gs65,rk4,50,6.5,1.2354185784876741,1.2161757189159685,2.696670592923397,0.01582243348077468,0.8496814966201782,10.598358154296875,True,0.0,6.765410132529655,False
16,1,64,rk4_50_gs65,rk4,50,6.5,1.2040151870890448,1.2300392094290968,2.483195875005915,-0.021157067131673018,0.8362779021263123,9.520623207092285,True,0.0,6.176254086817278,False
16,2,64,rk4_50_gs65,rk4,50,6.5,1.1993476340919191,1.143224788856745,2.8014183333940004,0.049091696831015566,0.8190058469772339,9.181719779968262,True,0.0,7.077183378731524,False
17,0,65,rk4_50_gs65,rk4,50,6.5,1.2788002754726133,1.1679855679844382,3.015996588027571,0.09487677722819586,0.8371710777282715,9.987689018249512,True,0.0,7.682306635911221,False
17,1,65,rk4_50_gs65,rk4,50,6.5,1.417978021214842,1.3133143956036712,2.7434706408778182,0.07969426449949103,0.9050677418708801,9.09636402130127,True,0.0,6.978217998943783,False
17,2,65,rk4_50_gs65,rk4,50,6.5,1.4515023165664438,1.388706836228797,2.7341194281501977,0.045218672686878084,0.9575716257095337,10.338988304138184,True,0.0,6.903126579405812,False
18,0,66,rk4_50_gs65,rk4,50,6.5,1.3304855413609995,1.33951025202122,2.294285319479394,-0.00673732103149623,0.8904246091842651,8.240238189697266,True,0.0,5.7256073171512405,False
18,1,66,rk4_50_gs65,rk4,50,6.5,1.4879991503872692,1.50514500759364,2.021557694476227,-0.011391498497455606,0.9187150597572327,7.615564823150635,True,0.0,5.036806988444384,False
18,2,66,rk4_50_gs65,rk4,50,6.5,1.629933989839456,1.4731503195968496,2.4931354459562165,0.1064274752499378,0.9727503657341003,9.613043785095215,True,0.0,6.392479827765448,False
19,0,67,rk4_50_gs65,rk4,50,6.5,1.0773036657210298,1.1923767205103448,1.829550785128618,-0.09650729659917388,0.8294650316238403,8.84663200378418,True,0.0,4.429116017922784,False
19,1,67,rk4_50_gs65,rk4,50,6.5,1.308209531203713,1.2496372968832987,2.5160116876950394,0.04687138739999558,0.8154973387718201,8.1574068069458,True,0.0,6.3603363003375915,False
19,2,67,rk4_50_gs65,rk4,50,6.5,1.0675636852693924,1.0178884834475563,1.8430273526701413,0.04880220391684329,0.7821828126907349,7.419600486755371,True,0.0,4.680771687550618,False
20,0,68,rk4_50_gs65,rk4,50,6.5,1.588036944414961,1.5980590839792173,3.0849586672151545,-0.006271444905895756,1.0604579448699951,11.515853881835938,True,0.0,7.702989500679043,False
20,1,68,rk4_50_gs65,rk4,50,6.5,1.6680739123461672,1.720789578917211,3.050726573090982,-0.03063458014306941,1.08916437625885,12.063827514648438,True,0.0,7.580864562512851,False
20,2,68,rk4_50_gs65,rk4,50,6.5,1.2994869896996015,1.296774672356956,2.5961303989548665,0.0020915872121406347,1.039982795715332,11.60359001159668,True,0.0,6.4934633782053774,False
21,0,69,rk4_50_gs65,rk4,50,6.5,1.206623189066219,1.1814892683374936,2.7212064708579233,0.021273084055482904,0.704587459564209,6.986038684844971,True,0.0,6.834925803228033,False
21,1,69,rk4_50_gs65,rk4,50,6.5,1.250998931249062,1.2123272603193207,2.8407072775499898,0.03189870580041914,0.7670537233352661,8.912809371948242,True,0.0,7.149616252575603,False
21,2,69,rk4_50_gs65,rk4,50,6.5,1.3740038890432462,1.2907621562923635,3.494619871496642,0.06449037237432333,0.7872076034545898,8.200481414794922,True,0.0,8.833285237303091,False
22,0,70,rk4_50_gs65,rk4,50,6.5,1.5420232964052476,1.4850572636805834,3.5623297998308394,0.03835948534394157,1.0517990589141846,14.882139205932617,True,0.0,8.963363727593011,False
22,1,70,rk4_50_gs65,rk4,50,6.5,1.9373469150437321,1.7722675064753362,3.5628361059308897,0.09314587500689732,1.1702616214752197,12.095792770385742,True,0.0,9.04680907733757,False
22,2,70,rk4_50_gs65,rk4,50,6.5,1.6509187417643434,1.5825848396574795,3.5020091977951995,0.04317866566311022,1.096907377243042,12.165192604064941,True,0.0,8.819790992982663,False
23,0,71,rk4_50_gs65,rk4,50,6.5,1.4846510013558787,1.4904684052794344,2.7671623274792827,-0.003903070916444092,0.9316853880882263,10.966137886047363,True,0.0,6.912051212323541,False
23,1,71,rk4_50_gs65,rk4,50,6.5,1.778532898881822,1.739624017633438,2.6702582475109193,0.02236625881818563,0.9636425971984863,9.889803886413574,True,0.0,6.709195007004577,False
23,2,71,rk4_50_gs65,rk4,50,6.5,1.8145890549752621,1.5440482179229142,3.178076230748663,0.17521527641418627,0.9197322726249695,9.000519752502441,True,0.0,8.208013491492938,False
24,0,72,rk4_50_gs65,rk4,50,6.5,1.2653011163408834,1.204103570497386,2.56017744297575,0.05082415403018588,0.6764323711395264,7.044180393218994,True,0.0,6.476679838484653,False
24,1,72,rk4_50_gs65,rk4,50,6.5,1.3411510724638205,1.226359200277577,2.551232446665092,0.09360379179625625,0.7037540078163147,6.029812812805176,True,0.0,6.518486804357115,False
24,2,72,rk4_50_gs65,rk4,50,6.5,1.2052837056457326,1.116317819033332,2.491298070795045,0.07969583957056386,0.6568417549133301,5.773676872253418,True,0.0,6.347788936343458,False
25,0,73,rk4_50_gs65,rk4,50,6.5,0.9580735238622643,0.9416355821869019,2.49151443181681,0.01745679731283955,0.7672826051712036,10.367447853088379,True,0.0,6.254971275511284,False
25,1,73,rk4_50_gs65,rk4,50,6.5,1.3387374328005512,1.2560217484715808,3.4147093348596207,0.06585529571527883,0.7809984087944031,8.84543228149414,True,0.0,8.63555628072197,False
25,2,73,rk4_50_gs65,rk4,50,6.5,1.3425492245244335,1.216651286439229,3.6224018394770146,0.10347906458791424,0.7304926514625549,9.273675918579102,True,0.0,9.211223195574409,False
26,0,74,rk4_50_gs65,rk4,50,6.5,1.2084263033921552,1.2255357216062388,3.3881513542023236,-0.013960766522620523,0.7949833273887634,10.41319751739502,True,0.0,8.449437235721877,False
26,1,74,rk4_50_gs65,rk4,50,6.5,1.2622986670595124,1.2259963869543384,3.5353340987831725,0.029610429684261187,0.8359026312828064,11.685519218444824,True,0.0,8.882750891484324,False
26,2,74,rk4_50_gs65,rk4,50,6.5,1.3770417576908092,1.3974372747211952,3.6269696819493715,-0.014594942652081265,0.8399631381034851,11.83557415008545,True,0.0,9.045531790895307,False
27,0,75,rk4_50_gs65,rk4,50,6.5,1.7456458625557676,1.6307481064682166,3.077504442208372,0.07045708342523811,0.9634925723075867,10.086612701416016,True,0.0,7.799446730658787,False
27,1,75,rk4_50_gs65,rk4,50,6.5,2.1602286030753857,1.7218834786831319,3.5139473738761047,0.2545730458960919,0.9900199174880981,9.199759483337402,True,0.0,9.1667280035344,False
27,2,75,rk4_50_gs65,rk4,50,6.5,1.7052697301446105,1.5042149378633447,3.5021502187594873,0.13366094557619784,0.8572255373001099,9.668601989746094,True,0.0,8.955866965263017,False
28,0,76,rk4_50_gs65,rk4,50,6.5,1.1854947405437504,1.168528583957474,3.1735783052573265,0.014519248115971968,0.6287766098976135,8.158327102661133,True,0.0,7.955724635317274,False
28,1,76,rk4_50_gs65,rk4,50,6.5,1.1523326036447628,1.1468142928015113,2.574568950061415,0.004811860847716159,0.6217352151870728,6.955883979797363,True,0.0,6.443640166425112,False
28,2,76,rk4_50_gs65,rk4,50,6.5,1.2532353708020583,1.2293274462779968,3.154643989731599,0.019447970841265386,0.6653890609741211,7.068129539489746,True,0.0,7.915781930590896,False
29,0,77,rk4_50_gs65,rk4,50,6.5,1.5943532568444028,1.5618019418542899,3.1760719913452116,0.020842152842404562,0.8691195845603943,11.71943473815918,True,0.0,7.971443207626636,False
29,1,77,rk4_50_gs65,rk4,50,6.5,0.7688194938435654,1.910796819860899,1.374798593057781,-0.5976445575851551,0.8762577176094055,10.934113502502441,True,0.0,2.54052964626672,False
29,2,77,rk4_50_gs65,rk4,50,6.5,0.8291327214875992,1.8237713360781913,1.6838664335926683,-0.5453746253495249,0.8987378478050232,11.752728462219238,True,0.0,3.3916041459573836,False
30,0,78,rk4_50_gs65,rk4,50,6.5,1.9479591073014897,1.7005101336474566,3.9015281534652186,0.14551455313478756,1.0025185346603394,12.205272674560547,True,0.0,9.97209221336523,False
30,1,78,rk4_50_gs65,rk4,50,6.5,1.6643197683194983,1.4858385437104826,4.148422701688442,0.12012154629001032,0.9005617499351501,10.691445350646973,True,0.0,10.55123907365612,False
30,2,78,rk4_50_gs65,rk4,50,6.5,1.899464772785939,1.5091843295432532,4.395084001464657,0.2586035602256529,0.9452024698257446,11.5114107131958,True,0.0,11.37561534400012,False
31,0,79,rk4_50_gs65,rk4,50,6.5,1.3942686819322296,1.3871188019831862,2.915019588105888,0.005154482721506157,0.7431932687759399,8.73285961151123,True,0.0,7.29528069434698,False
31,1,79,rk4_50_gs65,rk4,50,6.5,1.161019501933991,1.2135053023204934,3.157608272264696,-0.043251397298078344,0.6729421615600586,7.273204326629639,True,0.0,7.829143584714622,False
31,2,79,rk4_50_gs65,rk4,50,6.5,1.4021122103559223,1.3907633117757057,3.8319120060960246,0.00816019404777406,0.7136756181716919,8.264054298400879,True,0.0,9.592020306311722,False
32,0,80,rk4_50_gs65,rk4,50,6.5,1.3359234923566519,1.17855142905084,2.982775735344623,0.13353007606740794,0.7016378045082092,9.617944717407227,True,0.0,7.65723445246267,False
32,1,80,rk4_50_gs65,rk4,50,6.5,0.7676431437734298,0.8170409909575066,2.375859315025715,-0.06045944710998161,0.5413174629211426,8.38406753540039,True,0.0,5.848959116899315,False
32,2,80,rk4_50_gs65,rk4,50,6.5,1.100302070731573,1.0353395341243272,3.4690072983323925,0.06274515155527063,0.6649353504180908,10.545923233032227,True,0.0,8.766635973163886,False
33,0,81,rk4_50_gs65,rk4,50,6.5,1.5982923520685592,1.433149500410811,3.3631463391460583,0.11523072119001052,0.7588282227516174,8.767988204956055,True,0.0,8.580711929650162,False
33,1,81,rk4_50_gs65,rk4,50,6.5,1.5005626737035118,1.316478344046017,3.5992077814721832,0.13983088221066198,0.6596882939338684,8.009665489196777,True,0.0,9.207765776996451,False
33,2,81,rk4_50_gs65,rk4,50,6.5,1.3656330009076256,1.170157950614258,4.402179826901129,0.16705013927415036,0.6699749827384949,9.714895248413086,True,0.0,11.256024776164049,False
34,0,82,rk4_50_gs65,rk4,50,6.5,1.9489524025834748,1.5019614126664498,4.266153415995252,0.29760484069123205,0.8852137923240662,10.008140563964844,True,0.0,11.111790801024977,False
34,1,82,rk4_50_gs65,rk4,50,6.5,1.747204708892095,1.3132542227062556,4.071679231784126,0.33043905390016287,0.7537660598754883,8.57668685913086,True,0.0,10.674856660310558,False
34,2,82,rk4_50_gs65,rk4,50,6.5,1.9333016521038582,1.5133926514069276,4.050872194650133,0.27746203044658724,0.887650728225708,10.818611145019531,True,0.0,10.543373532295213,False
35,0,83,rk4_50_gs65,rk4,50,6.5,0.4994911828530473,0.574018697872325,1.1754865540290549,-0.12983464475491333,0.7477315068244934,9.424180030822754,True,0.0,2.7439644179402674,False
35,1,83,rk4_50_gs65,rk4,50,6.5,1.6715202126493074,1.3567753108601914,3.685634772391985,0.2319801200316414,0.825374960899353,10.284476280212402,True,0.0,9.562057111027423,False
35,2,83,rk4_50_gs65,rk4,50,6.5,1.1914422692986213,1.0258363763434462,2.5841232888863828,0.1614349960284319,0.8362427353858948,10.034549713134766,True,0.0,6.702460716258605,False
36,0,48,rk4_50_gs65,rk4,50,6.5,1.0649090052403851,1.0849767408761748,1.9320525886260067,-0.018496005208944746,0.7883704900741577,6.835504055023193,True,0.0,4.8023874637516,False
36,1,48,rk4_50_gs65,rk4,50,6.5,0.9751666902896369,0.996001847908599,1.9362652752574137,-0.02091879392947292,0.725864052772522,6.954176425933838,True,0.0,4.809284997249325,False
36,2,48,rk4_50_gs65,rk4,50,6.5,1.2068404184043982,1.2226457310369372,1.5552803664267862,-0.012927139973623436,0.8236784934997559,7.654136657714844,True,0.0,3.8688102061065304,False
37,0,49,rk4_50_gs65,rk4,50,6.5,1.1843325623287617,1.1903808709698724,2.004236362006406,-0.005080986042200891,0.8709879517555237,7.769735813140869,True,0.0,5.002969425952713,False
37,1,49,rk4_50_gs65,rk4,50,6.5,1.0001230950170936,1.0079035303157275,2.1645470476389197,-0.007719424515759406,0.767412006855011,8.377309799194336,True,0.0,5.39978848232366,False
37,2,49,rk4_50_gs65,rk4,50,6.5,0.9854968189409803,1.0158121617020959,2.2422736730142727,-0.029843452958748434,0.7805070877075195,7.955881118774414,True,0.0,5.560919003097559,False
38,0,50,rk4_50_gs65,rk4,50,6.5,1.1088585839478453,1.1757751377497494,2.0539536210788607,-0.05691271322579999,0.877499520778656,7.8809733390808105,True,0.0,5.049514982858452,False
38,1,50,rk4_50_gs65,rk4,50,6.5,1.0231116554772697,1.0846605801522524,2.1098570821906812,-0.05674487045421573,0.8373294472694397,7.521039962768555,True,0.0,5.18952539979538,False
38,2,50,rk4_50_gs65,rk4,50,6.5,1.0610076791509415,1.1345560030894435,2.0845095375795224,-0.06482564376722733,0.859094500541687,7.718341827392578,True,0.0,5.114035378297965,False
39,0,51,rk4_50_gs65,rk4,50,6.5,1.2492754766981693,1.3384406495726546,2.091712829967427,-0.06661869709110192,1.0091575384140015,10.670004844665527,True,0.0,5.129354029281915,False
39,1,51,rk4_50_gs65,rk4,50,6.5,1.232885020029576,1.2986657404894775,1.9975109742385078,-0.050652541221717896,0.967043399810791,9.887720108032227,True,0.0,4.917798623763693,False
39,2,51,rk4_50_gs65,rk4,50,6.5,1.2593531130947602,1.3112986706682115,2.0163588949206934,-0.03961382585009611,1.0170722007751465,10.669465065002441,True,0.0,4.981476498526589,False
40,0,52,rk4_50_gs65,rk4,50,6.5,1.2361830010525523,1.2483946271157054,1.802640350797869,-0.009781863603136622,0.8925522565841675,8.131424903869629,True,0.0,4.491928081589967,False
40,1,52,rk4_50_gs65,rk4,50,6.5,1.2126619982305948,1.2182988639138945,1.7430916425849847,-0.004626833204885718,0.8655389547348022,7.185650825500488,True,0.0,4.350788856655133,False
40,2,52,rk4_50_gs65,rk4,50,6.5,1.1670234728976896,1.1773025567180286,1.9378870071365695,-0.008731046810671692,0.8932530879974365,10.097911834716797,True,0.0,4.831620947625416,False
41,0,53,rk4_50_gs65,rk4,50,6.5,0.9389018015032208,0.965223545142229,1.6787657705053127,-0.02727010079559195,0.7088072299957275,5.967316150665283,True,0.0,4.156009275069894,False
41,1,53,rk4_50_gs65,rk4,50,6.5,1.0888643794644617,1.1150832213726394,1.82660229495028,-0.02351290125303289,0.7916598916053772,8.308797836303711,True,0.0,4.531236385496151,False
41,2,53,rk4_50_gs65,rk4,50,6.5,1.1155339130365278,1.1441446330757563,1.7832843415638542,-0.025006208972246275,0.8175037503242493,7.632517337799072,True,0.0,4.420701540451266,False
42,0,54,rk4_50_gs65,rk4,50,6.5,1.5555516692500297,1.5867201697531839,1.6738439123635662,-0.019643350416078034,1.0584055185317993,8.704752922058105,True,0.0,4.155144755284798,False
42,1,54,rk4_50_gs65,rk4,50,6.5,1.6021627465794708,1.6290547876919261,1.6170798274704534,-0.016507757228643553,1.091169834136963,8.764518737792969,True,0.0,4.017937932833168,False
42,2,54,rk4_50_gs65,rk4,50,6.5,1.57045472109102,1.6252586809074199,1.763776264700362,-0.03372014567465658,1.0778188705444336,7.707301616668701,True,0.0,4.35886044323892,False
43,0,55,rk4_50_gs65,rk4,50,6.5,1.1865819085340563,1.1797552497820945,1.6957719885927804,0.005786504188354098,0.8239601254463196,7.046035289764404,True,0.0,4.248109727764483,False
43,1,55,rk4_50_gs65,rk4,50,6.5,1.1179563617237054,1.1215301238737394,1.8624085099101957,-0.003186505687270594,0.8157364726066589,7.023926734924316,True,0.0,4.651241516244584,False
43,2,55,rk4_50_gs65,rk4,50,6.5,1.031465327572799,1.0251448135907437,1.8690670651558756,0.006165483975148575,0.7438380122184753,8.111605644226074,True,0.0,4.681915888852411,False
44,0,56,rk4_50_gs65,rk4,50,6.5,1.1012981702584352,1.0730154870077402,2.139830942291254,0.026358131200868423,0.8333962559700012,8.74234676361084,True,0.0,5.3891145525294375,False
44,1,56,rk4_50_gs65,rk4,50,6.5,1.1021041873579949,1.0751354930489874,2.0982839407526646,0.025083995675453667,0.8293678760528564,6.82082462310791,True,0.0,5.283335845394842,False
44,2,56,rk4_50_gs65,rk4,50,6.5,1.1206620172212822,1.1041940808936719,1.9084446622910087,0.014913987009550227,0.8166277408599854,5.78570556640625,True,0.0,4.793482636241847,False
45,0,57,rk4_50_gs65,rk4,50,6.5,0.910770431311102,0.9137364418063899,2.214988278090918,-0.0032460240471136946,0.7143314480781555,7.452179908752441,True,0.0,5.532601659156624,False
45,1,57,rk4_50_gs65,rk4,50,6.5,0.8166034381266425,0.8344747574038871,2.5360537760535675,-0.021416248849373376,0.7515932321548462,8.751829147338867,True,0.0,6.308010066859858,False
45,2,57,rk4_50_gs65,rk4,50,6.5,0.8535263211822968,0.8561249261735312,2.2337393811862927,-0.0030353104803242303,0.7115976214408875,7.731982231140137,True,0.0,5.579795487245246,False
46,0,58,rk4_50_gs65,rk4,50,6.5,0.9788897236599146,0.965948695717024,2.055464860308792,0.013397220645670215,0.8149773478507996,8.014507293701172,True,0.0,5.158757981740485,False
46,1,58,rk4_50_gs65,rk4,50,6.5,1.030923256638838,1.0448528191127908,2.434226873945983,-0.013331602390147853,0.8458967208862305,8.977808952331543,True,0.0,6.065569781279735,False
46,2,58,rk4_50_gs65,rk4,50,6.5,0.9126329793002128,0.9060282535393109,2.4735084390168454,0.007289756872595959,0.7571356892585754,7.314507961273193,True,0.0,6.194705732851007,False
47,0,59,rk4_50_gs65,rk4,50,6.5,1.4118869028011227,1.3865893148558706,1.960630930982584,0.018244470436754395,0.966636061668396,8.98867416381836,True,0.0,4.928944033111591,False
47,1,59,rk4_50_gs65,rk4,50,6.5,1.4098255947239302,1.4050501074192099,1.760891916420336,0.0033988021106976045,0.9654000401496887,7.7314629554748535,True,0.0,4.407327994216886,False
47,2,59,rk4_50_gs65,rk4,50,6.5,1.5921595733123581,1.5344341575390876,1.8454012961829385,0.0376200015578707,1.0247528553009033,8.844969749450684,True,0.0,4.669933242794152,False
48,0,60,rk4_50_gs65,rk4,50,6.5,1.0243914175483901,1.0115936955408649,2.3723951207330467,0.012651049465242335,0.740226149559021,8.427560806274414,True,0.0,5.94996437603048,False
48,1,60,rk4_50_gs65,rk4,50,6.5,0.9248304245396609,0.9503889472478836,2.5739638590239635,-0.026892697472237586,0.7525794506072998,9.532660484313965,True,0.0,6.394570601351552,False
48,2,60,rk4_50_gs65,rk4,50,6.5,1.0124010528540948,1.0008798793772677,2.3825299922764844,0.011511045030583358,0.7376957535743713,6.867742538452148,True,0.0,5.973591548237087,False
49,0,61,rk4_50_gs65,rk4,50,6.5,1.067497638366978,1.0564374240349645,2.3952918732844113,0.01046935102419656,0.7639307975769043,6.58132266998291,True,0.0,6.003933709747322,False
49,1,61,rk4_50_gs65,rk4,50,6.5,1.1449252204177829,1.1148023431994476,2.3370494938224655,0.02702082313683998,0.8057087659835815,7.808804035186768,True,0.0,5.883154969261424,False
49,2,61,rk4_50_gs65,rk4,50,6.5,1.0376170210094444,0.9898687761339998,2.514233028421393,0.04823694366798718,0.7694544792175293,7.924455165863037,True,0.0,6.357937986555465,False
50,0,62,rk4_50_gs65,rk4,50,6.5,1.234512906098921,1.242096370719677,2.2520641842022635,-0.006105375346446214,0.9900010824203491,12.152215003967285,True,0.0,5.621002397485989,False
50,1,62,rk4_50_gs65,rk4,50,6.5,1.4011526223574722,1.406582520833492,2.674327127055989,-0.003860348295952562,1.022144079208374,14.454471588134766,True,0.0,6.6800272951960435,False
50,2,62,rk4_50_gs65,rk4,50,6.5,1.3269001504537665,1.3168855514653814,2.659780991949891,0.007604760262722607,0.96180260181427,11.369980812072754,True,0.0,6.660859620268812,False
51,0,63,rk4_50_gs65,rk4,50,6.5,1.5656885451848803,1.4445621567610043,2.5175607939909415,0.08384989667524347,0.993499219417572,8.792914390563965,True,0.0,6.419676829990219,False
51,1,63,rk4_50_gs65,rk4,50,6.5,1.7839417352789289,1.5051213258884832,2.612827005074594,0.18524779547149006,1.0514860153198242,11.010467529296875,True,0.0,6.80993920589372,False
51,2,63,rk4_50_gs65,rk4,50,6.5,1.6596804247631796,1.486991595385256,2.651162385259456,0.11613302237384367,1.0222808122634888,9.139810562133789,True,0.0,6.802105496709405,False
52,0,64,rk4_50_gs65,rk4,50,6.5,1.1990994374742636,1.1186738824993696,2.6598959515178526,0.0718936550804857,0.798854410648346,10.432734489440918,True,0.0,6.757580361415361,False
52,1,64,rk4_50_gs65,rk4,50,6.5,1.277753172416204,1.1879112450835747,2.7757486978679484,0.0756301676140853,0.8617964386940002,9.284952163696289,True,0.0,7.052816996090999,False
52,2,64,rk4_50_gs65,rk4,50,6.5,1.4277470030584185,1.286004129337571,2.5587381413868657,0.11021960924158468,0.8805968761444092,10.985197067260742,True,0.0,6.562174767329541,False
53,0,65,rk4_50_gs65,rk4,50,6.5,1.3166130350919991,1.2073479054586378,2.808128471708037,0.09050011867693875,0.852329432964325,10.16256046295166,True,0.0,7.1560713572855015,False
53,1,65,rk4_50_gs65,rk4,50,6.5,1.5059101950007325,1.3519867780386887,2.3737895303325827,0.11384979374342756,0.9455992579460144,10.164502143859863,True,0.0,6.105248516446599,False
53,2,65,rk4_50_gs65,rk4,50,6.5,1.331677804539821,1.2345976204025173,2.6918862620857436,0.07863305561800935,0.8696845173835754,9.821161270141602,True,0.0,6.8476652386413726,False
54,0,66,rk4_50_gs65,rk4,50,6.5,1.3485216447927224,1.327325817586851,2.6096529539738835,0.015968819987784443,0.8970438838005066,8.35623836517334,True,0.0,6.548085614916386,False
54,1,66,rk4_50_gs65,rk4,50,6.5,1.459465810162408,1.4468870341927005,2.339364063613174,0.008693682081261558,0.9139538407325745,8.85559368133545,True,0.0,5.861450682154828,False
54,2,66,rk4_50_gs65,rk4,50,6.5,1.1557881495930298,1.4238811931406279,1.9757612341057333,-0.18828329424973822,0.8832275867462158,8.72127628326416,True,0.0,4.6569781438897255,False
55,0,67,rk4_50_gs65,rk4,50,6.5,1.034827061791707,1.073989603576455,2.9854334643448457,-0.03646454424669348,0.7848655581474304,9.055609703063965,True,0.0,7.408886844492074,False
55,1,67,rk4_50_gs65,rk4,50,6.5,1.284889978782039,1.2506958243269457,2.4899206312334794,0.02734010421766104,0.8083139657974243,9.248619079589844,True,0.0,6.26581173441019,False
55,2,67,rk4_50_gs65,rk4,50,6.5,1.2590116766026176,1.2029818964362717,2.199890714851267,0.046575746373716594,0.7667549848556519,7.988736152648926,True,0.0,5.569590406688743,False
56,0,68,rk4_50_gs65,rk4,50,6.5,1.5038079825236719,1.530147764554419,3.202068284172534,-0.017213881213804554,1.0591285228729248,13.260472297668457,True,0.0,7.979349888610628,False
56,1,68,rk4_50_gs65,rk4,50,6.5,1.6736812727975858,1.712111463916125,3.090116073175379,-0.02244608000356281,1.0926761627197266,11.886700630187988,True,0.0,7.691621062933104,False
56,2,68,rk4_50_gs65,rk4,50,6.5,1.3808473877872112,1.4659904228380443,2.9010269463949374,-0.05807884768115625,0.9603161215782166,10.094281196594238,True,0.0,7.165449094465609,False
57,0,69,rk4_50_gs65,rk4,50,6.5,1.2379540800834057,1.3874571354499594,2.7809839323843155,-0.10775327789895027,0.8279594779014587,8.586028099060059,True,0.0,6.790829914112364,False
57,1,69,rk4_50_gs65,rk4,50,6.5,1.4503049843392493,1.4761698602728446,2.81864072216448,-0.017521612149430096,0.8638599514961243,11.193002700805664,True,0.0,7.020319387187055,False
57,2,69,rk4_50_gs65,rk4,50,6.5,1.168700835352489,1.1348334701333747,2.9030524682532746,0.02984346673939688,0.7177013754844666,7.822924613952637,True,0.0,7.302396370742282,False
58,0,70,rk4_50_gs65,rk4,50,6.5,1.6419153372392348,1.5927325635697165,3.3364446098303513,0.030879492568728757,1.0736147165298462,11.496172904968262,True,0.0,8.38743076342897,False
58,1,70,rk4_50_gs65,rk4,50,6.5,1.536929317350901,1.700683296671867,3.124257218428005,-0.09628716803331387,1.1239243745803833,13.894536018371582,True,0.0,7.666212294020042,False
58,2,70,rk4_50_gs65,rk4,50,6.5,1.5171697014921348,1.4559348856103738,3.3433877851985883,0.04205875967832304,1.0522005558013916,12.859108924865723,True,0.0,8.421557602513955,False
59,0,71,rk4_50_gs65,rk4,50,6.5,1.7511985740284934,1.4994658282878925,2.6948579701339015,0.16788161444747035,0.9622257947921753,7.8987555503845215,True,0.0,6.988967347005959,False
59,1,71,rk4_50_gs65,rk4,50,6.5,1.8566374671734525,1.4782420211015008,2.8810849634704345,0.25597665207096915,0.9221555590629578,7.761615753173828,True,0.0,7.58667738678254,False
59,2,71,rk4_50_gs65,rk4,50,6.5,1.6479959353414526,1.4238022105636206,2.550973587207115,0.15746128327365838,0.9825732707977295,9.972784996032715,True,0.0,6.613625892928274,False
60,0,72,rk4_50_gs65,rk4,50,6.5,1.342855601384332,1.1871857092450142,2.733441734454809,0.13112513873424575,0.6920207738876343,6.421350002288818,True,0.0,7.030292044238391,False
60,1,72,rk4_50_gs65,rk4,50,6.5,1.4228012947961965,1.2529707854645395,2.88419945555554,0.1355422727699669,0.704349160194397,6.482994079589844,True,0.0,7.413812048043801,False
60,2,72,rk4_50_gs65,rk4,50,6.5,1.2374068646132006,1.0987307269361508,2.4598209440423258,0.12621485229743645,0.6700905561447144,5.582145690917969,True,0.0,6.338874638551969,False
61,0,73,rk4_50_gs65,rk4,50,6.5,1.3095161180899555,1.2519377744693152,3.4153186043760333,0.045991377794422285,0.7637938261032104,9.788755416870117,True,0.0,8.607283577631717,False
61,1,73,rk4_50_gs65,rk4,50,6.5,1.1472886426310895,1.1300000865372737,2.4259459329208495,0.015299605855604971,0.707425594329834,8.061448097229004,True,0.0,6.087814241085532,False
61,2,73,rk4_50_gs65,rk4,50,6.5,1.7396748280614922,1.4676540581539852,3.1317854333572512,0.18534392798001414,0.86989825963974,8.483776092529297,True,0.0,8.10747947536315,False
62,0,74,rk4_50_gs65,rk4,50,6.5,1.6343358237540593,1.5606764669103825,3.806071144866891,0.047197069945910664,0.9214783310890198,10.507166862487793,True,0.0,9.585973467086093,False
62,1,74,rk4_50_gs65,rk4,50,6.5,1.6394692462785938,1.5500837085554124,3.8501485776734703,0.05766497425473475,0.9276561737060547,10.525958061218262,True,0.0,9.711868905565778,False
62,2,74,rk4_50_gs65,rk4,50,6.5,1.3876383576648559,1.3878832552827187,3.504376140062372,-0.00017645404623633913,0.8534635901451111,10.08665943145752,True,0.0,8.760675669086575,False
63,0,75,rk4_50_gs65,rk4,50,6.5,1.9123811907928394,1.644385104545535,3.196387044944271,0.16297647301518622,0.9878981113433838,11.12674331665039,True,0.0,8.235432321883456,False
63,1,75,rk4_50_gs65,rk4,50,6.5,1.7934035744502677,1.5206196855223,3.6783145222209326,0.17938994853954743,0.9491370320320129,14.586837768554688,True,0.0,9.464871228361654,False
63,2,75,rk4_50_gs65,rk4,50,6.5,1.2756769684090328,1.3858053333310438,2.7309884949147754,-0.07946885574657753,0.8173809051513672,11.647977828979492,True,0.0,6.708267953667073,False
64,0,76,rk4_50_gs65,rk4,50,6.5,1.2249056760025139,1.2586982868885044,3.091633934476591,-0.026847268300533706,0.6303150653839111,6.747964859008789,True,0.0,7.6888139337406765,False
64,1,76,rk4_50_gs65,rk4,50,6.5,1.4101839678238264,1.3587727824198919,3.169257507351729,0.037836484282537275,0.6876142621040344,6.644134998321533,True,0.0,7.979898494803129,False
64,2,76,rk4_50_gs65,rk4,50,6.5,1.162901282411986,1.2197405601502243,2.8623749757157544,-0.04659948117593391,0.6442360877990723,6.979518890380859,True,0.0,7.086038217525485,False
65,0,77,rk4_50_gs65,rk4,50,6.5,1.860367602149029,1.5378224030629861,3.999910603670939,0.20974151263903582,0.9103290438652039,14.313704490661621,True,0.0,10.314388778135902,False
65,1,77,rk4_50_gs65,rk4,50,6.5,1.3967856751087053,1.396500831054812,3.588810629150096,0.0002039698405611029,0.827185869216919,11.350332260131836,True,0.0,8.972332527636082,False
65,2,77,rk4_50_gs65,rk4,50,6.5,1.8147050112284182,1.6487358576889017,3.90305108467764,0.10066448895308015,0.8929316401481628,11.068035125732422,True,0.0,9.90862444512372,False
66,0,78,rk4_50_gs65,rk4,50,6.5,1.7554838402626036,1.4644462014706698,3.6707539484384104,0.19873562887616017,0.9420879483222961,12.176692008972168,True,0.0,9.474988314410266,False
66,1,78,rk4_50_gs65,rk4,50,6.5,1.799276521613568,1.663268106391612,3.193632203194698,0.08177179246183136,0.9964044690132141,10.696619987487793,True,0.0,8.106738196679492,False
66,2,78,rk4_50_gs65,rk4,50,6.5,1.5068918179298698,1.2127394246039829,2.96983336992003,0.24255201482908956,0.9212336540222168,11.224190711975098,True,0.0,7.78841144704371,False
67,0,79,rk4_50_gs65,rk4,50,6.5,1.2856107670341808,1.3854159741551255,3.372932225228191,-0.07203988423867466,0.7140135765075684,8.809159278869629,True,0.0,8.324270736712466,False
67,1,79,rk4_50_gs65,rk4,50,6.5,1.198185121307468,1.2542667657965278,2.9149376375775367,-0.044712692364385596,0.6935148239135742,8.158764839172363,True,0.0,7.220275055397264,False
67,2,79,rk4_50_gs65,rk4,50,6.5,1.280402621032622,1.2075639810141097,3.4850325457070848,0.0603186585228851,0.6454314589500427,8.584741592407227,True,0.0,8.803059352052038,False
68,0,80,rk4_50_gs65,rk4,50,6.5,1.3873307195482099,1.3512523083180281,3.091238894518172,0.02669998100361475,0.693743109703064,8.017406463623047,True,0.0,7.768147207800853,False
68,1,80,rk4_50_gs65,rk4,50,6.5,0.9124170022370217,0.889129124469917,2.499702468358784,0.0261917834702251,0.5913694500923157,8.20064926147461,True,0.0,6.288543846102297,False
68,2,80,rk4_50_gs65,rk4,50,6.5,1.0137793346605388,0.8275409941098861,2.920994977573882,0.22505028708634572,0.5527459979057312,7.962857723236084,True,0.0,7.640062874564224,False
69,0,81,rk4_50_gs65,rk4,50,6.5,1.8835884543534955,1.4547147033124899,3.9384565188670844,0.29481639741199106,0.8286585211753845,10.360004425048828,True,0.0,10.288365893285697,False
69,1,81,rk4_50_gs65,rk4,50,6.5,1.3573803409588985,1.446396981316781,2.798517575621118,-0.061543712336433236,0.7214108109474182,8.987915992736816,True,0.0,6.903978370548145,False
69,2,81,rk4_50_gs65,rk4,50,6.5,1.4141989060831257,1.677244726878751,3.037386127365907,-0.1568321038736048,0.7526383399963379,10.683635711669922,True,0.0,7.358217162604359,False
70,0,82,rk4_50_gs65,rk4,50,6.5,1.9513696490974435,1.48200107592818,3.836683347923301,0.3167127052915059,0.8633261322975159,10.985636711120605,True,0.0,10.06677742774551,False
70,1,82,rk4_50_gs65,rk4,50,6.5,1.838983556990683,1.3764996501980915,4.019017099704493,0.3359854856237564,0.8532047271728516,11.373583793640137,True,0.0,10.551520977696867,False
70,2,82,rk4_50_gs65,rk4,50,6.5,1.6770083424361344,1.3390385317243596,3.9219623711787404,0.2523973733247073,0.7547671794891357,9.430740356445312,True,0.0,10.183501987933912,False
71,0,83,rk4_50_gs65,rk4,50,6.5,0.5727448824918643,1.1560331843991143,0.9890525046076373,-0.5045601672453991,0.9312862157821655,9.588972091674805,True,0.0,1.7157910106509946,False
71,1,83,rk4_50_gs65,rk4,50,6.5,1.7127340140579599,1.630036790092138,3.9110099602437916,0.05073334783677733,0.834057092666626,10.721781730651855,True,0.0,9.853624922364645,False
71,2,83,rk4_50_gs65,rk4,50,6.5,0.7648842630306726,0.9550718612227871,1.9039595251009325,-0.19913433106203368,0.872192919254303,12.052639961242676,True,0.0,4.46119731615928,False
72,0,48,rk4_50_gs65,rk4,50,6.5,1.0574551193942265,1.0837618765969734,1.8754689830619624,-0.024273558175542095,0.7646015882492065,6.626416206359863,True,0.0,4.652262120391593,False
72,1,48,rk4_50_gs65,rk4,50,6.5,0.9039180166590527,0.9177802262727343,2.2405989609435992,-0.015104062024672068,0.7193852066993713,7.895627021789551,True,0.0,5.57884130932199,False
72,2,48,rk4_50_gs65,rk4,50,6.5,1.2084653174362692,1.2417318825434895,1.8113810788296354,-0.026790457188853485,0.8631253838539124,6.075425624847412,True,0.0,4.488267011290809,False
73,0,49,rk4_50_gs65,rk4,50,6.5,1.0325497859101351,1.036847986675323,2.2025286120726757,-0.004145449264472924,0.7912846207618713,7.309287071228027,True,0.0,5.50010335628498,False
73,1,49,rk4_50_gs65,rk4,50,6.5,1.3020082408577387,1.2977784693953915,1.8159392600102446,0.0032592399469574484,0.9017130732536316,7.036159515380859,True,0.0,4.544737009946048,False
73,2,49,rk4_50_gs65,rk4,50,6.5,1.1714322539376412,1.1749184901115184,1.9243247983849927,-0.0029672153205063355,0.8483963012695312,8.705955505371094,True,0.0,4.806361172981722,False
74,0,50,rk4_50_gs65,rk4,50,6.5,1.1224071423633326,1.192647214108646,2.059610536257985,-0.05889425667997422,0.9033323526382446,7.407744884490967,True,0.0,5.060684955625001,False
74,1,50,rk4_50_gs65,rk4,50,6.5,0.9356974268781926,1.0022438785203331,2.1851527619144178,-0.0663974631368286,0.7934090495109558,6.842818260192871,True,0.0,5.363285710080802,False
74,2,50,rk4_50_gs65,rk4,50,6.5,1.1291391824165327,1.1974747391804907,2.0586098498993066,-0.05706638641919132,0.8981356024742126,9.1532621383667,True,0.0,5.06092504511948,False
75,0,51,rk4_50_gs65,rk4,50,6.5,1.3281086731615759,1.3873270501294142,1.8870428222277005,-0.0426852316729944,1.0098353624343872,10.089101791381836,True,0.0,4.65357920805976,False
75,1,51,rk4_50_gs65,rk4,50,6.5,1.249987735745356,1.3222024650459288,1.9440428750745178,-0.05461699752003893,0.9831675887107849,9.557585716247559,True,0.0,4.778181691406236,False
75,2,51,rk4_50_gs65,rk4,50,6.5,1.2863267206055276,1.3414931487645188,1.9872077615787296,-0.041123152808172414,0.9725961685180664,7.516819953918457,True,0.0,4.906334674734566,False
76,0,52,rk4_50_gs65,rk4,50,6.5,1.184891079988798,1.187359390067041,1.7932092351405287,-0.00207882304052474,0.8570319414138794,9.374370574951172,True,0.0,4.479904853290535,False
76,1,52,rk4_50_gs65,rk4,50,6.5,1.2516678341136995,1.2650711354539117,1.7855100306059697,-0.010594899257940962,0.9144790768623352,8.306302070617676,True,0.0,4.447882727628013,False
76,2,52,rk4_50_gs65,rk4,50,6.5,1.279876641407198,1.2820840142925982,1.697470018965016,-0.0017217068800292723,0.9010987877845764,7.460815906524658,True,0.0,4.241092487092496,False
77,0,53,rk4_50_gs65,rk4,50,6.5,1.0809432966008303,1.1069130313304032,1.7461893502956292,-0.023461404608947186,0.7848825454711914,6.315242767333984,True,0.0,4.330281268825653,False
77,1,53,rk4_50_gs65,rk4,50,6.5,0.9858373193557263,1.0129353889482957,1.9127372405051482,-0.02675202152151525,0.7414745092391968,8.280644416809082,True,0.0,4.741715068980597,False
77,2,53,rk4_50_gs65,rk4,50,6.5,1.1829194542732813,1.2209100090776597,1.766404326877004,-0.031116588618937284,0.8697614669799805,7.273679256439209,True,0.0,4.369335934264104,False
78,0,54,rk4_50_gs65,rk4,50,6.5,1.4964060352772561,1.5218803050409202,1.6376863479181643,-0.01673868142711283,1.0359691381454468,7.631650447845459,True,0.0,4.069107847654742,False
78,1,54,rk4_50_gs65,rk4,50,6.5,1.5525071406630895,1.5859895375127666,1.597289198031034,-0.02111136035050547,1.047479271888733,9.01803970336914,True,0.0,3.9615559545518266,False
78,2,54,rk4_50_gs65,rk4,50,6.5,1.5614436152270375,1.6094340247543097,1.5812432393545017,-0.029818189805212076,1.0536619424819946,7.525261878967285,True,0.0,3.908380813678436,False
79,0,55,rk4_50_gs65,rk4,50,6.5,0.954806602328379,0.9575439707789741,2.032737920513633,-0.0028587391342257203,0.7076501846313477,7.511882305145264,True,0.0,5.077556692582744,False
79,1,55,rk4_50_gs65,rk4,50,6.5,1.0402471409960596,1.0420650826254905,1.8998569438925557,-0.001744556690648291,0.7554771900177002,7.935281753540039,True,0.0,4.747025524695417,False
79,2,55,rk4_50_gs65,rk4,50,6.5,1.0644465163735302,1.0571641317602545,1.9852887765045526,0.006888603505932379,0.7874069809913635,8.005387306213379,True,0.0,4.973554846520281,False
80,0,56,rk4_50_gs65,rk4,50,6.5,1.2641485867636395,1.2962755956228063,1.5005259999664526,-0.02478408813666679,0.8857585191726685,6.333308219909668,True,0.0,3.714138867711131,False
80,1,56,rk4_50_gs65,rk4,50,6.5,1.0172428073021733,1.0217393233824992,2.2247931775315513,-0.004400844651286948,0.790687620639801,8.306598663330078,True,0.0,5.555381676851948,False
80,2,56,rk4_50_gs65,rk4,50,6.5,1.1293870552187435,1.1096063302519616,1.9910884506768298,0.01782679518782326,0.8211733102798462,7.65679407119751,True,0.0,5.004461319473809,False
81,0,57,rk4_50_gs65,rk4,50,6.5,0.86796392520668,0.8736299289932332,2.5392062640290356,-0.00648558792877762,0.7659969329833984,8.642294883728027,True,0.0,6.338287278179422,False
81,1,57,rk4_50_gs65,rk4,50,6.5,0.9005063664950679,0.8923242296321942,2.050337736795422,0.00916946609703924,0.6930298209190369,6.696036338806152,True,0.0,5.139598541134114,False
81,2,57,rk4_50_gs65,rk4,50,6.5,0.8740071222162824,0.8801827591557193,2.3886600309395347,-0.007016312015924417,0.7653376460075378,9.122743606567383,True,0.0,5.9611256093249505,False
82,0,58,rk4_50_gs65,rk4,50,6.5,0.9799207186110086,0.9619029914550449,2.191980901797259,0.01873133479021148,0.8333249688148499,10.652068138122559,True,0.0,5.508049256678465,False
82,1,58,rk4_50_gs65,rk4,50,6.5,0.932318483677893,0.9109790342865159,2.2693646524729747,0.02342474234200446,0.8010730147361755,10.406241416931152,True,0.0,5.7085487446954435,False
82,2,58,rk4_50_gs65,rk4,50,6.5,0.9692891876439842,0.9819504543643043,2.2669880706537167,-0.012893997385618371,0.8152436017990112,8.738568305969238,True,0.0,5.648129180555864,False
83,0,59,rk4_50_gs65,rk4,50,6.5,1.4795183883075742,1.5066734256421632,1.9964231033138515,-0.01802317389568576,1.0281951427459717,10.537071228027344,True,0.0,4.964022997441099,False
83,1,59,rk4_50_gs65,rk4,50,6.5,1.4945806426801853,1.411498244385039,1.788245640489438,0.05886114137019858,0.9748623371124268,7.288949012756348,True,0.0,4.558905813278893,False
83,2,59,rk4_50_gs65,rk4,50,6.5,1.5304794644239075,1.4799688928294088,1.7877694843346064,0.034129481705955055,0.9955857396125793,9.085089683532715,True,0.0,4.520617933395449,False
84,0,60,rk4_50_gs65,rk4,50,6.5,1.078621812856788,1.0058432451350132,2.326298119632339,0.0723557744710489,0.7403053045272827,6.645588397979736,True,0.0,5.924278960787421,False
84,1,60,rk4_50_gs65,rk4,50,6.5,0.9510223925815728,0.976882224857765,2.274879008876733,-0.02647180115826077,0.7054442763328552,7.375924110412598,True,0.0,5.6474898204544415,False
84,2,60,rk4_50_gs65,rk4,50,6.5,1.0582154130360968,1.0739806315745357,2.260781801050372,-0.014679239018057108,0.7515819072723389,8.721810340881348,True,0.0,5.629935644098844,False
85,0,61,rk4_50_gs65,rk4,50,6.5,1.0762451811377718,1.038544907000578,2.4687411500287104,0.0363010530599638,0.7706623673439026,8.292113304138184,True,0.0,6.226304454661722,False
85,1,61,rk4_50_gs65,rk4,50,6.5,1.1119673106526005,1.0541719673060002,2.4302714821183735,0.05482534595000313,0.8038616180419922,8.042558670043945,True,0.0,6.1579167242209385,False
85,2,61,rk4_50_gs65,rk4,50,6.5,1.1361838963174278,1.1497893941698258,2.1280363098204633,-0.011833034643610709,0.7873444557189941,6.947428226470947,True,0.0,5.302341222585742,False
86,0,62,rk4_50_gs65,rk4,50,6.5,1.4465751127971114,1.4087938420091288,2.6297816452451936,0.02681816841697697,1.0147254467010498,11.150154113769531,True,0.0,6.614681365738449,False
86,1,62,rk4_50_gs65,rk4,50,6.5,1.171436549295492,1.211926580492633,2.629130717772763,-0.0334096400844562,0.9651107788085938,11.564457893371582,True,0.0,6.522712334305224,False
86,2,62,rk4_50_gs65,rk4,50,6.5,1.320373876249855,1.3100029379457934,2.508725285330059,0.007916728981659276,0.9622567296028137,11.729840278625488,True,0.0,6.283688306797636,False
87,0,63,rk4_50_gs65,rk4,50,6.5,1.2302369811459195,1.385884816917121,2.0759949954299692,-0.1123093584316365,0.9415736794471741,8.481401443481445,True,0.0,5.021523450927468,False
87,1,63,rk4_50_gs65,rk4,50,6.5,1.6751128652104934,1.5728230742229683,2.480955451377306,0.06503578947536873,1.0598015785217285,9.627395629882812,True,0.0,6.299942312656317,False
87,2,63,rk4_50_gs65,rk4,50,6.5,1.678170977972891,1.4996216478746178,2.579140160368585,0.11906291774375108,1.038435459136963,9.029436111450195,True,0.0,6.626444777537088,False
88,0,64,rk4_50_gs65,rk4,50,6.5,1.4567454334678998,1.2859643762859776,2.35735725852851,0.13280387777701896,0.8658854961395264,8.425433158874512,True,0.0,6.092598962986803,False
88,1,64,rk4_50_gs65,rk4,50,6.5,1.238359237660554,1.1519211607306103,2.8854474398492376,0.07503818761757793,0.8125206232070923,8.453564643859863,True,0.0,7.32617588104946,False
88,2,64,rk4_50_gs65,rk4,50,6.5,1.3463680925141444,1.2374697598855056,2.5426480254540755,0.0880008023458338,0.8382171988487244,9.040529251098633,True,0.0,6.48862126715394,False
89,0,65,rk4_50_gs65,rk4,50,6.5,1.5995195778408684,1.4507764892037995,2.6984951951295724,0.10252653576805286,1.0179718732833862,9.349701881408691,True,0.0,6.90002779147601,False
89,1,65,rk4_50_gs65,rk4,50,6.5,1.3320041682518178,1.2237062461503962,2.971286966148711,0.08849993334357152,0.884486198425293,9.927607536315918,True,0.0,7.560967315387134,False
89,2,65,rk4_50_gs65,rk4,50,6.5,1.291558348267171,1.1990541134312283,2.288952459456596,0.07714767250975424,0.8057590126991272,7.534636974334717,True,0.0,5.838102657406121,False
90,0,66,rk4_50_gs65,rk4,50,6.5,1.3425460136297658,1.5552081316870892,2.09462214615982,-0.1367419012008435,0.9256905913352966,8.790692329406738,True,0.0,5.031442513598284,False
90,1,66,rk4_50_gs65,rk4,50,6.5,1.5726818071018092,1.496684554985779,2.399746900856104,0.050777066787451135,0.9740028977394104,8.554895401000977,True,0.0,6.0755328523214365,False
90,2,66,rk4_50_gs65,rk4,50,6.5,1.35410758562535,1.46644846450552,1.9476311405315154,-0.0766074504718285,0.9733347296714783,9.53105354309082,True,0.0,4.754166675621046,False
91,0,67,rk4_50_gs65,rk4,50,6.5,1.2617065521377924,1.2354974315098164,2.261033336423027,0.021213415542121736,0.779257595539093,8.147303581237793,True,0.0,5.68440346437075,False
91,1,67,rk4_50_gs65,rk4,50,6.5,1.3838854548334458,1.288794515798987,2.5790132530294785,0.073782854544255,0.8278281688690186,8.401994705200195,True,0.0,6.558207414390078,False
91,2,67,rk4_50_gs65,rk4,50,6.5,1.618955319640507,1.5201030188168563,2.375916060928529,0.06503000056554763,0.9391402006149292,8.556833267211914,True,0.0,6.037335153169644,False
92,0,68,rk4_50_gs65,rk4,50,6.5,1.3756222421356372,1.3810119455973382,3.365949040368785,-0.0039027203492744095,0.9852948784828186,12.931904792785645,True,0.0,8.40901852039805,False
92,1,68,rk4_50_gs65,rk4,50,6.5,1.4425703095413813,1.5034254933620137,3.09417337300824,-0.04047768491657608,0.9792689681053162,10.688490867614746,True,0.0,7.674716905145735,False
92,2,68,rk4_50_gs65,rk4,50,6.5,1.5508202663771973,1.5673217077176396,3.1951361830238216,-0.010528432774141592,1.0557440519332886,11.359199523925781,True,0.0,7.972047808398342,False
93,0,69,rk4_50_gs65,rk4,50,6.5,1.246378054436652,1.1563693595797062,3.1551704466380026,0.07783732190144434,0.7265753149986267,9.132234573364258,True,0.0,8.004682099447173,False
93,1,69,rk4_50_gs65,rk4,50,6.5,1.386829907287663,1.283438378924477,3.1904663656976413,0.08055823267825761,0.812092125415802,10.807581901550293,True,0.0,8.09700326326149,False
93,2,69,rk4_50_gs65,rk4,50,6.5,1.2324562421758107,1.1885920337572895,2.932130385488975,0.03690434295678182,0.7652636766433716,11.792820930480957,True,0.0,7.38568247815761,False
94,0,70,rk4_50_gs65,rk4,50,6.5,1.7029165512831685,1.7708108066884947,2.726084107411336,-0.038340772919092395,1.192010521888733,15.3142671585083,True,0.0,6.757699109149701,False
94,1,70,rk4_50_gs65,rk4,50,6.5,1.945434412423963,1.7741480436671135,3.283823521139851,0.09654570169767146,1.1620285511016846,12.480964660644531,True,0.0,8.354377355396135,False
94,2,70,rk4_50_gs65,rk4,50,6.5,1.8017059500117043,1.6699631031145434,3.416709212405215,0.07888967478536431,1.1256744861602783,12.681052207946777,True,0.0,8.660107543191085,False
95,0,71,rk4_50_gs65,rk4,50,6.5,1.5657497172113315,1.486101531228597,2.779527315058464,0.05359538616512527,0.882053792476654,10.791266441345215,True,0.0,7.029211366893849,False
95,1,71,rk4_50_gs65,rk4,50,6.5,1.691641323575668,1.4786601780982498,2.8383932241826626,0.14403657256190808,0.9366576075553894,9.85685920715332,True,0.0,7.312037919299519,False
95,2,71,rk4_50_gs65,rk4,50,6.5,1.6616835955551301,1.4229529470328053,2.7931253310187274,0.16777128670517324,0.9095141887664795,10.079480171203613,True,0.0,7.2344702576045785,False
96,0,72,rk4_50_gs65,rk4,50,6.5,1.0840135153505763,1.0962453322709949,2.793834734108704,-0.011157919170793418,0.6309172511100769,6.7344441413879395,True,0.0,6.967849956515569,False
96,1,72,rk4_50_gs65,rk4,50,6.5,1.2485779759136655,1.1883816982218256,2.532554295936823,0.05065399212674816,0.700987696647644,6.942550182342529,True,0.0,6.407366728032179,False
96,2,72,rk4_50_gs65,rk4,50,6.5,1.2602509336923076,1.1713765161616867,2.531241311263427,0.0758717761075856,0.69778972864151,6.506112098693848,True,0.0,6.4419109423199465,False
97,0,73,rk4_50_gs65,rk4,50,6.5,1.563645407827894,1.4240352075346216,3.298848731109425,0.09803844636298693,0.8241403102874756,8.787909507751465,True,0.0,8.394179497318042,False
97,1,73,rk4_50_gs65,rk4,50,6.5,1.1344001606271008,1.10698060060217,2.851287287231505,0.02476968409592574,0.6703313589096069,8.16344928741455,True,0.0,7.165372744222651,False
97,2,73,rk4_50_gs65,rk4,50,6.5,1.125060853759088,0.9134181689553432,2.350027572556953,0.23170404277019754,0.6732641458511353,7.035759449005127,True,0.0,6.222624995547679,False
98,0,74,rk4_50_gs65,rk4,50,6.5,1.538784139255002,1.4096456833723965,4.005140553686047,0.09161057738817918,0.8438171744346619,10.601494789123535,True,0.0,10.150267250297386,False
98,1,74,rk4_50_gs65,rk4,50,6.5,1.3480303948415102,1.3418150712540708,3.472243598782099,0.00463202692701179,0.7671599388122559,9.779304504394531,True,0.0,8.687557037345766,False
98,2,74,rk4_50_gs65,rk4,50,6.5,1.5118755807519058,1.433360169369271,3.571634516756765,0.05477716802289309,0.8350104093551636,10.639761924743652,True,0.0,9.011252043926254,False
99,0,75,rk4_50_gs65,rk4,50,6.5,1.8553737147156484,1.7374196293288764,2.9766753572194937,0.06789038336894525,0.9707062840461731,9.58415699005127,True,0.0,7.543523968102152,False
99,1,75,rk4_50_gs65,rk4,50,6.5,1.332256795425425,1.8122811572829618,2.5596508301430037,-0.26487300675159964,0.96842360496521,11.051689147949219,True,0.0,6.001817565230109,False
99,2,75,rk4_50_gs65,rk4,50,6.5,1.9451268026415147,1.648936818348679,3.023440648589557,0.17962482200694976,0.9662364721298218,9.865323066711426,True,0.0,7.828038854484317,False
