epoch,batch,step,train_loss,learning_rate,train_loss_type,train_loss_beat,train_loss_position,train_loss_pitch,train_loss_duration,train_loss_instrument
1,1,1,27.640222549438477,1.009e-05,4.080332279205322,5.215279579162598,4.405035972595215,5.932526111602783,6.399928092956543,1.6071207523345947
1,25,25,18.229883193969727,1.2249999999999998e-05,0.1581556797027588,4.1761274337768555,2.2786755561828613,5.156045436859131,4.946215629577637,1.5146653652191162
1,50,50,17.035036087036133,1.4499999999999995e-05,0.13469301164150238,3.801175832748413,2.1224052906036377,4.645190715789795,4.830077648162842,1.5014945268630981
1,75,75,15.58140754699707,1.674999999999999e-05,0.1455645114183426,3.6044113636016846,1.7810401916503906,4.714771270751953,4.09040641784668,1.2452144622802734
1,100,100,15.03499984741211,1.8999999999999998e-05,0.09997836500406265,3.3878822326660156,1.8157896995544434,4.329135894775391,4.134575843811035,1.2676385641098022
1,125,125,14.14486026763916,2.1249999999999998e-05,0.06793700158596039,3.2692511081695557,1.987362265586853,4.200448989868164,3.575709104537964,1.044150948524475
1,150,150,14.330625534057617,2.3500000000000002e-05,0.09537710249423981,3.105694532394409,1.8084245920181274,4.139545440673828,4.1268463134765625,1.0547373294830322
1,175,175,13.936347961425781,2.5749999999999996e-05,0.06171279400587082,2.998019218444824,2.1299402713775635,4.196962833404541,3.4886085987091064,1.0611048936843872
1,200,200,13.667795181274414,2.7999999999999993e-05,0.06474843621253967,2.8991353511810303,1.654379963874817,4.140069484710693,3.686434030532837,1.2230278253555298
1,225,225,13.312886238098145,3.0249999999999976e-05,0.05024031177163124,2.673489809036255,2.107706308364868,4.071063995361328,3.340315103530884,1.070070743560791
1,250,250,13.06591510772705,3.2499999999999984e-05,0.06021052598953247,2.632042407989502,1.8456065654754639,4.129752159118652,3.3570566177368164,1.0412477254867554
1,275,275,12.48660945892334,3.474999999999999e-05,0.05959362909197807,2.4578065872192383,1.523150086402893,4.16989278793335,3.323819398880005,0.9523473978042603
1,300,300,12.747099876403809,3.6999999999999985e-05,0.05028976872563362,2.2607009410858154,1.8868767023086548,4.037348747253418,3.4694974422454834,1.0423870086669922
1,325,325,12.10417366027832,3.9249999999999985e-05,0.059916988015174866,2.1493613719940186,1.4136968851089478,4.093259334564209,3.2932863235473633,1.0946526527404785
1,350,350,12.292032241821289,4.1499999999999965e-05,0.04800913855433464,1.8188444375991821,1.660352349281311,4.256618976593018,3.408740997314453,1.0994666814804077
1,375,375,11.618375778198242,4.374999999999992e-05,0.04318857192993164,1.6555296182632446,1.461331844329834,3.9963877201080322,3.505563735961914,0.9563749432563782
1,400,400,10.31049919128418,4.599999999999992e-05,0.0376024954020977,1.3105815649032593,1.3561820983886719,3.850365400314331,2.6790802478790283,1.0766870975494385
1,425,425,11.027688026428223,4.82499999999999e-05,0.03784256428480148,1.1121954917907715,1.7716871500015259,3.901815891265869,3.1745717525482178,1.0295748710632324
1,450,450,10.52996826171875,5.0499999999999886e-05,0.03651334345340729,0.940619170665741,1.667914628982544,3.7804579734802246,2.989032506942749,1.1154307126998901
1,475,475,10.910811424255371,5.274999999999988e-05,0.028581228107213974,0.8246577382087708,1.742853045463562,3.7648675441741943,3.4405322074890137,1.1093182563781738
1,500,500,10.059989929199219,5.499999999999991e-05,0.029494311660528183,0.7479133009910583,1.5238978862762451,3.667454719543457,2.950556755065918,1.140673279762268
1,525,525,10.710938453674316,5.72499999999999e-05,0.03308304771780968,0.7238415479660034,1.5753352642059326,3.766634464263916,3.4007434844970703,1.2113012075424194
1,550,550,9.669529914855957,5.949999999999986e-05,0.027008265256881714,0.6034380197525024,1.5052181482315063,3.6761953830718994,3.092089891433716,0.7655801773071289
1,575,575,10.231365203857422,6.174999999999986e-05,0.022703126072883606,0.5740516185760498,1.6753151416778564,3.727287530899048,3.0290701389312744,1.202937364578247
1,600,600,10.514986038208008,6.399999999999986e-05,0.03495321795344353,0.7525089383125305,1.583314061164856,3.7456700801849365,3.2624995708465576,1.1360405683517456
1,625,625,9.687295913696289,6.624999999999988e-05,0.016791535541415215,0.4999850392341614,1.208037257194519,3.689359426498413,3.20754075050354,1.0655821561813354
1,650,650,9.54959487915039,6.849999999999986e-05,0.02857416495680809,0.6210970282554626,1.2565425634384155,3.7353954315185547,2.926003932952881,0.9819822311401367
2,5,675,9.348140716552734,7.07499999999998e-05,0.021398428827524185,0.4962558150291443,1.3331955671310425,3.6083567142486572,2.9241044521331787,0.964830756187439
2,30,700,9.469010353088379,7.299999999999977e-05,0.02591765485703945,0.5944084525108337,1.2411061525344849,3.4040958881378174,3.249389171600342,0.9540925025939941
2,55,725,8.814591407775879,7.524999999999981e-05,0.026237918063998222,0.5964215993881226,1.0959621667861938,3.6912081241607666,2.5768964290618896,0.8278650641441345
2,80,750,9.544896125793457,7.749999999999981e-05,0.022825943306088448,0.4773097038269043,1.2063026428222656,3.437178134918213,3.3913791179656982,1.0099010467529297
2,105,775,9.907425880432129,7.97499999999998e-05,0.01896040327847004,0.46281760931015015,1.6709833145141602,3.4548630714416504,3.142174482345581,1.1576266288757324
2,130,800,9.526865005493164,8.199999999999976e-05,0.023231543600559235,0.4798887073993683,1.181057095527649,3.538557291030884,3.0978212356567383,1.2063096761703491
2,155,825,9.5534086227417,8.424999999999977e-05,0.021766694262623787,0.5882290005683899,1.2393739223480225,3.4919159412384033,3.265230417251587,0.9468932747840881
2,180,850,8.824788093566895,8.649999999999974e-05,0.024539096280932426,0.5056208968162537,1.1403518915176392,3.3618505001068115,2.8406238555908203,0.951801598072052
2,205,875,8.9329195022583,8.874999999999976e-05,0.018053580075502396,0.4184782803058624,1.3210716247558594,3.4355695247650146,2.7461535930633545,0.9935919046401978
2,230,900,9.516446113586426,9.09999999999997e-05,0.024147486314177513,0.5514258146286011,1.3413240909576416,3.454224109649658,2.950836420059204,1.1944884061813354
2,255,925,9.440561294555664,9.324999999999968e-05,0.02935323491692543,0.520479142665863,1.3347537517547607,3.229011297225952,3.436542272567749,0.8904218077659607
2,280,950,8.629311561584473,9.549999999999968e-05,0.022939644753932953,0.4872876703739166,0.9750165343284607,3.1245276927948,3.1008706092834473,0.9186702370643616
2,305,975,9.384529113769531,9.774999999999967e-05,0.01876627840101719,0.4443284273147583,1.428121566772461,3.26275372505188,3.221379518508911,1.0091794729232788
2,330,1000,9.394174575805664,9.999999999999964e-05,0.025122178718447685,0.49551820755004883,1.569707989692688,3.5641028881073,2.653212308883667,1.0865111351013184
2,355,1025,8.742508888244629,9.999999999999964e-05,0.02321632206439972,0.4838283658027649,1.1413486003875732,3.208972692489624,3.01365065574646,0.8714929223060608
2,380,1050,9.42455005645752,9.999999999999964e-05,0.02132813259959221,0.44434675574302673,1.3289473056793213,3.401141881942749,3.203186273574829,1.025599718093872
2,405,1075,8.415908813476562,9.999999999999964e-05,0.0203257966786623,0.4132663309574127,1.185901165008545,3.1678450107574463,2.8212053775787354,0.8073651194572449
2,430,1100,9.294660568237305,9.999999999999964e-05,0.021663710474967957,0.4980912506580353,1.5843918323516846,3.1337969303131104,3.0644640922546387,0.992252767086029
2,455,1125,9.408255577087402,9.999999999999964e-05,0.019426189363002777,0.4250864088535309,1.2975229024887085,3.3798067569732666,3.2794973850250244,1.0069167613983154
2,480,1150,8.404376983642578,9.999999999999964e-05,0.018246574327349663,0.42595577239990234,1.132612705230713,3.070425510406494,2.806959390640259,0.9501768350601196
2,505,1175,9.192158699035645,9.999999999999964e-05,0.020607955753803253,0.4534349739551544,1.2031841278076172,3.2658772468566895,3.204017400741577,1.045037031173706
2,530,1200,9.05788516998291,9.999999999999964e-05,0.021949782967567444,0.41795614361763,1.1063599586486816,3.1640660762786865,3.264254331588745,1.083298921585083
2,555,1225,8.919027328491211,9.999999999999964e-05,0.016198936849832535,0.37949201464653015,1.1932271718978882,3.252194881439209,3.0482044219970703,1.0297096967697144
2,580,1250,8.528609275817871,9.999999999999964e-05,0.01703265868127346,0.3683145344257355,1.0769634246826172,3.078608989715576,3.1203343868255615,0.867355465888977
2,605,1275,8.111257553100586,9.999999999999964e-05,0.019091956317424774,0.42497196793556213,1.039480447769165,3.1403768062591553,2.4444191455841064,1.0429173707962036
2,630,1300,8.972199440002441,9.999999999999964e-05,0.016312940046191216,0.3882846236228943,1.1475005149841309,3.186858654022217,3.2521183490753174,0.9811243414878845
2,655,1325,8.420085906982422,9.999999999999964e-05,0.02451717108488083,0.40850532054901123,1.119877576828003,3.173725128173828,2.7276175022125244,0.9658427834510803
3,10,1350,7.994161128997803,9.999999999999964e-05,0.017955055460333824,0.4215232729911804,0.9829739928245544,3.066602945327759,2.6302731037139893,0.8748325705528259
3,35,1375,8.296720504760742,9.999999999999964e-05,0.02175780013203621,0.43626710772514343,1.023183822631836,2.9526329040527344,2.9503846168518066,0.9124937653541565
3,60,1400,9.37036418914795,9.999999999999964e-05,0.02332412637770176,0.44266945123672485,1.5857971906661987,3.3823623657226562,3.0441086292266846,0.8921027779579163
3,85,1425,8.11806869506836,9.999999999999964e-05,0.024783659726381302,0.4434219300746918,1.114867091178894,2.878321647644043,2.776690721511841,0.8799839615821838
3,110,1450,7.400484561920166,9.999999999999964e-05,0.013897937722504139,0.34641698002815247,0.9988514184951782,2.804875612258911,2.471137523651123,0.7653053402900696
3,135,1475,7.562528133392334,9.999999999999964e-05,0.01244518905878067,0.3282710015773773,0.9668460488319397,2.988896369934082,2.4212093353271484,0.8448599576950073
3,160,1500,8.069698333740234,9.999999999999964e-05,0.021666930988430977,0.40528568625450134,0.971618115901947,3.1036293506622314,2.6729509830474854,0.8945479989051819
3,185,1525,7.9730987548828125,9.999999999999964e-05,0.022372547537088394,0.40917330980300903,1.0770496129989624,3.0686380863189697,2.5025413036346436,0.8933237791061401
3,210,1550,8.015620231628418,9.999999999999964e-05,0.019044537097215652,0.4503544867038727,1.1238267421722412,3.0011634826660156,2.6522555351257324,0.7689762115478516
3,235,1575,8.262472152709961,9.999999999999964e-05,0.020651523023843765,0.39564067125320435,1.0933679342269897,3.0802221298217773,2.7343058586120605,0.9382844567298889
3,260,1600,8.875938415527344,9.999999999999964e-05,0.017924871295690536,0.39612191915512085,1.2308629751205444,3.0523488521575928,3.2505383491516113,0.9281415939331055
3,285,1625,8.388609886169434,9.999999999999964e-05,0.016978662461042404,0.41701260209083557,1.1455360651016235,3.1132616996765137,2.8633766174316406,0.832444429397583
3,310,1650,7.544690132141113,9.999999999999964e-05,0.014529152773320675,0.3264276683330536,0.8880084753036499,2.8624367713928223,2.423464775085449,1.0298231840133667
3,335,1675,8.30349349975586,9.999999999999964e-05,0.018730584532022476,0.3730567395687103,1.0663377046585083,3.000170946121216,2.714205503463745,1.13099205493927
3,360,1700,8.702130317687988,9.999999999999964e-05,0.022863836959004402,0.5133041739463806,1.0328513383865356,2.935426712036133,3.224644184112549,0.9730405807495117
3,385,1725,8.794772148132324,9.999999999999964e-05,0.017916617915034294,0.4232882261276245,1.3385887145996094,3.03153395652771,3.0239131450653076,0.9595314860343933
3,410,1750,8.040162086486816,9.999999999999964e-05,0.023945562541484833,0.46116143465042114,0.9789750576019287,2.8519179821014404,2.7935867309570312,0.9305756092071533
3,435,1775,8.731767654418945,9.999999999999964e-05,0.028645481914281845,0.4513406455516815,1.2551003694534302,2.9255635738372803,3.1382081508636475,0.9329102635383606
3,460,1800,8.195998191833496,9.999999999999964e-05,0.012776750139892101,0.35513803362846375,0.9287707805633545,2.9408183097839355,2.929595708847046,1.0288982391357422
3,485,1825,7.947229862213135,9.999999999999964e-05,0.016517098993062973,0.3315044939517975,0.9123547077178955,2.7861883640289307,2.907965660095215,0.9926997423171997
3,510,1850,8.449798583984375,9.999999999999964e-05,0.022044986486434937,0.4269939363002777,1.1688309907913208,2.7727134227752686,3.0787127017974854,0.9805023074150085
3,535,1875,8.214384078979492,9.999999999999964e-05,0.014187861233949661,0.3392287790775299,1.1645534038543701,2.744593858718872,3.044586181640625,0.9072346687316895
3,560,1900,7.998874664306641,9.999999999999964e-05,0.014448790811002254,0.38463717699050903,1.167972207069397,2.727651357650757,2.840959310531616,0.8632060289382935
3,585,1925,6.788479328155518,9.999999999999964e-05,0.011811790056526661,0.3121159076690674,0.9949122667312622,2.5027921199798584,2.14601469039917,0.8208319544792175
3,610,1950,7.43270206451416,9.999999999999964e-05,0.017042938619852066,0.3573693335056305,0.8125647902488708,2.7557907104492188,2.6253609657287598,0.8645728230476379
3,635,1975,8.26694393157959,9.999999999999964e-05,0.015117168426513672,0.3456113338470459,0.9837090969085693,2.8298003673553467,3.08316969871521,1.0095361471176147
3,660,2000,8.745283126831055,9.999999999999964e-05,0.020979098975658417,0.41762271523475647,1.1585719585418701,3.0126965045928955,3.0770866870880127,1.0583264827728271
4,15,2025,8.275744438171387,9.999999999999964e-05,0.018322793766856194,0.417764276266098,1.151422142982483,2.8959805965423584,2.8943541049957275,0.8979008197784424
4,40,2050,8.338570594787598,9.999999999999964e-05,0.022242188453674316,0.44288474321365356,1.1155292987823486,2.986581563949585,2.776380777359009,0.9949519038200378
4,65,2075,8.29647159576416,9.999999999999964e-05,0.018338749185204506,0.3333563804626465,1.176261305809021,2.859360694885254,3.0336852073669434,0.8754695653915405
4,90,2100,8.358633995056152,9.999999999999964e-05,0.021952258422970772,0.3657636344432831,1.2731974124908447,2.812121868133545,2.965222120285034,0.9203768372535706
4,115,2125,8.552319526672363,9.999999999999964e-05,0.01861310563981533,0.374050110578537,1.2716752290725708,2.9847681522369385,2.9986188411712646,0.9045947790145874
4,140,2150,7.597921371459961,9.999999999999964e-05,0.03078981302678585,0.41163066029548645,0.9646848440170288,2.722407341003418,2.651186466217041,0.8172224164009094
4,165,2175,7.974157333374023,9.999999999999964e-05,0.012262887321412563,0.2996287941932678,1.1173089742660522,2.8456127643585205,2.8359289169311523,0.863415002822876
4,190,2200,7.3676838874816895,9.999999999999964e-05,0.0150681147351861,0.3216192424297333,0.8789388537406921,2.6983466148376465,2.7368173599243164,0.7168933749198914
4,215,2225,6.307833194732666,9.999999999999964e-05,0.017832595854997635,0.35193559527397156,0.8394893407821655,2.4074881076812744,2.049231767654419,0.6418554782867432
4,240,2250,7.567685604095459,9.999999999999964e-05,0.01622750796377659,0.348171591758728,0.9258444309234619,2.827392578125,2.579573392868042,0.870476245880127
4,265,2275,8.373295783996582,9.999999999999964e-05,0.02100258134305477,0.4080483317375183,1.128788948059082,2.886923313140869,2.9675464630126953,0.9609857797622681
4,290,2300,7.271900653839111,9.999999999999964e-05,0.017015228047966957,0.39017578959465027,0.8239124417304993,2.573711395263672,2.592763900756836,0.8743223547935486
4,315,2325,8.232131004333496,9.999999999999964e-05,0.014581563882529736,0.34240424633026123,1.0471142530441284,2.7299644947052,3.2677595615386963,0.8303067684173584
4,340,2350,7.635850429534912,9.999999999999964e-05,0.016856880858540535,0.3718810975551605,1.0126193761825562,2.665661334991455,2.7868869304656982,0.7819448113441467
4,365,2375,7.838994979858398,9.999999999999964e-05,0.02352043054997921,0.4460107088088989,1.1816043853759766,2.6587655544281006,2.6229889392852783,0.906105101108551
4,390,2400,7.368746757507324,9.999999999999964e-05,0.01385466568171978,0.3503379821777344,0.9880083799362183,2.832028865814209,2.3724284172058105,0.8120884299278259
4,415,2425,7.625654697418213,9.999999999999964e-05,0.014879042282700539,0.3091939389705658,1.1013669967651367,2.712880849838257,2.6664021015167236,0.820932149887085
4,440,2450,7.703969478607178,9.999999999999964e-05,0.024884387850761414,0.43997496366500854,1.0866405963897705,2.550112009048462,2.6494624614715576,0.9528951048851013
4,465,2475,7.423944473266602,9.999999999999964e-05,0.01996219903230667,0.3515855073928833,1.1209138631820679,2.6013169288635254,2.462141990661621,0.8680241703987122
4,490,2500,6.690100193023682,9.999999999999964e-05,0.01309381052851677,0.33530378341674805,0.8945705890655518,2.456146240234375,2.068876266479492,0.9221099615097046
4,515,2525,7.507547855377197,9.999999999999964e-05,0.015585060231387615,0.34833037853240967,0.9601365327835083,2.512707233428955,2.7506773471832275,0.9201111197471619
4,540,2550,7.48960018157959,9.999999999999964e-05,0.016917267814278603,0.3318144977092743,0.8299335241317749,2.5913727283477783,2.8120522499084473,0.9075098037719727
4,565,2575,7.263527870178223,9.999999999999964e-05,0.014006711542606354,0.31796810030937195,1.0554217100143433,2.7782669067382812,2.314690351486206,0.7831738591194153
4,590,2600,6.644878387451172,9.999999999999964e-05,0.01481645181775093,0.3020288944244385,0.8251000642776489,2.323103904724121,2.5146591663360596,0.6651695966720581
4,615,2625,6.8706254959106445,9.999999999999964e-05,0.015692198649048805,0.33163052797317505,0.846197247505188,2.358088493347168,2.4690372943878174,0.8499801754951477
4,640,2650,6.9716315269470215,9.999999999999964e-05,0.014141482301056385,0.3354695737361908,0.8325061798095703,2.385312557220459,2.690983295440674,0.7132179737091064
4,665,2675,7.766907691955566,9.999999999999964e-05,0.015574115328490734,0.3537510335445404,0.8332036733627319,2.5807621479034424,3.147300958633423,0.8363156318664551
5,20,2700,7.805144786834717,9.999999999999964e-05,0.015100853517651558,0.32986488938331604,0.945041298866272,2.6843676567077637,2.9851996898651123,0.8455706238746643
5,45,2725,7.864956378936768,9.999999999999964e-05,0.019650980830192566,0.3806134760379791,1.0144710540771484,2.5458550453186035,2.9995486736297607,0.9048169851303101
5,70,2750,7.674281120300293,9.999999999999964e-05,0.015758177265524864,0.35807815194129944,0.9858266711235046,2.767012596130371,2.6513447761535645,0.8962610960006714
5,95,2775,8.108061790466309,9.999999999999964e-05,0.024387292563915253,0.5025452971458435,1.2315832376480103,2.644484281539917,2.8650784492492676,0.839982807636261
5,120,2800,7.137381076812744,9.999999999999964e-05,0.018167925998568535,0.37830865383148193,0.9575003385543823,2.5335614681243896,2.420079231262207,0.829763650894165
5,145,2825,7.308265686035156,9.999999999999964e-05,0.012367145158350468,0.3314962089061737,0.9897770285606384,2.690455198287964,2.4448416233062744,0.8393288254737854
5,170,2850,7.3781280517578125,9.999999999999964e-05,0.018642988055944443,0.41277632117271423,1.179487705230713,2.660799741744995,2.43111252784729,0.6753093004226685
5,195,2875,7.39127254486084,9.999999999999964e-05,0.01727849617600441,0.3302179276943207,0.9681138396263123,2.5469024181365967,2.8315346240997314,0.6972252130508423
5,220,2900,7.406555652618408,9.999999999999964e-05,0.012284000404179096,0.3160383999347687,0.957752525806427,2.693148612976074,2.5715372562408447,0.8557950258255005
5,245,2925,7.709516525268555,9.999999999999964e-05,0.024548154324293137,0.3910083770751953,0.9071791768074036,2.6665971279144287,2.7797605991363525,0.9404234886169434
5,270,2950,7.170590400695801,9.999999999999964e-05,0.014540288597345352,0.3657352328300476,0.8746653199195862,2.3870437145233154,2.78141450881958,0.7471912503242493
5,295,2975,7.841217041015625,9.999999999999964e-05,0.019750608131289482,0.44007065892219543,1.021949052810669,2.727102279663086,2.782745838165283,0.84959876537323
5,320,3000,7.7935075759887695,9.999999999999964e-05,0.01586032100021839,0.28322628140449524,1.190721869468689,2.7433648109436035,2.8203935623168945,0.7399411201477051
5,345,3025,7.133350372314453,9.999999999999964e-05,0.016437748447060585,0.3090529441833496,0.8813333511352539,2.3576080799102783,2.7530975341796875,0.8158206343650818
5,370,3050,7.105865478515625,9.999999999999964e-05,0.014473681338131428,0.3100493848323822,0.8785349130630493,2.5948147773742676,2.4182398319244385,0.8897528648376465
5,395,3075,7.599829196929932,9.999999999999964e-05,0.01968267932534218,0.3372310996055603,1.060592532157898,2.6251511573791504,2.6829304695129395,0.874241054058075
5,420,3100,6.698415756225586,9.999999999999964e-05,0.012324092909693718,0.2770159840583801,0.8759374618530273,2.3910367488861084,2.336824893951416,0.8052763938903809
5,445,3125,7.0294342041015625,9.999999999999964e-05,0.016314329579472542,0.32642388343811035,0.8867790102958679,2.377426862716675,2.672675609588623,0.7498141527175903
5,470,3150,7.672961235046387,9.999999999999964e-05,0.01869748905301094,0.392972856760025,0.811174213886261,2.606842517852783,2.875509023666382,0.9677653312683105
5,495,3175,7.627226829528809,9.999999999999964e-05,0.011402463540434837,0.29059934616088867,0.9850090146064758,2.5613372325897217,2.9124157428741455,0.8664634227752686
5,520,3200,7.261418342590332,9.999999999999964e-05,0.010104372166097164,0.2667960822582245,1.0302603244781494,2.3486239910125732,2.812835693359375,0.7927977442741394
5,545,3225,7.191526412963867,9.999999999999964e-05,0.015087399631738663,0.3307707905769348,0.9862080812454224,2.6596367359161377,2.4681379795074463,0.7316856980323792
5,570,3250,7.38043737411499,9.999999999999964e-05,0.016344305127859116,0.314473032951355,1.0900322198867798,2.456409215927124,2.745692014694214,0.7574865221977234
5,595,3275,7.769183158874512,9.999999999999964e-05,0.016047893092036247,0.3642626702785492,0.98956698179245,2.713634490966797,2.815890073776245,0.8697808980941772
5,620,3300,7.363977909088135,9.999999999999964e-05,0.017731495201587677,0.35016322135925293,1.017529010772705,2.474324941635132,2.6848464012145996,0.8193833231925964
5,645,3325,7.576176643371582,9.999999999999964e-05,0.013728921301662922,0.32686668634414673,0.8653604984283447,2.6035192012786865,2.8329882621765137,0.9337130784988403
5,670,3350,7.564642906188965,9.999999999999964e-05,0.022739624604582787,0.37806662917137146,0.8096837997436523,2.5154006481170654,3.024587392807007,0.8141649961471558
6,25,3375,8.022537231445312,9.999999999999964e-05,0.013963156379759312,0.35089027881622314,1.0696382522583008,2.727701425552368,3.082448959350586,0.777894914150238
6,50,3400,7.750782012939453,9.999999999999964e-05,0.019593453034758568,0.4415090084075928,1.0142792463302612,2.6575024127960205,2.705369710922241,0.9125282764434814
6,75,3425,7.422021389007568,9.999999999999964e-05,0.013913644477725029,0.3532280921936035,0.9841234087944031,2.536086320877075,2.577927350997925,0.9567426443099976
6,100,3450,7.062965393066406,9.999999999999964e-05,0.01943090930581093,0.43431511521339417,0.9616678357124329,2.4964988231658936,2.4003965854644775,0.7506565451622009
6,125,3475,7.203774452209473,9.999999999999964e-05,0.014519548043608665,0.3257691562175751,0.9339830875396729,2.3081350326538086,2.6850593090057373,0.9363084435462952
6,150,3500,6.814903259277344,9.999999999999964e-05,0.015471425838768482,0.36451202630996704,0.8319644927978516,2.377354621887207,2.5059986114501953,0.7196022868156433
6,175,3525,7.409695625305176,9.999999999999964e-05,0.016469646245241165,0.31937357783317566,1.0524052381515503,2.50923752784729,2.7660305500030518,0.7461791038513184
6,200,3550,7.29364538192749,9.999999999999964e-05,0.015517386607825756,0.3009570837020874,0.8522065877914429,2.370344877243042,2.828566789627075,0.9260531663894653
6,225,3575,7.144198894500732,9.999999999999964e-05,0.011039725504815578,0.27846547961235046,0.8445048928260803,2.5806639194488525,2.623462200164795,0.8060627579689026
6,250,3600,7.5526604652404785,9.999999999999964e-05,0.021466534584760666,0.3687759041786194,1.0626428127288818,2.4818756580352783,2.870783805847168,0.7471160292625427
6,275,3625,7.578603267669678,9.999999999999964e-05,0.017215078696608543,0.3275314271450043,0.9667174220085144,2.517439842224121,2.8544321060180664,0.8952675461769104
6,300,3650,7.528189659118652,9.999999999999964e-05,0.017591318115592003,0.4260876178741455,0.9743743538856506,2.5309994220733643,2.772341728210449,0.8067954778671265
6,325,3675,7.5486979484558105,9.999999999999964e-05,0.015190111473202705,0.3524351716041565,0.9688974618911743,2.403745651245117,2.972480535507202,0.8359487056732178
6,350,3700,7.152307987213135,9.999999999999964e-05,0.009925443679094315,0.28256484866142273,0.8979511857032776,2.4736218452453613,2.5490355491638184,0.9392092823982239
6,375,3725,6.310290813446045,9.999999999999964e-05,0.013047924265265465,0.28272998332977295,0.671643853187561,2.3120908737182617,2.299129009246826,0.7316492795944214
6,400,3750,7.7416090965271,9.999999999999964e-05,0.019650697708129883,0.3747638165950775,1.049767017364502,2.5126070976257324,3.0334503650665283,0.7513701319694519
6,425,3775,7.766493797302246,9.999999999999964e-05,0.012647068127989769,0.3206283450126648,0.8387605547904968,2.557945966720581,3.0821802616119385,0.9543315768241882
6,450,3800,6.912711143493652,9.999999999999964e-05,0.021682903170585632,0.3139818608760834,0.8620081543922424,2.4022088050842285,2.504382610321045,0.8084468841552734
6,475,3825,7.525113582611084,9.999999999999964e-05,0.016797155141830444,0.39247286319732666,0.9510194063186646,2.6591908931732178,2.650466203689575,0.8551665544509888
6,500,3850,8.073555946350098,9.999999999999964e-05,0.016802072525024414,0.31647157669067383,1.2518820762634277,2.6261684894561768,3.0850114822387695,0.7772200703620911
6,525,3875,6.415173530578613,9.999999999999964e-05,0.01515723392367363,0.32113438844680786,0.7203190922737122,2.25197434425354,2.551835775375366,0.5547519326210022
6,550,3900,6.945521354675293,9.999999999999964e-05,0.0173287745565176,0.337516188621521,0.9892809987068176,2.525721788406372,2.498765230178833,0.5769081115722656
6,575,3925,7.225815773010254,9.999999999999964e-05,0.017621591687202454,0.328339546918869,0.9483959078788757,2.2970707416534424,2.825563907623291,0.8088242411613464
6,600,3950,6.79676628112793,9.999999999999964e-05,0.016010908409953117,0.3141714036464691,0.9225373864173889,2.441805124282837,2.2797107696533203,0.8225308656692505
6,625,3975,6.977956771850586,9.999999999999964e-05,0.018287308514118195,0.36231499910354614,0.779801607131958,2.3681130409240723,2.8141770362854004,0.6352633237838745
6,650,4000,6.9484663009643555,9.999999999999964e-05,0.013795074075460434,0.318295419216156,0.8631190061569214,2.4640750885009766,2.5400657653808594,0.7491160035133362
7,5,4025,8.197738647460938,9.999999999999964e-05,0.018270255997776985,0.3844824731349945,1.0634912252426147,2.814919948577881,3.0073111057281494,0.9092636108398438
7,30,4050,6.838005542755127,9.999999999999964e-05,0.022261057049036026,0.36648598313331604,0.9881092309951782,2.403238296508789,2.3246524333953857,0.7332582473754883
7,55,4075,5.888874530792236,9.999999999999964e-05,0.008805155754089355,0.23247042298316956,0.6667112112045288,2.393540143966675,1.8925381898880005,0.6948091983795166
7,80,4100,7.114721775054932,9.999999999999964e-05,0.019241956993937492,0.3471277952194214,0.9603215456008911,2.4690909385681152,2.638124942779541,0.6808145046234131
7,105,4125,6.810835838317871,9.999999999999964e-05,0.015206491574645042,0.3026149868965149,0.7631034255027771,2.4170949459075928,2.505096673965454,0.8077186942100525
7,130,4150,6.624969959259033,9.999999999999964e-05,0.016012202948331833,0.2984747588634491,0.7891734838485718,2.247163772583008,2.578313112258911,0.6958328485488892
7,155,4175,6.644184112548828,9.999999999999964e-05,0.013155810534954071,0.27361369132995605,0.8451573848724365,2.1606392860412598,2.501643657684326,0.8499741554260254
7,180,4200,6.620887756347656,9.999999999999964e-05,0.010449699126183987,0.22961415350437164,0.8312107920646667,2.2669641971588135,2.6408708095550537,0.6417783498764038
7,205,4225,6.371475696563721,9.999999999999964e-05,0.016419164836406708,0.32104089856147766,0.8135878443717957,2.3780877590179443,2.1199519634246826,0.722387969493866
7,230,4250,7.400908946990967,9.999999999999964e-05,0.012699286453425884,0.28547734022140503,0.9138816595077515,2.5171821117401123,2.884641170501709,0.7870273590087891
7,255,4275,7.2175493240356445,9.999999999999964e-05,0.01342104934155941,0.3869742155075073,0.9035457968711853,2.346419334411621,2.8039708137512207,0.763218104839325
7,280,4300,6.877635478973389,9.999999999999964e-05,0.0120589854195714,0.3148937225341797,0.9693695902824402,2.485927104949951,2.305026054382324,0.7903598546981812
7,305,4325,5.934206962585449,9.999999999999964e-05,0.011526503600180149,0.22557583451271057,0.7364295125007629,2.115189790725708,2.2168028354644775,0.6286820769309998
7,330,4350,7.470786094665527,9.999999999999964e-05,0.01750374585390091,0.33177846670150757,0.9255813956260681,2.3824915885925293,2.975109577178955,0.8383211493492126
7,355,4375,6.5579071044921875,9.999999999999964e-05,0.010429875925183296,0.2750413417816162,0.7928429245948792,2.3425545692443848,2.465881586074829,0.6711574792861938
7,380,4400,6.754612445831299,9.999999999999964e-05,0.01507662609219551,0.3120519518852234,1.0155141353607178,2.3191215991973877,2.398042917251587,0.694805383682251
7,405,4425,6.7674407958984375,9.999999999999964e-05,0.013731504790484905,0.2743212580680847,0.8953747153282166,2.2628116607666016,2.548539161682129,0.7726622223854065
7,430,4450,6.938867568969727,9.999999999999964e-05,0.01506116520613432,0.3314170241355896,0.8391011953353882,2.464301824569702,2.5234296321868896,0.7655572295188904
7,455,4475,7.69693660736084,9.999999999999964e-05,0.0124779948964715,0.32311633229255676,1.1618415117263794,2.573418378829956,2.8184592723846436,0.8076227903366089
7,480,4500,7.518746376037598,9.999999999999964e-05,0.014225282706320286,0.2812052369117737,1.0011769533157349,2.512859344482422,2.9166946411132812,0.7925849556922913
7,505,4525,7.342985153198242,9.999999999999964e-05,0.01392592303454876,0.2993677258491516,0.9226518273353577,2.649235486984253,2.5838794708251953,0.8739249110221863
7,530,4550,6.998435974121094,9.999999999999964e-05,0.018843168392777443,0.3213392198085785,0.782595157623291,2.345083236694336,2.7849903106689453,0.7455849051475525
7,555,4575,6.858816623687744,9.999999999999964e-05,0.013616672717034817,0.28275972604751587,0.9222835898399353,2.395355463027954,2.617074489593506,0.6277264952659607
7,580,4600,7.579760551452637,9.999999999999964e-05,0.01703815907239914,0.3522478938102722,0.9091007709503174,2.5293009281158447,2.9038922786712646,0.8681809902191162
7,605,4625,6.711037635803223,9.999999999999964e-05,0.01310246903449297,0.2888512909412384,0.9540733098983765,2.141737699508667,2.7059874534606934,0.6072859168052673
7,630,4650,7.497535705566406,9.999999999999964e-05,0.014155506156384945,0.3549842834472656,0.9784239530563354,2.376147985458374,3.107147693634033,0.6666771769523621
7,655,4675,6.6528120040893555,9.999999999999964e-05,0.015134028159081936,0.33776313066482544,0.8589177131652832,2.1705269813537598,2.6275947093963623,0.6428748965263367
8,10,4700,6.269295692443848,9.999999999999964e-05,0.014321915805339813,0.3029120862483978,0.8810393810272217,2.2973010540008545,2.106449842453003,0.6672716736793518
8,35,4725,6.534060001373291,9.999999999999964e-05,0.010653371922671795,0.28092753887176514,0.7811772227287292,2.263465642929077,2.4116785526275635,0.7861577868461609
8,60,4750,7.538639068603516,9.999999999999964e-05,0.014361093752086163,0.3508743643760681,0.9343503713607788,2.4452617168426514,3.0000431537628174,0.7937484979629517
8,85,4775,7.969151496887207,9.999999999999964e-05,0.014813302084803581,0.3402845561504364,0.929529070854187,2.5278890132904053,3.191322088241577,0.9653136730194092
8,110,4800,7.5723466873168945,9.999999999999964e-05,0.014501298777759075,0.3696814775466919,1.0914092063903809,2.478013753890991,2.754896879196167,0.8638441562652588
8,135,4825,7.1508564949035645,9.999999999999964e-05,0.018162647262215614,0.3684285283088684,0.8497274518013,2.4765985012054443,2.6740028858184814,0.7639367580413818
8,160,4850,6.723978042602539,9.999999999999964e-05,0.017209764569997787,0.30893057584762573,1.0848711729049683,2.4336204528808594,2.2241721153259277,0.6551733613014221
8,185,4875,7.266499042510986,9.999999999999964e-05,0.018481869250535965,0.3579457402229309,0.950045108795166,2.3773300647735596,2.801879405975342,0.7608171105384827
8,210,4900,6.5198869705200195,9.999999999999964e-05,0.020331621170043945,0.33526811003685,0.7537920475006104,2.294428586959839,2.391326904296875,0.7247400283813477
8,235,4925,6.421761989593506,9.999999999999964e-05,0.017319241538643837,0.3046540915966034,0.7124837636947632,2.097890853881836,2.6970036029815674,0.5924108624458313
8,260,4950,6.776097297668457,9.999999999999964e-05,0.01288675144314766,0.26899024844169617,0.9276355504989624,2.1731152534484863,2.7051303386688232,0.6883390545845032
8,285,4975,7.079811096191406,9.999999999999964e-05,0.01520878542214632,0.3146458566188812,1.0973217487335205,2.3704276084899902,2.613748073577881,0.6684587001800537
8,310,5000,6.992374897003174,9.999999999999964e-05,0.015282737091183662,0.32001379132270813,0.763432502746582,2.3670334815979004,2.723881244659424,0.8027308583259583
8,335,5025,7.295871257781982,9.999999999999964e-05,0.016807686537504196,0.3430057466030121,0.9109687805175781,2.4850358963012695,2.7301409244537354,0.8099119663238525
8,360,5050,6.6111159324646,9.999999999999964e-05,0.011038120836019516,0.26670774817466736,0.7892423868179321,2.2568366527557373,2.547487497329712,0.739803671836853
8,385,5075,6.9132866859436035,9.999999999999964e-05,0.011540774255990982,0.2365371286869049,0.8775254487991333,2.7059545516967773,2.4043571949005127,0.677371621131897
8,410,5100,5.472052574157715,9.999999999999964e-05,0.012267651967704296,0.24273864924907684,0.6505615711212158,2.144017457962036,1.7897686958312988,0.632698655128479
8,435,5125,6.484769344329834,9.999999999999964e-05,0.013781444169580936,0.2826315760612488,0.8128461241722107,2.2844624519348145,2.4634783267974854,0.6275688409805298
8,460,5150,5.864425182342529,9.999999999999964e-05,0.00992665160447359,0.22647108137607574,0.7457385659217834,2.2562925815582275,2.04226016998291,0.5837365388870239
8,485,5175,7.441303253173828,9.999999999999964e-05,0.014003907330334187,0.307263046503067,0.9897103905677795,2.335927963256836,3.034806489944458,0.759591281414032
8,510,5200,6.659787654876709,9.999999999999964e-05,0.013047578744590282,0.28558287024497986,0.9198063015937805,2.331782817840576,2.4437057971954346,0.6658620834350586
8,535,5225,5.7137956619262695,9.999999999999964e-05,0.012856187298893929,0.27838408946990967,0.6399341225624084,2.055405855178833,2.05450177192688,0.6727131009101868
8,560,5250,7.008205413818359,9.999999999999964e-05,0.018605006858706474,0.33830875158309937,0.805903971195221,2.2968575954437256,2.75270414352417,0.7958260774612427
8,585,5275,7.3321309089660645,9.999999999999964e-05,0.014373915269970894,0.34914031624794006,1.0643678903579712,2.3308563232421875,2.7931065559387207,0.7802855968475342
8,610,5300,7.268683910369873,9.999999999999964e-05,0.012925181537866592,0.31305772066116333,1.0968652963638306,2.4926626682281494,2.5864620208740234,0.7667111158370972
8,635,5325,6.247557163238525,9.999999999999964e-05,0.012965439818799496,0.27117639780044556,0.8280133605003357,2.1236355304718018,2.389331817626953,0.622434675693512
8,660,5350,6.700498580932617,9.999999999999964e-05,0.014903316274285316,0.30465781688690186,0.7942218780517578,2.2511212825775146,2.608718156814575,0.7268760204315186
9,15,5375,6.425649166107178,9.999999999999964e-05,0.01818256266415119,0.3347887098789215,0.8413109183311462,2.25100040435791,2.3165504932403564,0.6638160943984985
9,40,5400,6.417614936828613,9.999999999999964e-05,0.019756216555833817,0.30354931950569153,0.7307305335998535,2.1583454608917236,2.531869411468506,0.6733641028404236
9,65,5425,6.652074813842773,9.999999999999964e-05,0.015419341623783112,0.27938735485076904,0.7281105518341064,2.2762582302093506,2.515651226043701,0.8372485637664795
9,90,5450,5.884221076965332,9.999999999999964e-05,0.010393776930868626,0.24007265269756317,0.711928129196167,2.195247173309326,2.0255777835845947,0.7010013461112976
9,115,5475,6.300917625427246,9.999999999999964e-05,0.015241834335029125,0.2962965965270996,0.7987943291664124,2.2609214782714844,2.1735734939575195,0.7560895681381226
9,140,5500,6.205136775970459,9.999999999999964e-05,0.013795173726975918,0.2943449318408966,0.6971665620803833,2.117806911468506,2.4068081378936768,0.675214946269989
9,165,5525,6.139643669128418,9.999999999999964e-05,0.00965915247797966,0.260463148355484,0.8017977476119995,1.9653956890106201,2.499659538269043,0.6026681065559387
9,190,5550,7.1052021980285645,9.999999999999964e-05,0.016093898564577103,0.3990146219730377,0.8429400324821472,2.410897731781006,2.75398850440979,0.6822679042816162
9,215,5575,6.878467082977295,9.999999999999964e-05,0.015942467376589775,0.3352935314178467,0.967391312122345,2.101916551589966,2.71479868888855,0.74312424659729
9,240,5600,6.859482765197754,9.999999999999964e-05,0.010818853043019772,0.2892763316631317,0.969081461429596,2.360175371170044,2.4105546474456787,0.8195761442184448
9,265,5625,6.623498439788818,9.999999999999964e-05,0.011759898625314236,0.22357963025569916,0.9050953388214111,2.357440948486328,2.460721492767334,0.664901614189148
9,290,5650,6.548132419586182,9.999999999999964e-05,0.01700347103178501,0.36607640981674194,0.6590071320533752,2.299916982650757,2.525279998779297,0.6808481812477112
9,315,5675,7.5389275550842285,9.999999999999964e-05,0.02427038364112377,0.4308536946773529,1.006085991859436,2.4935390949249268,2.87414288520813,0.7100355625152588
9,340,5700,6.555113792419434,9.999999999999964e-05,0.015812860801815987,0.2669146955013275,0.8738389611244202,2.1409504413604736,2.5475656986236572,0.7100309729576111
9,365,5725,7.482434272766113,9.999999999999964e-05,0.018917566165328026,0.357921838760376,1.1549880504608154,2.435242176055908,2.797248363494873,0.7181158661842346
9,390,5750,6.594119071960449,9.999999999999964e-05,0.01195379439741373,0.2353256344795227,0.8033737540245056,2.3803985118865967,2.5125606060028076,0.6505067348480225
9,415,5775,6.798146724700928,9.999999999999964e-05,0.017450740560889244,0.34623876214027405,0.8231287598609924,2.2802324295043945,2.589175224304199,0.7419212460517883
9,440,5800,7.523418426513672,9.999999999999964e-05,0.011868853121995926,0.24074596166610718,1.1080816984176636,2.4698891639709473,2.7884361743927,0.9043967127799988
9,465,5825,5.9770002365112305,9.999999999999964e-05,0.012225988321006298,0.22352157533168793,0.6342368125915527,2.0953893661499023,2.3215081691741943,0.6901185512542725
9,490,5850,6.840869903564453,9.999999999999964e-05,0.017193706706166267,0.2914731800556183,0.9015357494354248,2.480009078979492,2.412844657897949,0.7378138899803162
9,515,5875,7.028308391571045,9.999999999999964e-05,0.015936575829982758,0.31756457686424255,0.924172580242157,2.3985800743103027,2.558544158935547,0.8135107755661011
9,540,5900,7.537315845489502,9.999999999999964e-05,0.019788391888141632,0.35934892296791077,0.7942909598350525,2.503138542175293,3.041426420211792,0.8193224668502808
9,565,5925,6.71530818939209,9.999999999999964e-05,0.014572440646588802,0.30096104741096497,0.8648852705955505,2.422123670578003,2.323662519454956,0.7891033291816711
9,590,5950,7.005003452301025,9.999999999999964e-05,0.013178659602999687,0.3011438548564911,1.022316336631775,2.2704358100891113,2.8644185066223145,0.5335100293159485
9,615,5975,7.0198493003845215,9.999999999999964e-05,0.016826404258608818,0.3387349843978882,1.049393892288208,2.407541275024414,2.5726890563964844,0.6346635222434998
9,640,6000,6.171023845672607,9.999999999999964e-05,0.012181172147393227,0.23918254673480988,0.70633465051651,2.1014344692230225,2.512296199798584,0.5995950102806091
9,665,6025,5.790710926055908,9.999999999999964e-05,0.014748734422028065,0.2452256977558136,0.7235994935035706,2.0735554695129395,2.0784130096435547,0.6551684141159058
10,20,6050,5.870266914367676,9.999999999999964e-05,0.019603991881012917,0.27639132738113403,0.7118863463401794,1.9979194402694702,2.251443386077881,0.61302250623703
10,45,6075,6.152256011962891,9.999999999999964e-05,0.01386724878102541,0.3292815685272217,0.7829803228378296,2.1794793605804443,2.277617931365967,0.5690293908119202
10,70,6100,7.08210563659668,9.999999999999964e-05,0.016996221616864204,0.37877869606018066,1.0454965829849243,2.2879536151885986,2.7038981914520264,0.6489816904067993
10,95,6125,5.726876735687256,9.999999999999964e-05,0.013357004150748253,0.27185359597206116,0.7215994596481323,2.1072919368743896,2.0095977783203125,0.6031769514083862
10,120,6150,7.371707439422607,9.999999999999964e-05,0.015167178586125374,0.31393715739250183,0.9533094763755798,2.438676357269287,2.7801332473754883,0.8704837560653687
10,145,6175,6.929327964782715,9.999999999999964e-05,0.01621107943356037,0.2824200987815857,0.990035891532898,2.3925986289978027,2.6453497409820557,0.6027127504348755
10,170,6200,6.104277610778809,9.999999999999964e-05,0.010234392248094082,0.2831917405128479,0.9443846940994263,1.9527686834335327,2.2960410118103027,0.617656946182251
10,195,6225,5.535759449005127,9.999999999999964e-05,0.012951347045600414,0.2597196698188782,0.497910737991333,2.110478401184082,2.0158238410949707,0.6388750672340393
10,220,6250,6.857580661773682,9.999999999999964e-05,0.01844729296863079,0.3185528516769409,0.9070119857788086,2.3335061073303223,2.5807693004608154,0.6992927193641663
10,245,6275,6.337907314300537,9.999999999999964e-05,0.011105194687843323,0.2471776008605957,0.7886080741882324,2.2111618518829346,2.4208803176879883,0.6589746475219727
10,270,6300,6.31244421005249,9.999999999999964e-05,0.008284827694296837,0.23492401838302612,0.8197782635688782,2.1814358234405518,2.3703389167785645,0.6976828575134277
10,295,6325,6.095356464385986,9.999999999999964e-05,0.009321304969489574,0.26366719603538513,0.6084089875221252,2.0276224613189697,2.419843912124634,0.7664928436279297
10,320,6350,6.656187057495117,9.999999999999964e-05,0.013393991626799107,0.31767284870147705,0.8639758229255676,2.295506238937378,2.4029157161712646,0.7627229690551758
10,345,6375,5.477802753448486,9.999999999999964e-05,0.014706130139529705,0.24495284259319305,0.678442656993866,1.9060640335083008,1.9742599725723267,0.6593768000602722
10,370,6400,5.767157077789307,9.999999999999964e-05,0.011503716930747032,0.23924876749515533,0.6647766828536987,2.0456769466400146,2.2573347091674805,0.5486168265342712
10,395,6425,5.185100555419922,9.999999999999964e-05,0.008841035887598991,0.23932375013828278,0.6851486563682556,2.0739574432373047,1.7011197805404663,0.47670990228652954
10,420,6450,6.835190296173096,9.999999999999964e-05,0.02049763686954975,0.3027091324329376,0.8781300783157349,2.4115867614746094,2.410987138748169,0.8112801909446716
10,445,6475,6.26174259185791,9.999999999999964e-05,0.01313105970621109,0.290057897567749,0.7258906960487366,2.2463111877441406,2.3414106369018555,0.6449408531188965
10,470,6500,7.410504341125488,9.999999999999964e-05,0.014595347456634045,0.31738898158073425,0.9244531989097595,2.4306790828704834,2.936950922012329,0.7864370942115784
10,495,6525,6.813102722167969,9.999999999999964e-05,0.014366567134857178,0.30636847019195557,0.7840747237205505,2.1953482627868652,2.7439632415771484,0.7689816951751709
10,520,6550,6.883477687835693,9.999999999999964e-05,0.01433895155787468,0.30652499198913574,1.0888382196426392,2.3463995456695557,2.483389139175415,0.643987238407135
10,545,6575,5.8228230476379395,9.999999999999964e-05,0.008332873694598675,0.20366080105304718,0.6658963561058044,2.0263044834136963,2.236090660095215,0.6825380325317383
10,570,6600,5.70424747467041,9.999999999999964e-05,0.007419919595122337,0.2360011488199234,0.7361903190612793,1.973802089691162,2.1774938106536865,0.5733397603034973
10,595,6625,5.363908767700195,9.999999999999964e-05,0.01357601024210453,0.27106529474258423,0.5533045530319214,1.9767667055130005,1.953269124031067,0.5959271192550659
10,620,6650,6.277561187744141,9.999999999999964e-05,0.014185933396220207,0.3120795488357544,0.7163038849830627,2.133636713027954,2.4240007400512695,0.6773543953895569
10,645,6675,6.948768138885498,9.999999999999964e-05,0.012241293676197529,0.2776004374027252,0.991389274597168,2.334470272064209,2.6241037845611572,0.7089625000953674
10,670,6700,6.552481651306152,9.999999999999964e-05,0.0096747986972332,0.2461479753255844,1.0018125772476196,2.3121235370635986,2.4472975730895996,0.53542560338974
11,25,6725,6.293968200683594,9.999999999999964e-05,0.01773310825228691,0.2944311797618866,0.8141264915466309,2.07564115524292,2.3876454830169678,0.7043904662132263
11,50,6750,5.952085971832275,9.999999999999964e-05,0.019442997872829437,0.31593629717826843,0.7978028655052185,2.1006171703338623,2.246149778366089,0.4721367657184601
11,75,6775,6.339865207672119,9.999999999999964e-05,0.011388171464204788,0.1974518746137619,0.800427258014679,2.10775089263916,2.674326181411743,0.5485206842422485
11,100,6800,5.930927276611328,9.999999999999964e-05,0.011613866314291954,0.22793267667293549,0.8409108519554138,2.1039671897888184,2.140037775039673,0.606464684009552
11,125,6825,6.138730525970459,9.999999999999964e-05,0.01080276258289814,0.22031745314598083,0.7610196471214294,2.1404030323028564,2.3355422019958496,0.6706454753875732
11,150,6850,6.160655498504639,9.999999999999964e-05,0.0101891178637743,0.22703884541988373,0.8099201321601868,2.144631862640381,2.3441905975341797,0.6246848106384277
11,175,6875,7.048735618591309,9.999999999999964e-05,0.015985267236828804,0.2689068019390106,0.8427687883377075,2.3680598735809326,2.76788067817688,0.7851343154907227
11,200,6900,6.384984016418457,9.999999999999964e-05,0.020549941807985306,0.2840046286582947,0.7964173555374146,2.113726854324341,2.450880289077759,0.7194051146507263
11,225,6925,6.102908611297607,9.999999999999964e-05,0.011638598516583443,0.2209574282169342,0.7657277584075928,2.073469400405884,2.3872790336608887,0.6438364386558533
11,250,6950,5.658720016479492,9.999999999999964e-05,0.013907872140407562,0.298837810754776,0.694063127040863,1.963172197341919,2.0344181060791016,0.6543210744857788
11,275,6975,6.76392126083374,9.999999999999964e-05,0.01339531410485506,0.26386719942092896,0.8008998036384583,2.347557544708252,2.511295795440674,0.8269060850143433
11,300,7000,6.10776424407959,9.999999999999964e-05,0.01234391052275896,0.27827128767967224,0.7408815026283264,2.1572325229644775,2.159787893295288,0.7592469453811646
11,325,7025,5.763258934020996,9.999999999999964e-05,0.010609718970954418,0.2692497968673706,0.748941957950592,2.077434539794922,2.1055214405059814,0.5515016317367554
11,350,7050,7.335187911987305,9.999999999999964e-05,0.018130280077457428,0.3302290439605713,1.05122971534729,2.45674991607666,2.6760306358337402,0.802818775177002
11,375,7075,6.485523700714111,9.999999999999964e-05,0.018708691000938416,0.3551866114139557,0.7870479226112366,2.3310375213623047,2.383800745010376,0.6097419857978821
11,400,7100,4.8246169090271,9.999999999999964e-05,0.013473695144057274,0.23370561003684998,0.47040221095085144,1.7244101762771606,1.803341269493103,0.5792834758758545
11,425,7125,6.11328649520874,9.999999999999964e-05,0.011673680506646633,0.2625141143798828,0.8006654381752014,1.9274179935455322,2.500072479248047,0.6109426617622375
11,450,7150,5.8087663650512695,9.999999999999964e-05,0.017569024115800858,0.2811332046985626,0.8657194972038269,1.9027684926986694,2.196556329727173,0.5450196266174316
11,475,7175,5.475344181060791,9.999999999999964e-05,0.010032753460109234,0.21242021024227142,0.5739858150482178,1.9254260063171387,2.1083130836486816,0.6451662182807922
11,500,7200,5.412295341491699,9.999999999999964e-05,0.013815044425427914,0.27697938680648804,0.5810689330101013,2.0600640773773193,1.9273570775985718,0.5530104041099548
11,525,7225,6.839426517486572,9.999999999999964e-05,0.01794322021305561,0.3189546763896942,0.9736797213554382,2.3295421600341797,2.6270318031311035,0.572274923324585
11,550,7250,6.387331008911133,9.999999999999964e-05,0.01212991215288639,0.2311854064464569,0.8423815369606018,2.1400368213653564,2.511470317840576,0.6501271724700928
11,575,7275,6.265049457550049,9.999999999999964e-05,0.009416808374226093,0.20868156850337982,0.7712796926498413,2.129149913787842,2.4095065593719482,0.737014889717102
11,600,7300,5.620914459228516,9.999999999999964e-05,0.016332827508449554,0.23689091205596924,0.6656237840652466,2.0395090579986572,2.1490705013275146,0.5134874582290649
11,625,7325,6.213806629180908,9.999999999999964e-05,0.013076245784759521,0.2612357437610626,0.8271223306655884,2.209273338317871,2.3118088245391846,0.5912896394729614
11,650,7350,7.032227993011475,9.999999999999964e-05,0.016018126159906387,0.2996661067008972,0.9728960394859314,2.299643039703369,2.6400887966156006,0.8039157390594482
12,5,7375,6.3925652503967285,9.999999999999964e-05,0.015014657750725746,0.2577868103981018,0.7718995213508606,2.151465654373169,2.472364902496338,0.7240337133407593
12,30,7400,6.574936389923096,9.999999999999964e-05,0.012726571410894394,0.287223756313324,0.9237725138664246,2.24027419090271,2.528898000717163,0.5820413827896118
12,55,7425,5.836435794830322,9.999999999999964e-05,0.015182707458734512,0.21571041643619537,0.7944033145904541,2.052306652069092,2.1741344928741455,0.584697961807251
12,80,7450,5.384825706481934,9.999999999999964e-05,0.011627297848463058,0.20538197457790375,0.5573639869689941,1.9567656517028809,2.092042922973633,0.5616438388824463
12,105,7475,5.825209617614746,9.999999999999964e-05,0.009674690663814545,0.2246377170085907,0.7829462289810181,2.0246388912200928,2.2943472862243652,0.4889645278453827
12,130,7500,7.50590705871582,9.999999999999964e-05,0.01429068110883236,0.32139280438423157,0.9824197888374329,2.3806307315826416,2.951787233352661,0.8553857207298279
12,155,7525,6.360546112060547,9.999999999999964e-05,0.010253486223518848,0.2541423738002777,0.7622800469398499,2.1961612701416016,2.4125547409057617,0.7251543998718262
12,180,7550,5.075748920440674,9.999999999999964e-05,0.008945710025727749,0.2389034926891327,0.6436048746109009,1.751775860786438,1.8962682485580444,0.5362499952316284
12,205,7575,6.5383734703063965,9.999999999999964e-05,0.011824455112218857,0.23467320203781128,0.8776875138282776,2.209064483642578,2.517557382583618,0.6875661611557007
12,230,7600,6.393495559692383,9.999999999999964e-05,0.013111663982272148,0.216248020529747,0.8646506667137146,2.1553399562835693,2.521878719329834,0.6222664713859558
12,255,7625,5.044175148010254,9.999999999999964e-05,0.011463678441941738,0.2785244882106781,0.5740000605583191,1.8331427574157715,1.819454312324524,0.5275900959968567
12,280,7650,5.848094940185547,9.999999999999964e-05,0.009241443127393723,0.23370341956615448,0.6232476234436035,2.090975284576416,2.241241693496704,0.6496856212615967
12,305,7675,6.019218444824219,9.999999999999964e-05,0.014522906392812729,0.25689882040023804,0.8093221187591553,2.0287868976593018,2.2693920135498047,0.6402956247329712
12,330,7700,6.144463062286377,9.999999999999964e-05,0.012222315184772015,0.2770460844039917,0.7634339332580566,1.9993994235992432,2.4504647254943848,0.6418964266777039
12,355,7725,6.2707109451293945,9.999999999999964e-05,0.012057787738740444,0.2511017322540283,0.8482193350791931,2.1275484561920166,2.3804049491882324,0.6513784527778625
12,380,7750,5.330552577972412,9.999999999999964e-05,0.006742317695170641,0.20694182813167572,0.6213392019271851,1.7861087322235107,2.0631797313690186,0.6462405323982239
12,405,7775,7.049543857574463,9.999999999999964e-05,0.013332310132682323,0.28095701336860657,1.0500415563583374,2.361704111099243,2.843263626098633,0.5002450942993164
12,430,7800,6.719610691070557,9.999999999999964e-05,0.009946148842573166,0.2514957785606384,0.8906594514846802,2.2601277828216553,2.5763001441955566,0.7310817837715149
12,455,7825,7.012739181518555,9.999999999999964e-05,0.013379942625761032,0.27257561683654785,0.9770350456237793,2.2244820594787598,2.746333360671997,0.7789332270622253
12,480,7850,5.747798442840576,9.999999999999964e-05,0.008473025634884834,0.1750151664018631,0.7355440258979797,1.9416906833648682,2.26517915725708,0.6218964457511902
12,505,7875,5.930573463439941,9.999999999999964e-05,0.01823854260146618,0.25210899114608765,0.7746133804321289,2.046471357345581,2.1628148555755615,0.6763267517089844
12,530,7900,5.881026744842529,9.999999999999964e-05,0.014619057066738605,0.2995302975177765,0.8133109211921692,1.96198308467865,2.19103741645813,0.6005459427833557
12,555,7925,6.53053617477417,9.999999999999964e-05,0.013198662549257278,0.2961817979812622,0.7784193754196167,2.216886520385742,2.546767473220825,0.6790819764137268
12,580,7950,6.0937275886535645,9.999999999999964e-05,0.010492300614714622,0.21598398685455322,0.7198004722595215,2.1705820560455322,2.3173911571502686,0.6594776511192322
12,605,7975,6.411805629730225,9.999999999999964e-05,0.02123560756444931,0.3527345359325409,0.6045536994934082,2.020113706588745,2.6535773277282715,0.759590208530426
12,630,8000,6.509109020233154,9.999999999999964e-05,0.018890708684921265,0.28882738947868347,0.8855084180831909,2.2183408737182617,2.468923330307007,0.628618061542511
12,655,8025,5.979692459106445,9.999999999999964e-05,0.010369686409831047,0.19800899922847748,0.7696712613105774,1.969454050064087,2.3727304935455322,0.6594576239585876
13,10,8050,7.078210830688477,9.999999999999964e-05,0.01497650146484375,0.315901517868042,0.932755708694458,2.2242634296417236,2.699711561203003,0.8906025290489197
13,35,8075,5.931167125701904,9.999999999999964e-05,0.008654259145259857,0.24056397378444672,0.717156171798706,2.0390005111694336,2.2214767932891846,0.7043159604072571
13,60,8100,5.978058338165283,9.999999999999964e-05,0.01582220010459423,0.27727559208869934,0.6975173354148865,2.150069236755371,2.2664871215820312,0.5708861351013184
13,85,8125,5.742146015167236,9.999999999999964e-05,0.015670180320739746,0.23421736061573029,0.820309579372406,1.9979150295257568,2.05372953414917,0.6203046441078186
13,110,8150,6.288756847381592,9.999999999999964e-05,0.014041067101061344,0.25708499550819397,0.7454938888549805,2.2054860591888428,2.408292055130005,0.6583586931228638
13,135,8175,6.973951816558838,9.999999999999964e-05,0.015751326456665993,0.30867236852645874,0.9924750328063965,2.2737207412719727,2.7346436977386475,0.6486883163452148
13,160,8200,6.2082929611206055,9.999999999999964e-05,0.013456497341394424,0.27823615074157715,0.9758619070053101,2.04982852935791,2.312445878982544,0.5784639120101929
13,185,8225,5.646546840667725,9.999999999999964e-05,0.011304914020001888,0.24826215207576752,0.8552563190460205,1.9114667177200317,2.043414354324341,0.5768424272537231
13,210,8250,6.035740375518799,9.999999999999964e-05,0.010258735157549381,0.2524511218070984,0.630663275718689,1.8814224004745483,2.6307787895202637,0.6301655173301697
13,235,8275,6.277259826660156,9.999999999999964e-05,0.012345132417976856,0.2761830687522888,0.874457061290741,2.0100760459899902,2.4711508750915527,0.633047878742218
13,260,8300,6.2612152099609375,9.999999999999964e-05,0.01457889936864376,0.25865423679351807,0.8232437968254089,2.1157867908477783,2.376326560974121,0.6726247668266296
13,285,8325,6.4036736488342285,9.999999999999964e-05,0.011528014205396175,0.23271310329437256,0.8344406485557556,2.1722300052642822,2.4610931873321533,0.6916686296463013
13,310,8350,5.782003402709961,9.999999999999964e-05,0.010712122544646263,0.22558073699474335,0.8290049433708191,1.973265528678894,2.1889500617980957,0.5544899702072144
13,335,8375,5.538486480712891,9.999999999999964e-05,0.011322075501084328,0.21895872056484222,0.6286405920982361,1.8649797439575195,2.1654212474823,0.6491640210151672
13,360,8400,6.606240272521973,9.999999999999964e-05,0.011167033575475216,0.28069931268692017,1.0491610765457153,2.2684669494628906,2.3521461486816406,0.6445994973182678
13,385,8425,6.87212610244751,9.999999999999964e-05,0.009851273149251938,0.24232745170593262,0.854600727558136,2.144606828689575,2.9285383224487305,0.6922014951705933
13,410,8450,4.364490032196045,9.999999999999964e-05,0.009092431515455246,0.17823006212711334,0.5142555236816406,1.6599369049072266,1.544160008430481,0.45881497859954834
13,435,8475,6.113848686218262,9.999999999999964e-05,0.011903515085577965,0.2511145770549774,0.7664692997932434,2.060063600540161,2.4321823120117188,0.5921156406402588
13,460,8500,5.9564361572265625,9.999999999999964e-05,0.01382236648350954,0.24796226620674133,0.6843739151954651,1.9305611848831177,2.4223968982696533,0.6573200821876526
13,485,8525,5.6610870361328125,9.999999999999964e-05,0.011323216371238232,0.22018787264823914,0.7512806057929993,2.0413613319396973,1.8544838428497314,0.7824503183364868
13,510,8550,6.103699207305908,9.999999999999964e-05,0.013037498109042645,0.2637538015842438,0.8351733088493347,2.0514113903045654,2.338974714279175,0.6013481616973877
13,535,8575,5.385477542877197,9.999999999999964e-05,0.015533740632236004,0.2528751790523529,0.5881078243255615,1.8777860403060913,2.183588981628418,0.46758562326431274
13,560,8600,5.50497579574585,9.999999999999964e-05,0.011067924089729786,0.21322453022003174,0.6331155896186829,1.8634331226348877,2.0485706329345703,0.7355638146400452
13,585,8625,5.587118148803711,9.999999999999964e-05,0.013604030013084412,0.2787352502346039,0.681667685508728,2.040161371231079,2.037893772125244,0.5350562930107117
13,610,8650,5.886277675628662,9.999999999999964e-05,0.011494899168610573,0.2502748668193817,0.7622805237770081,2.0799033641815186,2.138079881668091,0.6442446112632751
13,635,8675,6.012158393859863,9.999999999999964e-05,0.015129966661334038,0.30226054787635803,0.700514554977417,2.0708279609680176,2.23043155670166,0.692994236946106
13,660,8700,6.433943748474121,9.999999999999964e-05,0.01225187722593546,0.26934927701950073,1.0312625169754028,2.10475492477417,2.336770534515381,0.6795551180839539
14,15,8725,5.889304161071777,9.999999999999964e-05,0.013222849927842617,0.2743390202522278,0.6049891710281372,2.044642210006714,2.187547206878662,0.7645639777183533
14,40,8750,6.195146560668945,9.999999999999964e-05,0.01126143243163824,0.24406659603118896,0.7847420573234558,2.0825304985046387,2.4785866737365723,0.5939591526985168
14,65,8775,6.406464099884033,9.999999999999964e-05,0.013957909308373928,0.2836066484451294,0.8355433940887451,2.1955630779266357,2.3480868339538574,0.729706883430481
14,90,8800,5.082882404327393,9.999999999999964e-05,0.014790789224207401,0.23020678758621216,0.6673793792724609,1.8715617656707764,1.729714035987854,0.5692296624183655
14,115,8825,6.104102611541748,9.999999999999964e-05,0.012740460224449635,0.24321907758712769,0.7530859708786011,2.1255712509155273,2.288031578063965,0.6814538836479187
14,140,8850,5.090393543243408,9.999999999999964e-05,0.009674658998847008,0.1894797533750534,0.5276573300361633,1.8072336912155151,1.9964399337768555,0.559908390045166
14,165,8875,5.58708381652832,9.999999999999964e-05,0.010594970546662807,0.19685502350330353,0.6174066066741943,1.9514732360839844,2.3265023231506348,0.4842517375946045
14,190,8900,6.508955001831055,9.999999999999964e-05,0.01490294374525547,0.27922120690345764,0.9262834191322327,2.0814802646636963,2.6058647632598877,0.6012021899223328
14,215,8925,5.600743293762207,9.999999999999964e-05,0.01492589432746172,0.24613551795482635,0.669294536113739,1.9865360260009766,2.133169174194336,0.5506824254989624
14,240,8950,6.326883316040039,9.999999999999964e-05,0.011175774969160557,0.2642068862915039,0.9286707043647766,2.151562213897705,2.373546600341797,0.5977215766906738
14,265,8975,6.105332374572754,9.999999999999964e-05,0.013404162600636482,0.24973474442958832,0.8405349850654602,2.0228965282440186,2.3357491493225098,0.6430128812789917
14,290,9000,5.339550495147705,9.999999999999964e-05,0.01381163764744997,0.2394915074110031,0.5212991833686829,1.8203649520874023,2.148672342300415,0.5959109663963318
14,315,9025,5.385927677154541,9.999999999999964e-05,0.011881591752171516,0.24689149856567383,0.5470011830329895,1.8486655950546265,2.1335692405700684,0.5979183316230774
14,340,9050,6.063033580780029,9.999999999999964e-05,0.014078325591981411,0.2702122926712036,0.700963020324707,2.0886495113372803,2.3785693645477295,0.6105610728263855
14,365,9075,6.674532413482666,9.999999999999964e-05,0.016908276826143265,0.292945921421051,0.8683832883834839,2.1668646335601807,2.66347336769104,0.6659569144248962
14,390,9100,5.7465434074401855,9.999999999999964e-05,0.01569417491555214,0.2868196964263916,0.6361307501792908,1.8170559406280518,2.402867317199707,0.5879754424095154
14,415,9125,6.4242095947265625,9.999999999999964e-05,0.011396661400794983,0.29022204875946045,0.7739001512527466,2.1945371627807617,2.4890663623809814,0.6650871634483337
14,440,9150,4.97835111618042,9.999999999999964e-05,0.010371515527367592,0.21788351237773895,0.5734928846359253,1.722205638885498,1.9664602279663086,0.48793765902519226
14,465,9175,5.971245765686035,9.999999999999964e-05,0.017890803515911102,0.2814891040325165,0.8489924073219299,1.9658589363098145,2.226475238800049,0.6305391788482666
14,490,9200,6.007292747497559,9.999999999999964e-05,0.01660303585231304,0.27522674202919006,0.7959826588630676,2.1065893173217773,2.309568405151367,0.5033226609230042
14,515,9225,6.455883979797363,9.999999999999964e-05,0.012383969500660896,0.24935029447078705,0.9135184288024902,2.145965814590454,2.47318959236145,0.661475658416748
14,540,9250,6.290963172912598,9.999999999999964e-05,0.014321628026664257,0.28654012084007263,0.7895659804344177,2.063920259475708,2.4424118995666504,0.6942029595375061
14,565,9275,5.910140037536621,9.999999999999964e-05,0.015975339338183403,0.3215867877006531,0.8538033366203308,2.073737144470215,2.1570308208465576,0.4880068004131317
14,590,9300,5.725578784942627,9.999999999999964e-05,0.012622089125216007,0.2200314849615097,0.7301468849182129,2.0938169956207275,2.0903637409210205,0.5785974264144897
14,615,9325,6.005254745483398,9.999999999999964e-05,0.009792513214051723,0.21533623337745667,0.7544816136360168,1.995927333831787,2.3840413093566895,0.6456759572029114
14,640,9350,6.669846534729004,9.999999999999964e-05,0.01378327514976263,0.24234747886657715,0.9811346530914307,2.0726029872894287,2.7702043056488037,0.5897734761238098
14,665,9375,5.909395694732666,9.999999999999964e-05,0.011762162670493126,0.27086564898490906,1.005455493927002,2.0085368156433105,2.0131607055664062,0.599614679813385
15,20,9400,6.1887054443359375,9.999999999999964e-05,0.018003782257437706,0.2802779972553253,0.723075270652771,1.9713120460510254,2.514634847640991,0.6814014315605164
15,45,9425,5.322389125823975,9.999999999999964e-05,0.009814148768782616,0.2405857890844345,0.6716445088386536,1.8628610372543335,1.9995275735855103,0.5379564166069031
15,70,9450,4.914523124694824,9.999999999999964e-05,0.00946019683033228,0.20308291912078857,0.5240281820297241,1.5390257835388184,2.100113868713379,0.5388122797012329
15,95,9475,5.807770252227783,9.999999999999964e-05,0.016812805086374283,0.2810192406177521,0.6408793926239014,1.9690049886703491,2.347489356994629,0.5525643229484558
15,120,9500,6.033791542053223,9.999999999999964e-05,0.01203133910894394,0.2797616124153137,0.8514218330383301,2.091381549835205,2.275413751602173,0.5237814784049988
15,145,9525,5.983966827392578,9.999999999999964e-05,0.017476888373494148,0.27232125401496887,0.7167308926582336,2.0168936252593994,2.237353801727295,0.7231897711753845
15,170,9550,5.928426742553711,9.999999999999964e-05,0.010630175471305847,0.25609153509140015,0.9191802740097046,1.9279329776763916,2.256950855255127,0.557640790939331
15,195,9575,5.841322898864746,9.999999999999964e-05,0.01684826798737049,0.2840289771556854,0.7539425492286682,2.105031728744507,2.083601474761963,0.597869336605072
15,220,9600,5.344322681427002,9.999999999999964e-05,0.010644052177667618,0.1806490272283554,0.6524763107299805,1.7343074083328247,2.2979671955108643,0.4682789742946625
15,245,9625,5.195508003234863,9.999999999999964e-05,0.012646527960896492,0.23188534379005432,0.6905393600463867,1.8386104106903076,1.8449935913085938,0.5768328905105591
15,270,9650,5.089451313018799,9.999999999999964e-05,0.007776967249810696,0.18282575905323029,0.5371206998825073,1.7745109796524048,1.8888638019561768,0.6983527541160583
15,295,9675,6.122341156005859,9.999999999999964e-05,0.01196441613137722,0.23425284028053284,0.7235310077667236,2.0412192344665527,2.4505207538604736,0.6608532071113586
15,320,9700,5.247741222381592,9.999999999999964e-05,0.013461584225296974,0.20303680002689362,0.6076713800430298,1.802954912185669,2.059887647628784,0.5607288479804993
15,345,9725,5.368831634521484,9.999999999999964e-05,0.012772711925208569,0.25566017627716064,0.5734015107154846,2.041951894760132,1.8538187742233276,0.6312264204025269
15,370,9750,5.005367755889893,9.999999999999964e-05,0.011614590883255005,0.22836019098758698,0.5615823864936829,1.8078607320785522,1.81210196018219,0.5838479995727539
15,395,9775,5.164702892303467,9.999999999999964e-05,0.011579176411032677,0.2019505351781845,0.639153778553009,1.8549184799194336,1.9368306398391724,0.5202701091766357
15,420,9800,6.67409086227417,9.999999999999964e-05,0.012648298405110836,0.2945353388786316,0.7383208870887756,2.1669936180114746,2.6805412769317627,0.7810510396957397
15,445,9825,6.580445766448975,9.999999999999964e-05,0.016022905707359314,0.28196460008621216,0.8241148591041565,2.1489980220794678,2.6365396976470947,0.672805666923523
15,470,9850,6.154393672943115,9.999999999999964e-05,0.017957700416445732,0.2850942611694336,0.7471073269844055,2.0645899772644043,2.4786057472229004,0.5610387921333313
15,495,9875,4.638236045837402,9.999999999999964e-05,0.011233514174818993,0.1789284348487854,0.5514503717422485,1.7721836566925049,1.5827770233154297,0.5416634678840637
15,520,9900,4.909987926483154,9.999999999999964e-05,0.0097660506144166,0.18397578597068787,0.49004513025283813,1.630473017692566,2.001784324645996,0.5939432978630066
15,545,9925,5.3637309074401855,9.999999999999964e-05,0.009816835634410381,0.19006463885307312,0.6657975912094116,1.9020686149597168,2.097219705581665,0.49876341223716736
15,570,9950,5.330679416656494,9.999999999999964e-05,0.008269483223557472,0.20760197937488556,0.7517631649971008,1.883527159690857,1.959084391593933,0.5204335451126099
15,595,9975,6.445879936218262,9.999999999999964e-05,0.01248724851757288,0.2624262571334839,0.9180331230163574,2.0183584690093994,2.6253371238708496,0.6092381477355957
15,620,10000,5.274899005889893,9.999999999999964e-05,0.013959484174847603,0.2239142507314682,0.6528577208518982,1.8687396049499512,1.9733946323394775,0.5420332551002502
15,645,10025,5.853429794311523,9.999999999999964e-05,0.013285284861922264,0.2521442472934723,0.6918887495994568,1.9652351140975952,2.342435121536255,0.588441014289856
15,670,10050,5.599194526672363,9.999999999999964e-05,0.013799301348626614,0.22029805183410645,0.702978789806366,1.8573817014694214,2.1129872798919678,0.6917492747306824
16,25,10075,5.730123043060303,9.999999999999964e-05,0.01639162003993988,0.26914170384407043,0.58104407787323,1.990927815437317,2.2355477809906006,0.6370702385902405
16,50,10100,7.043671131134033,9.999999999999964e-05,0.016595471650362015,0.2955632209777832,0.92677903175354,2.1615989208221436,2.8799750804901123,0.763159453868866
16,75,10125,5.485773086547852,9.999999999999964e-05,0.014476786367595196,0.23739498853683472,0.6669624447822571,1.8838093280792236,2.0751795768737793,0.6079497933387756
16,100,10150,6.1392035484313965,9.999999999999964e-05,0.014552260749042034,0.24697548151016235,0.8120222091674805,2.3076581954956055,2.080087184906006,0.6779078841209412
16,125,10175,4.739046573638916,9.999999999999964e-05,0.013390222564339638,0.2660090923309326,0.6394027471542358,1.6648790836334229,1.693572759628296,0.46179261803627014
16,150,10200,6.410725116729736,9.999999999999964e-05,0.02127590775489807,0.2870582938194275,0.7931655049324036,2.003852128982544,2.6443917751312256,0.6609814763069153
16,175,10225,6.1488871574401855,9.999999999999964e-05,0.011487686075270176,0.21649517118930817,1.0329759120941162,2.066422462463379,2.2261910438537598,0.5953150391578674
16,200,10250,5.297238826751709,9.999999999999964e-05,0.009935322217643261,0.17341925203800201,0.5567879676818848,1.7948063611984253,2.1605641841888428,0.6017255187034607
16,225,10275,4.61984395980835,9.999999999999964e-05,0.007978592067956924,0.18632113933563232,0.4854036569595337,1.6975734233856201,1.74388587474823,0.4986812472343445
16,250,10300,6.229421138763428,9.999999999999964e-05,0.014190170913934708,0.2376120239496231,0.8513044714927673,2.095921277999878,2.4555394649505615,0.5748535394668579
16,275,10325,5.40700626373291,9.999999999999964e-05,0.013029017485678196,0.1672041267156601,0.6728765368461609,1.8388434648513794,2.1678998470306396,0.5471529960632324
16,300,10350,5.4480085372924805,9.999999999999964e-05,0.010285192169249058,0.22093337774276733,0.672600507736206,1.8681377172470093,2.0527355670928955,0.6233163475990295
16,325,10375,5.773326396942139,9.999999999999964e-05,0.010297635570168495,0.22508536279201508,0.6272509694099426,1.9095276594161987,2.3710403442382812,0.6301249265670776
16,350,10400,6.329218864440918,9.999999999999964e-05,0.011652144603431225,0.23775015771389008,0.8543071150779724,2.125275135040283,2.423489570617676,0.6767449975013733
16,375,10425,6.212535381317139,9.999999999999964e-05,0.012202790006995201,0.25228625535964966,0.7698196768760681,2.1221494674682617,2.416524887084961,0.6395520567893982
16,400,10450,5.627085208892822,9.999999999999964e-05,0.012430399656295776,0.24892736971378326,0.5883855223655701,1.7998114824295044,2.3099758625030518,0.6675547957420349
16,425,10475,6.39423942565918,9.999999999999964e-05,0.0215910617262125,0.36760833859443665,0.7107819318771362,2.0822865962982178,2.4179677963256836,0.7940033674240112
16,450,10500,5.016408920288086,9.999999999999964e-05,0.008036624640226364,0.1808548867702484,0.6118138432502747,1.8398420810699463,1.8632878065109253,0.5125741362571716
16,475,10525,4.98260498046875,9.999999999999964e-05,0.00932386051863432,0.19844302535057068,0.6030175685882568,1.8986434936523438,1.7947475910186768,0.4784294366836548
16,500,10550,5.782745361328125,9.999999999999964e-05,0.010712506249547005,0.213682159781456,0.7914935946464539,1.884135365486145,2.3677172660827637,0.5150040984153748
16,525,10575,5.187164306640625,9.999999999999964e-05,0.008299042470753193,0.19322535395622253,0.7099693417549133,1.7702560424804688,1.9264284372329712,0.5789856910705566
16,550,10600,5.3328704833984375,9.999999999999964e-05,0.008397340774536133,0.18176980316638947,0.5011008381843567,1.8875339031219482,2.1368894577026367,0.6171789765357971
16,575,10625,5.239457607269287,9.999999999999964e-05,0.011004986241459846,0.23246967792510986,0.6115691661834717,1.7637803554534912,2.0049843788146973,0.6156492829322815
16,600,10650,5.483053684234619,9.999999999999964e-05,0.011908617801964283,0.23337961733341217,0.5989921689033508,2.024615526199341,1.899646520614624,0.7145107388496399
16,625,10675,5.402486324310303,9.999999999999964e-05,0.008601291105151176,0.2036159336566925,0.6356308460235596,1.7578918933868408,2.194770097732544,0.6019757986068726
16,650,10700,6.043546199798584,9.999999999999964e-05,0.01562955416738987,0.25059011578559875,0.8579009771347046,2.027215003967285,2.256298303604126,0.6359121203422546
17,5,10725,5.925776958465576,9.999999999999964e-05,0.016887227073311806,0.2641924023628235,0.7495189309120178,1.9898580312728882,2.2506396770477295,0.6546803712844849
17,30,10750,5.911609172821045,9.999999999999964e-05,0.0101586589589715,0.20536565780639648,0.8383920788764954,1.9099963903427124,2.303163766860962,0.6445325613021851
17,55,10775,6.312212944030762,9.999999999999964e-05,0.013670616783201694,0.28943735361099243,0.8095415830612183,2.1811397075653076,2.412309169769287,0.6061148047447205
17,80,10800,5.696826457977295,9.999999999999964e-05,0.017476601526141167,0.26067593693733215,0.8103243708610535,1.8936094045639038,2.0603744983673096,0.6543660759925842
17,105,10825,4.594000339508057,9.999999999999964e-05,0.009529560804367065,0.19948168098926544,0.5676876902580261,1.5935231447219849,1.7088871002197266,0.5148912072181702
17,130,10850,5.448731422424316,9.999999999999964e-05,0.009095791727304459,0.19635631144046783,0.6006919741630554,1.7200194597244263,2.3263907432556152,0.5961775779724121
17,155,10875,5.406748294830322,9.999999999999964e-05,0.010763305239379406,0.18143250048160553,0.7300622463226318,1.975553035736084,1.9242817163467407,0.5846553444862366
17,180,10900,5.188431262969971,9.999999999999964e-05,0.009578422643244267,0.22445763647556305,0.6105747222900391,1.763676643371582,2.048133611679077,0.5320106148719788
17,205,10925,6.599020004272461,9.999999999999964e-05,0.010733907110989094,0.23981241881847382,0.9943578243255615,2.204922914505005,2.514378786087036,0.6348140835762024
17,230,10950,5.900908470153809,9.999999999999964e-05,0.008112079463899136,0.18574227392673492,0.868308424949646,2.0506350994110107,2.1984708309173584,0.5896397233009338
17,255,10975,5.81126070022583,9.999999999999964e-05,0.01071001123636961,0.2164635807275772,0.6670243144035339,1.88473641872406,2.314826726913452,0.7174996137619019
17,280,11000,4.876595497131348,9.999999999999964e-05,0.011644490994513035,0.18937835097312927,0.5525215864181519,1.7246911525726318,1.900637149810791,0.4977230131626129
17,305,11025,5.396522045135498,9.999999999999964e-05,0.014715800061821938,0.26068252325057983,0.6654005646705627,1.797884464263916,2.177175521850586,0.4806634187698364
17,330,11050,5.722378730773926,9.999999999999964e-05,0.012705188244581223,0.23357649147510529,0.6940707564353943,1.9170433282852173,2.2674527168273926,0.5975302457809448
17,355,11075,5.672461032867432,9.999999999999964e-05,0.015344557352364063,0.24700917303562164,0.8051572442054749,1.889074683189392,2.1378166675567627,0.5780590772628784
17,380,11100,5.750913143157959,9.999999999999964e-05,0.015153184533119202,0.23591668903827667,0.6464788317680359,1.899576187133789,2.315345048904419,0.6384426951408386
17,405,11125,5.75202751159668,9.999999999999964e-05,0.012602458707988262,0.23665086925029755,0.7217596769332886,1.8999117612838745,2.265812635421753,0.615289568901062
17,430,11150,5.526670455932617,9.999999999999964e-05,0.01143338717520237,0.23267610371112823,0.6198230981826782,1.875611662864685,2.2186367511749268,0.568489670753479
17,455,11175,5.559455871582031,9.999999999999964e-05,0.012881024740636349,0.24686159193515778,0.686833381652832,1.7227702140808105,2.2716870307922363,0.6184226870536804
17,480,11200,5.468545436859131,9.999999999999964e-05,0.009964986704289913,0.20659981667995453,0.6855762600898743,1.9294995069503784,2.0671708583831787,0.5697346329689026
17,505,11225,5.3272881507873535,9.999999999999964e-05,0.01532070804387331,0.22737114131450653,0.6390723586082458,1.7430930137634277,2.1260921955108643,0.5763387680053711
17,530,11250,5.44451904296875,9.999999999999964e-05,0.014501661993563175,0.26626524329185486,0.6810228228569031,1.8224496841430664,2.046190023422241,0.6140893697738647
17,555,11275,4.55900764465332,9.999999999999964e-05,0.007039820309728384,0.16381105780601501,0.6099740862846375,1.548670768737793,1.6640582084655762,0.5654535889625549
17,580,11300,5.139507293701172,9.999999999999964e-05,0.009473704732954502,0.20421798527240753,0.6055961847305298,1.734753966331482,2.0682992935180664,0.5171658396720886
17,605,11325,4.528810501098633,9.999999999999964e-05,0.012861166149377823,0.177168071269989,0.4380417466163635,1.607061505317688,1.7433873414993286,0.5502909421920776
17,630,11350,5.646400451660156,9.999999999999964e-05,0.01571333408355713,0.2675519585609436,0.7592397332191467,1.720643162727356,2.345155954360962,0.5380963087081909
17,655,11375,5.6499433517456055,9.999999999999964e-05,0.015255369246006012,0.21712814271450043,0.708063542842865,1.921867847442627,2.2549259662628174,0.5327028632164001
18,10,11400,6.302258491516113,9.999999999999964e-05,0.01277078315615654,0.2572924792766571,0.8725234270095825,2.0055253505706787,2.511392116546631,0.6427544355392456
18,35,11425,4.730154037475586,9.999999999999964e-05,0.009955055080354214,0.192738339304924,0.49756312370300293,1.809989094734192,1.704543948173523,0.5153642892837524
18,60,11450,4.8735127449035645,9.999999999999964e-05,0.010983754880726337,0.2260424643754959,0.5959910154342651,1.8195090293884277,1.7528965473175049,0.4680900573730469
18,85,11475,6.172103404998779,9.999999999999964e-05,0.01465135533362627,0.24378767609596252,0.7074182629585266,1.9185004234313965,2.668635845184326,0.6191094517707825
18,110,11500,5.3029632568359375,9.999999999999964e-05,0.01209302805364132,0.25728660821914673,0.6659103631973267,1.767364263534546,2.1052606105804443,0.49504849314689636
18,135,11525,6.050273895263672,9.999999999999964e-05,0.012656532227993011,0.2450612634420395,0.8467093706130981,2.1149635314941406,2.2644758224487305,0.5664075613021851
18,160,11550,6.096731185913086,9.999999999999964e-05,0.01268729753792286,0.2836425304412842,0.8547484278678894,2.0090935230255127,2.378512382507324,0.5580465197563171
18,185,11575,6.216772556304932,9.999999999999964e-05,0.011931149289011955,0.22412735223770142,0.8218096494674683,1.9639980792999268,2.6356005668640137,0.5593059659004211
18,210,11600,5.825279712677002,9.999999999999964e-05,0.0116810267791152,0.1905824840068817,0.7821746468544006,2.007915735244751,2.1995909214019775,0.6333345770835876
18,235,11625,4.770254611968994,9.999999999999964e-05,0.013495286926627159,0.23180432617664337,0.6102039813995361,1.664860725402832,1.816307544708252,0.43358251452445984
18,260,11650,4.5567803382873535,9.999999999999964e-05,0.011326809413731098,0.1915869563817978,0.5262702107429504,1.5476770401000977,1.7936331033706665,0.48628631234169006
18,285,11675,5.843736171722412,9.999999999999964e-05,0.013212225399911404,0.21642690896987915,0.7958600521087646,1.7999656200408936,2.362687587738037,0.6555835008621216
18,310,11700,5.654278755187988,9.999999999999964e-05,0.01168409176170826,0.1952073574066162,0.5458833575248718,1.9658926725387573,2.28427791595459,0.6513334512710571
18,335,11725,5.067309379577637,9.999999999999964e-05,0.012976741418242455,0.2536543905735016,0.5604886412620544,1.6975042819976807,2.003652811050415,0.5390326380729675
18,360,11750,4.724024295806885,9.999999999999964e-05,0.00793333537876606,0.1696479320526123,0.602135956287384,1.7062008380889893,1.7315040826797485,0.5066022276878357
18,385,11775,5.972874641418457,9.999999999999964e-05,0.014314306899905205,0.27722370624542236,0.7214474081993103,2.1210596561431885,2.3177032470703125,0.5211270451545715
18,410,11800,5.165169715881348,9.999999999999964e-05,0.008777577430009842,0.1613755226135254,0.5901787281036377,1.7021440267562866,2.080439567565918,0.6222540736198425
18,435,11825,5.664966106414795,9.999999999999964e-05,0.013713033869862556,0.26066020131111145,0.8187160491943359,1.9805551767349243,2.094179630279541,0.4971424639225006
18,460,11850,6.028169631958008,9.999999999999964e-05,0.01639583893120289,0.26881295442581177,0.8670009970664978,1.9919238090515137,2.2663064002990723,0.6177298426628113
18,485,11875,5.508209705352783,9.999999999999964e-05,0.011138806119561195,0.2107677310705185,0.771437406539917,1.8431438207626343,2.13317608833313,0.5385459065437317
18,510,11900,5.333028793334961,9.999999999999964e-05,0.01030151266604662,0.2055319994688034,0.5868440270423889,1.8437833786010742,2.04953932762146,0.637028694152832
18,535,11925,4.775759696960449,9.999999999999964e-05,0.010993788950145245,0.17311084270477295,0.6013680696487427,1.5776516199111938,1.9381694793701172,0.4744659662246704
18,560,11950,4.931138038635254,9.999999999999964e-05,0.007454753387719393,0.15598085522651672,0.576818585395813,1.7122440338134766,1.912233829498291,0.5664057731628418
18,585,11975,6.510213851928711,9.999999999999964e-05,0.017215048894286156,0.3190649449825287,0.9572120904922485,2.2489967346191406,2.356696367263794,0.6110284328460693
18,610,12000,5.454184532165527,9.999999999999964e-05,0.01082860492169857,0.21502576768398285,0.6698885560035706,1.861471176147461,2.105180025100708,0.5917904376983643
18,635,12025,5.188236713409424,9.999999999999964e-05,0.007780587766319513,0.1909835785627365,0.6833391189575195,1.7856287956237793,1.9722692966461182,0.5482354164123535
18,660,12050,6.075665473937988,9.999999999999964e-05,0.01075453869998455,0.23484356701374054,0.8785015344619751,2.0669257640838623,2.2268407344818115,0.6577989459037781
19,15,12075,6.087631702423096,9.999999999999964e-05,0.013266831636428833,0.2900479733943939,0.9751448631286621,1.8960760831832886,2.265777826309204,0.6473183035850525
19,40,12100,6.673177719116211,9.999999999999964e-05,0.015293100848793983,0.270702600479126,0.958017885684967,2.154794692993164,2.6045660972595215,0.6698033809661865
19,65,12125,6.2703399658203125,9.999999999999964e-05,0.0150758046656847,0.2700498402118683,0.6771279573440552,2.1499598026275635,2.526022434234619,0.6321045160293579
19,90,12150,4.8067827224731445,9.999999999999964e-05,0.009142725728452206,0.18528813123703003,0.6128110885620117,1.675493836402893,1.7786461114883423,0.5454009175300598
19,115,12175,4.856025218963623,9.999999999999964e-05,0.016332542523741722,0.23151399195194244,0.6416789889335632,1.658091425895691,1.7627781629562378,0.5456300973892212
19,140,12200,5.353392601013184,9.999999999999964e-05,0.008855658583343029,0.2259211391210556,0.5770829319953918,1.6415897607803345,2.2647666931152344,0.6351767182350159
19,165,12225,5.3550825119018555,9.999999999999964e-05,0.019487475976347923,0.24744808673858643,0.6195975542068481,1.6847858428955078,2.2943758964538574,0.4893881380558014
19,190,12250,5.5020599365234375,9.999999999999964e-05,0.008764758706092834,0.18056891858577728,0.650753915309906,1.8513418436050415,2.17093825340271,0.6396920680999756
19,215,12275,4.528972148895264,9.999999999999964e-05,0.013454998843371868,0.19114980101585388,0.6178032159805298,1.5600371360778809,1.728790521621704,0.41773614287376404
19,240,12300,5.558391571044922,9.999999999999964e-05,0.012103519402444363,0.24122780561447144,0.7033339738845825,1.794283390045166,2.2384755611419678,0.5689674615859985
19,265,12325,5.631150722503662,9.999999999999964e-05,0.009537330828607082,0.22128289937973022,0.6971602439880371,1.9164215326309204,2.195519208908081,0.5912296772003174
19,290,12350,5.621715068817139,9.999999999999964e-05,0.014427457936108112,0.2254948616027832,0.755913257598877,1.7761873006820679,2.2950665950775146,0.5546258687973022
19,315,12375,6.131455421447754,9.999999999999964e-05,0.014112097211182117,0.2621838450431824,0.8518283367156982,1.8194596767425537,2.5415477752685547,0.6423237919807434
19,340,12400,5.822048187255859,9.999999999999964e-05,0.01212479081004858,0.22636954486370087,0.8087252974510193,1.971333622932434,2.289289712905884,0.5142054557800293
19,365,12425,5.397624969482422,9.999999999999964e-05,0.008809251710772514,0.18555912375450134,0.6781260967254639,1.7424672842025757,2.2025511264801025,0.5801119208335876
19,390,12450,5.190831184387207,9.999999999999964e-05,0.010434295050799847,0.22476428747177124,0.6166560053825378,1.7129011154174805,2.0284430980682373,0.5976322889328003
19,415,12475,5.739860534667969,9.999999999999964e-05,0.011936708353459835,0.1879686862230301,0.6783257126808167,1.9392815828323364,2.3529717922210693,0.5693762898445129
19,440,12500,4.369903087615967,9.999999999999964e-05,0.00847090594470501,0.16776026785373688,0.5304292440414429,1.5978174209594727,1.684625267982483,0.3808002471923828
19,465,12525,6.164517879486084,9.999999999999964e-05,0.010707329958677292,0.2229779213666916,0.7190779447555542,1.914696455001831,2.5823588371276855,0.7146992087364197
19,490,12550,4.725990295410156,9.999999999999964e-05,0.011572401039302349,0.19914992153644562,0.6290167570114136,1.5571657419204712,1.8916525840759277,0.4374324679374695
19,515,12575,5.544326305389404,9.999999999999964e-05,0.013401595875620842,0.21768392622470856,0.7954630255699158,1.8201168775558472,2.1903934478759766,0.5072675943374634
19,540,12600,5.5263800621032715,9.999999999999964e-05,0.009453870356082916,0.1989307701587677,0.7662865519523621,2.091447591781616,1.9526480436325073,0.5076127648353577
19,565,12625,5.280361175537109,9.999999999999964e-05,0.0108552947640419,0.18305030465126038,0.5593224763870239,2.0510029792785645,1.9690831899642944,0.5070468187332153
19,590,12650,4.667612075805664,9.999999999999964e-05,0.011262418702244759,0.20124642550945282,0.6499674916267395,1.6644397974014282,1.6496392488479614,0.49105674028396606
19,615,12675,4.895029544830322,9.999999999999964e-05,0.01267658919095993,0.19188523292541504,0.4849444031715393,1.6667873859405518,2.015875816345215,0.5228602886199951
19,640,12700,5.622760772705078,9.999999999999964e-05,0.008966072462499142,0.21936790645122528,0.6496326923370361,1.814695119857788,2.3347532749176025,0.5953455567359924
19,665,12725,5.620328426361084,9.999999999999964e-05,0.016974277794361115,0.2771572768688202,0.7574617862701416,1.9135942459106445,2.1066575050354004,0.5484834313392639
20,20,12750,5.445063591003418,9.999999999999964e-05,0.012498266063630581,0.21882548928260803,0.7745732665061951,1.771655559539795,2.119565010070801,0.547946035861969
20,45,12775,6.162644863128662,9.999999999999964e-05,0.012460067868232727,0.24062684178352356,0.8198240995407104,1.9903032779693604,2.5421464443206787,0.5572842955589294
20,70,12800,6.45164680480957,9.999999999999964e-05,0.012606445699930191,0.24876539409160614,0.9324390888214111,2.1225528717041016,2.5344696044921875,0.6008137464523315
20,95,12825,5.221693515777588,9.999999999999964e-05,0.012787554413080215,0.1820327490568161,0.5961939096450806,1.7984870672225952,2.0140440464019775,0.6181484460830688
20,120,12850,6.45432186126709,9.999999999999964e-05,0.01079682819545269,0.21315212547779083,0.753158688545227,2.0751779079437256,2.5806832313537598,0.8213530778884888
20,145,12875,4.881866455078125,9.999999999999964e-05,0.009430242702364922,0.17774711549282074,0.6262187361717224,1.7116878032684326,1.854511022567749,0.5022714734077454
20,170,12900,5.316493988037109,9.999999999999964e-05,0.010455304756760597,0.18374374508857727,0.6048144102096558,1.7922022342681885,2.129488945007324,0.5957889556884766
20,195,12925,6.403653144836426,9.999999999999964e-05,0.012977279722690582,0.25449061393737793,0.686898946762085,2.053384780883789,2.6702730655670166,0.7256283760070801
20,220,12950,4.595093727111816,9.999999999999964e-05,0.00918291974812746,0.1817290037870407,0.5072692036628723,1.5569957494735718,1.7359249591827393,0.6039918065071106
20,245,12975,4.518547058105469,9.999999999999964e-05,0.012205678969621658,0.2015419900417328,0.5163209438323975,1.690274715423584,1.5427422523498535,0.5554618239402771
20,270,13000,6.022541522979736,9.999999999999964e-05,0.016184432432055473,0.27029576897621155,0.7035044431686401,1.8731056451797485,2.495248794555664,0.6642024517059326
20,295,13025,5.168849468231201,9.999999999999964e-05,0.007779355626553297,0.18055735528469086,0.5846662521362305,1.690243124961853,2.1419565677642822,0.5636473894119263
20,320,13050,6.03733491897583,9.999999999999964e-05,0.00960822869092226,0.24410530924797058,0.6489601135253906,2.046674966812134,2.429137945175171,0.6588485836982727
20,345,13075,5.039695739746094,9.999999999999964e-05,0.01295162457972765,0.19669321179389954,0.6891512870788574,1.619523525238037,2.0426154136657715,0.4787602722644806
20,370,13100,5.273158073425293,9.999999999999964e-05,0.011350952088832855,0.20371241867542267,0.6808249354362488,1.6835823059082031,2.1977720260620117,0.49591517448425293
20,395,13125,5.660495758056641,9.999999999999964e-05,0.010164719074964523,0.22980868816375732,0.7183858156204224,1.8567928075790405,2.2569496631622314,0.58839350938797
20,420,13150,5.478664875030518,9.999999999999964e-05,0.010229498147964478,0.21248506009578705,0.6563310027122498,1.7601478099822998,2.3303425312042236,0.5091289281845093
20,445,13175,5.096835613250732,9.999999999999964e-05,0.011307098902761936,0.21984420716762543,0.5371837019920349,1.6311239004135132,2.1947906017303467,0.5025863647460938
20,470,13200,4.357239246368408,9.999999999999964e-05,0.011567715555429459,0.15746387839317322,0.6020467281341553,1.4926587343215942,1.611467957496643,0.48203450441360474
20,495,13225,6.24449348449707,9.999999999999964e-05,0.013365163467824459,0.2322636842727661,0.6314375400543213,2.0076327323913574,2.726306438446045,0.6334879398345947
20,520,13250,5.822994709014893,9.999999999999964e-05,0.01018194854259491,0.2542921304702759,0.8349177241325378,1.9384325742721558,2.1972010135650635,0.5879695415496826
20,545,13275,5.615112781524658,9.999999999999964e-05,0.014229760505259037,0.1914687603712082,0.6456632018089294,1.8541499376296997,2.3495328426361084,0.5600677728652954
20,570,13300,6.121034145355225,9.999999999999964e-05,0.01337376981973648,0.24843566119670868,0.7942819595336914,1.9754854440689087,2.4482035636901855,0.6412538886070251
20,595,13325,5.064333438873291,9.999999999999964e-05,0.015371843241155148,0.22200477123260498,0.458692342042923,1.645334243774414,2.165381669998169,0.5575485229492188
20,620,13350,4.549160480499268,9.999999999999964e-05,0.006069443188607693,0.1659865379333496,0.5574081540107727,1.490004539489746,1.7992515563964844,0.5304399728775024
20,645,13375,5.282601833343506,9.999999999999964e-05,0.011680659838020802,0.19325366616249084,0.7902405858039856,1.7958035469055176,2.0786561965942383,0.41296684741973877
20,670,13400,5.469975471496582,9.999999999999964e-05,0.009297330863773823,0.18603470921516418,0.5925889015197754,1.8256300687789917,2.2793874740600586,0.5770372152328491
21,25,13425,5.444926738739014,9.999999999999964e-05,0.011905363760888577,0.20997671782970428,0.6777941584587097,1.917052984237671,2.104973077774048,0.5232239365577698
21,50,13450,5.1816301345825195,9.999999999999964e-05,0.011921118013560772,0.21003690361976624,0.5966148376464844,1.9033299684524536,1.8327794075012207,0.6269475817680359
21,75,13475,4.658502101898193,9.999999999999964e-05,0.00782631617039442,0.17551465332508087,0.5358983874320984,1.6321839094161987,1.793852686882019,0.5132266283035278
21,100,13500,5.799147129058838,9.999999999999964e-05,0.009009232744574547,0.19372864067554474,0.8147143721580505,1.7942776679992676,2.399212598800659,0.5882048010826111
21,125,13525,4.814932346343994,9.999999999999964e-05,0.008188556879758835,0.15608161687850952,0.6552486419677734,1.7243715524673462,1.7899532318115234,0.4810885787010193
21,150,13550,5.485203266143799,9.999999999999964e-05,0.012536393478512764,0.2009577453136444,0.5843673944473267,1.8560771942138672,2.363666296005249,0.4675980806350708
21,175,13575,5.0485453605651855,9.999999999999964e-05,0.0110519640147686,0.21622531116008759,0.6009374856948853,1.6621925830841064,2.0442357063293457,0.5139021277427673
21,200,13600,5.460955619812012,9.999999999999964e-05,0.012170886620879173,0.19048218429088593,0.7043429613113403,1.87521493434906,2.1854398250579834,0.49330490827560425
21,225,13625,5.51165246963501,9.999999999999964e-05,0.016085974872112274,0.22097671031951904,0.7546282410621643,1.9132596254348755,1.988486409187317,0.6182153820991516
21,250,13650,5.459423542022705,9.999999999999964e-05,0.014117937535047531,0.19646461308002472,0.6591348052024841,1.704327940940857,2.3087427616119385,0.5766354203224182
21,275,13675,5.462517738342285,9.999999999999964e-05,0.013281806372106075,0.2065722495317459,0.6704809665679932,1.8267602920532227,2.3179469108581543,0.42747578024864197
21,300,13700,5.515316009521484,9.999999999999964e-05,0.010896925814449787,0.19364365935325623,0.6028993725776672,1.814643144607544,2.3090503215789795,0.5841833353042603
21,325,13725,4.5197343826293945,9.999999999999964e-05,0.006065391935408115,0.1341763287782669,0.44991207122802734,1.566960096359253,1.8242673873901367,0.5383530259132385
21,350,13750,4.977771282196045,9.999999999999964e-05,0.00920626800507307,0.1843886375427246,0.7405003309249878,1.7147608995437622,1.8946198225021362,0.43429508805274963
21,375,13775,4.412219047546387,9.999999999999964e-05,0.007420455105602741,0.16561546921730042,0.4715088903903961,1.591551661491394,1.6738866567611694,0.5022355318069458
21,400,13800,4.488688945770264,9.999999999999964e-05,0.014330243691802025,0.19328191876411438,0.6329228281974792,1.5113056898117065,1.653987169265747,0.482861191034317
21,425,13825,4.835644245147705,9.999999999999964e-05,0.01612994819879532,0.21811024844646454,0.5362637639045715,1.7139341831207275,1.851915955543518,0.4992905259132385
21,450,13850,5.116775989532471,9.999999999999964e-05,0.012017781846225262,0.2150283008813858,0.5064193606376648,1.7571537494659424,2.024920701980591,0.60123610496521
21,475,13875,5.958294868469238,9.999999999999964e-05,0.016591060906648636,0.2555709183216095,0.8066138029098511,1.8740614652633667,2.3956055641174316,0.6098518967628479
21,500,13900,5.075155258178711,9.999999999999964e-05,0.00896693579852581,0.20153146982192993,0.6316448450088501,1.67789626121521,2.081315279006958,0.4738003611564636
21,525,13925,5.344864845275879,9.999999999999964e-05,0.01081703882664442,0.19232986867427826,0.597539484500885,1.8061797618865967,2.168837308883667,0.5691618323326111
21,550,13950,5.13137674331665,9.999999999999964e-05,0.016778701916337013,0.19971545040607452,0.6390054821968079,1.5944502353668213,2.1517269611358643,0.5296997427940369
21,575,13975,5.6488037109375,9.999999999999964e-05,0.012380068190395832,0.2618275582790375,0.6911820769309998,1.8868995904922485,2.226578950881958,0.56993567943573
21,600,14000,6.026961803436279,9.999999999999964e-05,0.010147148743271828,0.23233428597450256,0.8475128412246704,2.165733575820923,2.1918797492980957,0.5793537497520447
21,625,14025,5.624995708465576,9.999999999999964e-05,0.011140195652842522,0.22834822535514832,0.6913190484046936,2.0017781257629395,2.154266595840454,0.5381433963775635
21,650,14050,5.588940620422363,9.999999999999964e-05,0.010550067760050297,0.24650131165981293,0.7326837182044983,1.79165518283844,2.318735122680664,0.4888148903846741
22,5,14075,4.20383358001709,9.999999999999964e-05,0.009003421291708946,0.18524888157844543,0.5172800421714783,1.6199091672897339,1.4193623065948486,0.4530296325683594
22,30,14100,5.175495624542236,9.999999999999964e-05,0.012341061607003212,0.2361070215702057,0.6738753318786621,1.7165275812149048,2.008310317993164,0.5283344388008118
22,55,14125,6.171168804168701,9.999999999999964e-05,0.014942530542612076,0.22913335263729095,0.7512544989585876,1.9999144077301025,2.465843677520752,0.7100800275802612
22,80,14150,4.55881929397583,9.999999999999964e-05,0.008481859229505062,0.18384447693824768,0.5270756483078003,1.577211856842041,1.7578333616256714,0.5043723583221436
22,105,14175,6.405416011810303,9.999999999999964e-05,0.010554852895438671,0.2205493003129959,0.7611910700798035,2.0638415813446045,2.7002735137939453,0.649005651473999
22,130,14200,5.974457263946533,9.999999999999964e-05,0.011393889784812927,0.20130065083503723,0.8200981616973877,1.9567161798477173,2.4172842502593994,0.5676637291908264
22,155,14225,5.384174346923828,9.999999999999964e-05,0.019602099433541298,0.24467556178569794,0.6219327449798584,1.8028603792190552,2.1961920261383057,0.4989117980003357
22,180,14250,5.369749069213867,9.999999999999964e-05,0.008699512109160423,0.16955018043518066,0.6686351299285889,1.7377893924713135,2.255505084991455,0.5295696258544922
22,205,14275,4.887080669403076,9.999999999999964e-05,0.009671937674283981,0.18417730927467346,0.5439620614051819,1.6159214973449707,2.0491867065429688,0.4841611981391907
22,230,14300,6.756134986877441,9.999999999999964e-05,0.012281411327421665,0.2724478840827942,0.9717419743537903,2.1776387691497803,2.659670829772949,0.6623543500900269
22,255,14325,5.22750186920166,9.999999999999964e-05,0.009240381419658661,0.2077713906764984,0.6339495778083801,1.7931174039840698,2.054708480834961,0.528714656829834
22,280,14350,4.666627883911133,9.999999999999964e-05,0.010280648246407509,0.19401632249355316,0.5652962923049927,1.4962633848190308,1.8430861234664917,0.5576852560043335
22,305,14375,5.890278339385986,9.999999999999964e-05,0.010654867626726627,0.20808753371238708,0.6787745356559753,2.0197746753692627,2.3315000534057617,0.6414868831634521
22,330,14400,4.990942478179932,9.999999999999964e-05,0.00747542642056942,0.1705857217311859,0.5815072655677795,1.781200647354126,1.9732284545898438,0.4769452214241028
22,355,14425,4.921438694000244,9.999999999999964e-05,0.009036530740559101,0.18064717948436737,0.6994681358337402,1.7022597789764404,1.7990773916244507,0.5309498310089111
22,380,14450,5.24213981628418,9.999999999999964e-05,0.009961148723959923,0.20351167023181915,0.6386919021606445,1.7011247873306274,2.1813039779663086,0.5075463652610779
22,405,14475,4.786323547363281,9.999999999999964e-05,0.010476551949977875,0.16615860164165497,0.564302384853363,1.6900862455368042,1.861041784286499,0.49425795674324036
22,430,14500,6.105906963348389,9.999999999999964e-05,0.0136250676587224,0.21135032176971436,0.8470392227172852,2.042062997817993,2.420426607131958,0.5714031457901001
22,455,14525,5.778873920440674,9.999999999999964e-05,0.014577779918909073,0.2400331199169159,0.7996578216552734,1.951521635055542,2.229153633117676,0.5439298152923584
22,480,14550,4.839001178741455,9.999999999999964e-05,0.012461178936064243,0.22755023837089539,0.49878808856010437,1.6228641271591187,2.0409467220306396,0.4363906979560852
22,505,14575,4.373242378234863,9.999999999999964e-05,0.012113342061638832,0.15008197724819183,0.4630510210990906,1.518826961517334,1.7992764711380005,0.429892361164093
22,530,14600,5.6297831535339355,9.999999999999964e-05,0.01034680288285017,0.18927109241485596,0.6989277005195618,1.8338226079940796,2.3168082237243652,0.5806070566177368
22,555,14625,4.943301200866699,9.999999999999964e-05,0.007903636433184147,0.20627924799919128,0.6456218957901001,1.8807722330093384,1.7349456548690796,0.46777838468551636
22,580,14650,4.978285312652588,9.999999999999964e-05,0.012171406298875809,0.21766911447048187,0.5938916802406311,1.6963618993759155,1.9097204208374023,0.5484707355499268
22,605,14675,5.288639068603516,9.999999999999964e-05,0.010048102587461472,0.2088899165391922,0.5732072591781616,1.7278157472610474,2.2434680461883545,0.525209903717041
22,630,14700,5.006749629974365,9.999999999999964e-05,0.00931463297456503,0.17069625854492188,0.524922788143158,1.6814714670181274,2.048433780670166,0.5719109177589417
22,655,14725,4.999874591827393,9.999999999999964e-05,0.01209102664142847,0.17115607857704163,0.6044925451278687,1.6439855098724365,2.0426409244537354,0.5255082249641418
23,10,14750,6.096848011016846,9.999999999999964e-05,0.01164980884641409,0.24500039219856262,0.6827753782272339,1.9228544235229492,2.549328088760376,0.6852395534515381
23,35,14775,5.176326274871826,9.999999999999964e-05,0.010448971763253212,0.2043168991804123,0.5136367678642273,1.6978838443756104,2.20253324508667,0.5475068688392639
23,60,14800,4.80524206161499,9.999999999999964e-05,0.007987787947058678,0.17847415804862976,0.5425418615341187,1.7929892539978027,1.797586441040039,0.48566240072250366
23,85,14825,6.485821723937988,9.999999999999964e-05,0.018695658072829247,0.2907455265522003,1.0221790075302124,1.9954612255096436,2.661099672317505,0.4976409077644348
23,110,14850,4.349806785583496,9.999999999999964e-05,0.008346650749444962,0.18407322466373444,0.4308640956878662,1.4588842391967773,1.7853983640670776,0.48224037885665894
23,135,14875,4.778473854064941,9.999999999999964e-05,0.016992812976241112,0.26077911257743835,0.5940379500389099,1.7127792835235596,1.694455862045288,0.49942904710769653
23,160,14900,4.265700817108154,9.999999999999964e-05,0.01270933635532856,0.17587509751319885,0.5081766247749329,1.4361892938613892,1.7061989307403564,0.42655134201049805
23,185,14925,5.60426664352417,9.999999999999964e-05,0.009563373401761055,0.2313549667596817,0.682433009147644,1.715941071510315,2.406597375869751,0.5583770275115967
23,210,14950,5.041350841522217,9.999999999999964e-05,0.012540629133582115,0.21426647901535034,0.5810328125953674,1.6329798698425293,2.066657543182373,0.5338735580444336
23,235,14975,5.21337366104126,9.999999999999964e-05,0.013809130527079105,0.21820200979709625,0.6306978464126587,1.7077916860580444,2.0971004962921143,0.5457722544670105
23,260,15000,6.175768852233887,9.999999999999964e-05,0.012483923695981503,0.23097766935825348,0.9222903847694397,1.9267380237579346,2.510810136795044,0.5724688768386841
23,285,15025,5.063258171081543,9.999999999999964e-05,0.007040162105113268,0.15812312066555023,0.5836514830589294,1.6831495761871338,2.1508865356445312,0.48040732741355896
23,310,15050,4.330719947814941,9.999999999999964e-05,0.006685646716505289,0.15084734559059143,0.5239519476890564,1.6263186931610107,1.4781608581542969,0.5447554588317871
23,335,15075,4.621445655822754,9.999999999999964e-05,0.008357906714081764,0.14435747265815735,0.5276954174041748,1.4862843751907349,1.8994977474212646,0.555252194404602
23,360,15100,4.858872890472412,9.999999999999964e-05,0.010137517005205154,0.1885121613740921,0.5193523168563843,1.656153917312622,1.9552617073059082,0.5294550657272339
23,385,15125,5.889326095581055,9.999999999999964e-05,0.015032559633255005,0.23331914842128754,0.7836835980415344,1.9526245594024658,2.3248069286346436,0.5798593163490295
23,410,15150,5.607607841491699,9.999999999999964e-05,0.00923087541013956,0.2129063457250595,0.7464479207992554,2.004276752471924,2.0450713634490967,0.589674711227417
23,435,15175,4.615200519561768,9.999999999999964e-05,0.009159805253148079,0.18506000936031342,0.617952287197113,1.5394175052642822,1.855965256690979,0.4076455235481262
23,460,15200,4.958014488220215,9.999999999999964e-05,0.008449896238744259,0.18233782052993774,0.5735611319541931,1.6511995792388916,2.053757905960083,0.4887080490589142
23,485,15225,4.297647953033447,9.999999999999964e-05,0.01080392673611641,0.21056702733039856,0.5088380575180054,1.5200397968292236,1.5960994958877563,0.45129984617233276
23,510,15250,5.700550079345703,9.999999999999964e-05,0.01127978041768074,0.2156757414340973,0.6797584295272827,2.027073860168457,2.2405381202697754,0.5262244939804077
23,535,15275,5.8824968338012695,9.999999999999964e-05,0.009286892600357533,0.20557346940040588,0.7640295028686523,1.865432620048523,2.3749947547912598,0.6631799340248108
23,560,15300,4.6954779624938965,9.999999999999964e-05,0.008815995417535305,0.15529830753803253,0.5727043747901917,1.536020278930664,1.9714761972427368,0.45116257667541504
23,585,15325,4.635225296020508,9.999999999999964e-05,0.01029549166560173,0.17470937967300415,0.570745050907135,1.6362154483795166,1.7080153226852417,0.5352449417114258
23,610,15350,4.7759809494018555,9.999999999999964e-05,0.00872537400573492,0.16983605921268463,0.5136722922325134,1.6805247068405151,1.846691608428955,0.556530773639679
23,635,15375,4.714919090270996,9.999999999999964e-05,0.011858349665999413,0.18135182559490204,0.5736349821090698,1.656894564628601,1.8729345798492432,0.41824525594711304
23,660,15400,5.45700740814209,9.999999999999964e-05,0.014152531512081623,0.2604987323284149,0.7043762803077698,1.7803200483322144,2.1256070137023926,0.5720529556274414
24,15,15425,4.629837989807129,9.999999999999964e-05,0.011442667804658413,0.17816820740699768,0.5732504725456238,1.5083152055740356,1.8055768013000488,0.5530847907066345
24,40,15450,5.64080286026001,9.999999999999964e-05,0.012192911468446255,0.2045767605304718,0.653752326965332,1.7764699459075928,2.448805332183838,0.5450059175491333
24,65,15475,4.5882086753845215,9.999999999999964e-05,0.0107023436576128,0.1852375566959381,0.5783863067626953,1.6292122602462769,1.7179372310638428,0.46673285961151123
24,90,15500,5.484883785247803,9.999999999999964e-05,0.010171806439757347,0.20013871788978577,0.6805307269096375,1.8408353328704834,2.218979597091675,0.5342269539833069
24,115,15525,5.077906608581543,9.999999999999964e-05,0.011053360067307949,0.2604908347129822,0.584101140499115,1.6785110235214233,2.0114400386810303,0.5323097705841064
24,140,15550,4.73464298248291,9.999999999999964e-05,0.012895996682345867,0.26346802711486816,0.5526163578033447,1.672292709350586,1.8388001918792725,0.3945697546005249
24,165,15575,5.412132740020752,9.999999999999964e-05,0.010522648692131042,0.23143205046653748,0.6034770607948303,1.6938203573226929,2.2346630096435547,0.6382173895835876
24,190,15600,4.980949401855469,9.999999999999964e-05,0.010240425355732441,0.21021850407123566,0.6514769792556763,1.6937943696975708,1.981112003326416,0.4341072142124176
24,215,15625,6.023416996002197,9.999999999999964e-05,0.012828689999878407,0.2006874829530716,0.7848415970802307,2.0081088542938232,2.354839563369751,0.6621110439300537
24,240,15650,5.644843578338623,9.999999999999964e-05,0.011412812396883965,0.2168484628200531,0.7250040769577026,1.8850072622299194,2.169904947280884,0.6366664171218872
24,265,15675,5.439127445220947,9.999999999999964e-05,0.007457563653588295,0.19575664401054382,0.5742585062980652,1.832942247390747,2.246986150741577,0.5817264318466187
24,290,15700,4.581138610839844,9.999999999999964e-05,0.01234855130314827,0.1858392357826233,0.6321020126342773,1.609639286994934,1.736291766166687,0.4049176573753357
24,315,15725,4.92299747467041,9.999999999999964e-05,0.008693899028003216,0.1879606395959854,0.535717248916626,1.5678280591964722,2.0655641555786133,0.5572336316108704
24,340,15750,5.553317546844482,9.999999999999964e-05,0.011342734098434448,0.1690026968717575,0.6388354301452637,1.827427864074707,2.2774155139923096,0.62929368019104
24,365,15775,4.74889612197876,9.999999999999964e-05,0.009412318468093872,0.18975549936294556,0.5726439952850342,1.6040633916854858,1.9008677005767822,0.4721534848213196
24,390,15800,4.850804328918457,9.999999999999964e-05,0.010888883844017982,0.20165416598320007,0.8626969456672668,1.6827200651168823,1.7261501550674438,0.3666944205760956
24,415,15825,5.119036674499512,9.999999999999964e-05,0.008518463931977749,0.18583011627197266,0.6167318820953369,1.6292455196380615,2.260716438293457,0.41799435019493103
24,440,15850,6.251748561859131,9.999999999999964e-05,0.012963725253939629,0.25652700662612915,0.8096359372138977,2.0047519207000732,2.4224836826324463,0.7453863024711609
24,465,15875,5.455294609069824,9.999999999999964e-05,0.008494854904711246,0.19460156559944153,0.7833699584007263,1.7139822244644165,2.21416974067688,0.5406767725944519
24,490,15900,5.125804424285889,9.999999999999964e-05,0.010690433904528618,0.18385976552963257,0.6608014106750488,1.6679469347000122,2.086251735687256,0.5162539482116699
24,515,15925,5.4131693840026855,9.999999999999964e-05,0.00974833033978939,0.19430771470069885,0.6806902289390564,1.6666911840438843,2.220625638961792,0.6411059498786926
24,540,15950,4.447229385375977,9.999999999999964e-05,0.008044003508985043,0.17269988358020782,0.4684464633464813,1.466987133026123,1.9044413566589355,0.4266108572483063
24,565,15975,5.616716384887695,9.999999999999964e-05,0.010586471296846867,0.1783384382724762,0.7052882313728333,1.9221434593200684,2.146209716796875,0.654150128364563
24,590,16000,5.7520599365234375,9.999999999999964e-05,0.012082359753549099,0.23522579669952393,0.7178399562835693,1.9228062629699707,2.3413939476013184,0.5227116346359253
24,615,16025,5.957245826721191,9.999999999999964e-05,0.0120649179443717,0.19993223249912262,0.8107141852378845,2.073276996612549,2.3581228256225586,0.50313401222229
24,640,16050,4.009555816650391,9.999999999999964e-05,0.010146239772439003,0.17208804190158844,0.43244224786758423,1.4256399869918823,1.4791598320007324,0.49007925391197205
24,665,16075,4.738473892211914,9.999999999999964e-05,0.012866824865341187,0.17970873415470123,0.6230261325836182,1.560804009437561,1.9055492877960205,0.45651862025260925
25,20,16100,4.801408290863037,9.999999999999964e-05,0.011209236457943916,0.16968189179897308,0.5399690270423889,1.7378607988357544,1.881447434425354,0.4612402319908142
25,45,16125,4.8143310546875,9.999999999999964e-05,0.012828411534428596,0.170894056558609,0.680841326713562,1.6967428922653198,1.847944736480713,0.4050796627998352
25,70,16150,4.8174848556518555,9.999999999999964e-05,0.009776298888027668,0.18762776255607605,0.5813819766044617,1.5489561557769775,1.9809867143630981,0.5087558031082153
25,95,16175,5.434214115142822,9.999999999999964e-05,0.01208700705319643,0.23473697900772095,0.6933082342147827,1.6514256000518799,2.2941927909851074,0.5484635829925537
25,120,16200,4.964715480804443,9.999999999999964e-05,0.007025246974080801,0.1928340345621109,0.5694213509559631,1.8502171039581299,1.8547999858856201,0.4904176592826843
25,145,16225,5.357948303222656,9.999999999999964e-05,0.014776480384171009,0.2278258055448532,0.6999875903129578,1.7582004070281982,2.0436511039733887,0.6135066747665405
25,170,16250,4.5567779541015625,9.999999999999964e-05,0.012530727311968803,0.19773247838020325,0.48866006731987,1.5025849342346191,1.881194829940796,0.47407519817352295
25,195,16275,5.555120944976807,9.999999999999964e-05,0.00911162979900837,0.18917295336723328,0.796432375907898,1.891642451286316,2.147193193435669,0.5215679407119751
25,220,16300,5.539330005645752,9.999999999999964e-05,0.009715632535517216,0.21311528980731964,0.7129502296447754,1.7819167375564575,2.32816743850708,0.4934648275375366
25,245,16325,4.548851490020752,9.999999999999964e-05,0.010845735669136047,0.16230742633342743,0.5162968039512634,1.6138596534729004,1.834560751914978,0.410981148481369
25,270,16350,5.330764293670654,9.999999999999964e-05,0.016071053221821785,0.20304489135742188,0.7097913026809692,1.7775200605392456,2.0428473949432373,0.5814897418022156
25,295,16375,5.86983585357666,9.999999999999964e-05,0.008720170706510544,0.18637332320213318,0.7343654632568359,1.8598593473434448,2.5093581676483154,0.5711598992347717
25,320,16400,5.039264678955078,9.999999999999964e-05,0.006656838580965996,0.1695179045200348,0.5187951326370239,1.549236536026001,2.235398769378662,0.5596597194671631
25,345,16425,4.874332904815674,9.999999999999964e-05,0.00978112407028675,0.16980808973312378,0.6440413594245911,1.6517786979675293,1.8955546617507935,0.5033689141273499
25,370,16450,5.374680519104004,9.999999999999964e-05,0.016131723299622536,0.2635723650455475,0.754200279712677,1.7663003206253052,2.012148380279541,0.5623272061347961
25,395,16475,5.049235820770264,9.999999999999964e-05,0.011053573340177536,0.21891219913959503,0.6666678190231323,1.8248801231384277,1.86039137840271,0.4673304259777069
25,420,16500,4.727886199951172,9.999999999999964e-05,0.008032972924411297,0.16344581544399261,0.6072852611541748,1.6052742004394531,1.9132455587387085,0.43060219287872314
25,445,16525,4.354702949523926,9.999999999999964e-05,0.006737847812473774,0.13359640538692474,0.5262347459793091,1.4799466133117676,1.6952928304672241,0.5128945112228394
25,470,16550,5.406600475311279,9.999999999999964e-05,0.01020734291523695,0.2160363644361496,0.6848131418228149,1.788738489151001,2.1231374740600586,0.5836676359176636
25,495,16575,4.216668605804443,9.999999999999964e-05,0.011309994384646416,0.17080356180667877,0.38819244503974915,1.4091694355010986,1.7670702934265137,0.47012293338775635
25,520,16600,5.11009407043457,9.999999999999964e-05,0.00883745402097702,0.1984923779964447,0.6053101420402527,1.7323805093765259,2.062756061553955,0.5023173093795776
25,545,16625,4.663151741027832,9.999999999999964e-05,0.011781985871493816,0.1844097226858139,0.617483377456665,1.5151846408843994,1.8975310325622559,0.43676114082336426
25,570,16650,5.419678688049316,9.999999999999964e-05,0.008393269963562489,0.17559562623500824,0.6415690779685974,1.7354284524917603,2.322892189025879,0.5358001589775085
25,595,16675,5.044164180755615,9.999999999999964e-05,0.010297553613781929,0.21536614000797272,0.549070417881012,1.7410231828689575,2.046194553375244,0.4822123050689697
25,620,16700,5.492161750793457,9.999999999999964e-05,0.00922218058258295,0.16591505706310272,0.6716119647026062,1.7209086418151855,2.345653533935547,0.5788505673408508
25,645,16725,4.281763076782227,9.999999999999964e-05,0.007360253483057022,0.14067387580871582,0.4801815450191498,1.4106113910675049,1.760416865348816,0.4825195372104645
25,670,16750,5.347826957702637,9.999999999999964e-05,0.007553431671112776,0.2067297101020813,0.6276227235794067,1.733304500579834,2.2352709770202637,0.537345290184021
26,25,16775,4.794803619384766,9.999999999999964e-05,0.009862557053565979,0.14937101304531097,0.4150535762310028,1.5141065120697021,2.173450231552124,0.5329598784446716
26,50,16800,4.896336555480957,9.999999999999964e-05,0.008084836415946484,0.19226747751235962,0.5999277830123901,1.506250262260437,2.07296085357666,0.5168455243110657
26,75,16825,5.623260974884033,9.999999999999964e-05,0.009933076798915863,0.17773908376693726,0.7347590327262878,1.7799028158187866,2.2886698246002197,0.6322574615478516
26,100,16850,5.9851226806640625,9.999999999999964e-05,0.027975285425782204,0.3327198624610901,0.8042682409286499,1.7835218906402588,2.49356746673584,0.5430704355239868
26,125,16875,4.007852077484131,9.999999999999964e-05,0.009753108024597168,0.1680421233177185,0.42029422521591187,1.3929142951965332,1.5923619270324707,0.42448657751083374
26,150,16900,5.008860111236572,9.999999999999964e-05,0.010999945923686028,0.17279423773288727,0.58615642786026,1.6280450820922852,2.040532350540161,0.5703321695327759
26,175,16925,6.085847854614258,9.999999999999964e-05,0.010341201908886433,0.25799891352653503,0.8001430630683899,1.9793363809585571,2.4977869987487793,0.5402406454086304
26,200,16950,4.682236671447754,9.999999999999964e-05,0.009027227759361267,0.13281631469726562,0.6181058883666992,1.5980949401855469,1.84397292137146,0.4802194833755493
26,225,16975,4.552031993865967,9.999999999999964e-05,0.009670654311776161,0.1677655726671219,0.5528362989425659,1.4607481956481934,1.848301649093628,0.5127094388008118
26,250,17000,5.308287620544434,9.999999999999964e-05,0.01509777456521988,0.25515833497047424,0.5762616395950317,1.7126479148864746,2.214287757873535,0.5348339676856995
26,275,17025,4.7803778648376465,9.999999999999964e-05,0.018886055797338486,0.2529454529285431,0.4861465096473694,1.4973700046539307,2.0685231685638428,0.4565069079399109
26,300,17050,4.988054275512695,9.999999999999964e-05,0.00894373282790184,0.17065739631652832,0.5992670059204102,1.8308053016662598,1.8631128072738647,0.5152677893638611
26,325,17075,5.668498992919922,9.999999999999964e-05,0.008790136314928532,0.17354898154735565,0.5538690686225891,1.9719022512435913,2.356480836868286,0.6039076447486877
26,350,17100,5.864294052124023,9.999999999999964e-05,0.011059647426009178,0.23418645560741425,0.7357835173606873,1.951028823852539,2.3876101970672607,0.5446250438690186
26,375,17125,5.708643436431885,9.999999999999964e-05,0.01224286574870348,0.18970738351345062,0.786195695400238,1.8331677913665771,2.300647497177124,0.5866826176643372
26,400,17150,4.626499652862549,9.999999999999964e-05,0.00816497951745987,0.14651626348495483,0.5772305727005005,1.6571935415267944,1.7909637689590454,0.4464305341243744
26,425,17175,5.4312520027160645,9.999999999999964e-05,0.01723802648484707,0.27519291639328003,0.6797744035720825,1.7446717023849487,2.173656940460205,0.5407183170318604
26,450,17200,4.7833571434021,9.999999999999964e-05,0.007301554083824158,0.16265751421451569,0.5163099765777588,1.4740487337112427,2.1137266159057617,0.5093124508857727
26,475,17225,4.667391300201416,9.999999999999964e-05,0.007179419510066509,0.15331412851810455,0.5073429942131042,1.7497721910476685,1.6541523933410645,0.5956302881240845
26,500,17250,5.18965482711792,9.999999999999964e-05,0.012182584963738918,0.2017461508512497,0.6931986212730408,1.7312579154968262,2.157083034515381,0.39418622851371765
26,525,17275,5.3773956298828125,9.999999999999964e-05,0.011367591097950935,0.168549582362175,0.743855357170105,1.766878366470337,2.137911319732666,0.5488331913948059
26,550,17300,4.728640079498291,9.999999999999964e-05,0.006544414442032576,0.1777821183204651,0.5260519981384277,1.6688578128814697,1.819588303565979,0.529815137386322
26,575,17325,4.591768264770508,9.999999999999964e-05,0.007432840298861265,0.16208714246749878,0.59151291847229,1.4917443990707397,1.913623332977295,0.4253678023815155
26,600,17350,6.090167045593262,9.999999999999964e-05,0.011931263841688633,0.24849000573158264,0.8572547435760498,1.9639114141464233,2.3383798599243164,0.6701998114585876
26,625,17375,4.046966552734375,9.999999999999964e-05,0.009983711875975132,0.16727116703987122,0.37826284766197205,1.5028645992279053,1.4671334028244019,0.5214506387710571
26,650,17400,4.840587615966797,9.999999999999964e-05,0.010281440801918507,0.19705982506275177,0.6475247740745544,1.654008388519287,1.9038240909576416,0.4278891384601593
27,5,17425,5.577113628387451,9.999999999999964e-05,0.012344240210950375,0.22041429579257965,0.7200013399124146,1.6724952459335327,2.3850815296173096,0.5667772889137268
27,30,17450,5.475808143615723,9.999999999999964e-05,0.012946042232215405,0.2212272584438324,0.6940501928329468,1.7780177593231201,2.237267255783081,0.5322995781898499
27,55,17475,5.550833702087402,9.999999999999964e-05,0.01058060023933649,0.2107143998146057,0.5876961946487427,1.7724360227584839,2.414252758026123,0.555154025554657
27,80,17500,4.374734401702881,9.999999999999964e-05,0.01916683092713356,0.218160480260849,0.6050081849098206,1.3779346942901611,1.72603440284729,0.42842990159988403
27,105,17525,4.738007545471191,9.999999999999964e-05,0.01887200027704239,0.2037813365459442,0.6177659034729004,1.5228840112686157,1.9139670133590698,0.4607372581958771
27,130,17550,5.975953578948975,9.999999999999964e-05,0.012848804704844952,0.24641844630241394,0.7663652896881104,1.9523032903671265,2.387362480163574,0.6106546521186829
27,155,17575,5.410341262817383,9.999999999999964e-05,0.00973393116146326,0.21771149337291718,0.6895020604133606,1.7479041814804077,2.203939437866211,0.5415498614311218
27,180,17600,5.750526428222656,9.999999999999964e-05,0.012910781428217888,0.22789913415908813,0.800352156162262,2.0087664127349854,2.18389630317688,0.5167015790939331
27,205,17625,4.882359027862549,9.999999999999964e-05,0.010620567947626114,0.19347861409187317,0.5907657742500305,1.6184529066085815,1.9213067293167114,0.5477343797683716
27,230,17650,5.026289463043213,9.999999999999964e-05,0.008721504360437393,0.1623692661523819,0.5914345383644104,1.5606430768966675,2.079146146774292,0.6239749789237976
27,255,17675,5.092099189758301,9.999999999999964e-05,0.010515023954212666,0.19558891654014587,0.6739140152931213,1.6511226892471313,2.0332133769989014,0.5277451276779175
27,280,17700,5.04597282409668,9.999999999999964e-05,0.011145191267132759,0.19271820783615112,0.5447025299072266,1.6612287759780884,2.08952260017395,0.5466557145118713
27,305,17725,5.502644062042236,9.999999999999964e-05,0.010659832507371902,0.20358924567699432,0.6694546937942505,1.7226449251174927,2.3210384845733643,0.5752571821212769
27,330,17750,4.21073055267334,9.999999999999964e-05,0.009152061305940151,0.1773824691772461,0.4825917184352875,1.3943572044372559,1.7600963115692139,0.3871505856513977
27,355,17775,5.261402130126953,9.999999999999964e-05,0.01410372368991375,0.18656796216964722,0.6827760934829712,1.7478874921798706,2.1189353466033936,0.5111316442489624
27,380,17800,4.843210220336914,9.999999999999964e-05,0.008182884193956852,0.169612854719162,0.5347872972488403,1.6613335609436035,1.9569158554077148,0.5123780369758606
27,405,17825,4.765198707580566,9.999999999999964e-05,0.010373602621257305,0.1835506111383438,0.7006426453590393,1.7888339757919312,1.5792725086212158,0.5025249123573303
27,430,17850,4.500133037567139,9.999999999999964e-05,0.008512669242918491,0.16451771557331085,0.6794883608818054,1.593276023864746,1.569166660308838,0.48517197370529175
27,455,17875,4.52822208404541,9.999999999999964e-05,0.006394455675035715,0.15097051858901978,0.4807807505130768,1.5444090366363525,1.8544032573699951,0.4912642240524292
27,480,17900,4.76746129989624,9.999999999999964e-05,0.009386669844388962,0.205413356423378,0.6034846305847168,1.583756923675537,1.8827093839645386,0.4827107787132263
27,505,17925,4.266155242919922,9.999999999999964e-05,0.007997260428965092,0.1622411608695984,0.5149412155151367,1.485109567642212,1.7080432176589966,0.3878224194049835
27,530,17950,4.724658966064453,9.999999999999964e-05,0.012707567773759365,0.1967206597328186,0.5648037791252136,1.6232974529266357,1.845116376876831,0.4820133149623871
27,555,17975,5.00110387802124,9.999999999999964e-05,0.010117626748979092,0.17340032756328583,0.575684666633606,1.6090211868286133,2.1027700901031494,0.5301095247268677
27,580,18000,5.292431831359863,9.999999999999964e-05,0.00975273922085762,0.20264151692390442,0.7172818779945374,1.7372673749923706,2.05308198928833,0.5724062919616699
27,605,18025,4.914913654327393,9.999999999999964e-05,0.007371343672275543,0.2117607593536377,0.56073397397995,1.6909358501434326,1.9547762870788574,0.48933520913124084
27,630,18050,4.502293109893799,9.999999999999964e-05,0.007931215688586235,0.16164904832839966,0.6422470808029175,1.3850709199905396,1.8996167182922363,0.40577760338783264
27,655,18075,4.679502010345459,9.999999999999964e-05,0.01016220822930336,0.1501713991165161,0.5317635536193848,1.6755274534225464,1.7961794137954712,0.515698254108429
28,10,18100,4.636244297027588,9.999999999999964e-05,0.009910781867802143,0.1679632067680359,0.6076056957244873,1.524796962738037,1.8319252729415894,0.49404245615005493
28,35,18125,4.267903804779053,9.999999999999964e-05,0.006955431774258614,0.16446560621261597,0.5202402472496033,1.3335098028182983,1.7736774682998657,0.4690549075603485
28,60,18150,6.085626125335693,9.999999999999964e-05,0.0148218534886837,0.2440596967935562,0.722154438495636,1.7307552099227905,2.7327396869659424,0.6410953998565674
28,85,18175,4.777688980102539,9.999999999999964e-05,0.007861805148422718,0.22493237257003784,0.5825446248054504,1.4958373308181763,2.0106143951416016,0.4558980464935303
28,110,18200,5.210813045501709,9.999999999999964e-05,0.008758069947361946,0.21757230162620544,0.5618228316307068,1.6844854354858398,2.190244197845459,0.5479300022125244
28,135,18225,5.52452278137207,9.999999999999964e-05,0.011916776187717915,0.19918951392173767,0.5483719110488892,1.7179235219955444,2.566757917404175,0.48036327958106995
28,160,18250,5.739014625549316,9.999999999999964e-05,0.013547656126320362,0.1882251650094986,0.7118828296661377,1.902490258216858,2.266815423965454,0.6560532450675964
28,185,18275,4.543394565582275,9.999999999999964e-05,0.007577268406748772,0.1503761261701584,0.5106489658355713,1.5216517448425293,1.89005446434021,0.4630858898162842
28,210,18300,4.310961723327637,9.999999999999964e-05,0.006732136011123657,0.17056404054164886,0.5291943550109863,1.3505984544754028,1.8605448007583618,0.39332783222198486
28,235,18325,5.4532952308654785,9.999999999999964e-05,0.014193926006555557,0.22199417650699615,0.5873258113861084,1.6964786052703857,2.2837860584259033,0.6495168209075928
28,260,18350,5.021937370300293,9.999999999999964e-05,0.00852944515645504,0.16323979198932648,0.5884180665016174,1.8349361419677734,1.9366164207458496,0.4901975393295288
28,285,18375,4.985814094543457,9.999999999999964e-05,0.01347276195883751,0.19485849142074585,0.5780290365219116,1.6306222677230835,2.0589075088500977,0.5099239349365234
28,310,18400,3.9485397338867188,9.999999999999964e-05,0.009729319252073765,0.142875537276268,0.4987221658229828,1.5216784477233887,1.3923314809799194,0.3832027018070221
28,335,18425,4.901788711547852,9.999999999999964e-05,0.011183093301951885,0.21506856381893158,0.7438777089118958,1.5369608402252197,1.9517863988876343,0.44291219115257263
28,360,18450,5.550332069396973,9.999999999999964e-05,0.008657937869429588,0.2091558575630188,0.568329930305481,1.8820375204086304,2.248115062713623,0.6340356469154358
28,385,18475,5.061725616455078,9.999999999999964e-05,0.009956658817827702,0.19427967071533203,0.7154337763786316,1.8590412139892578,1.804287314414978,0.4787268340587616
28,410,18500,3.666111469268799,9.999999999999964e-05,0.012501951307058334,0.17871122062206268,0.3871780037879944,1.2218624353408813,1.5801746845245361,0.28568312525749207
28,435,18525,5.029951572418213,9.999999999999964e-05,0.010046579875051975,0.16131635010242462,0.7725867629051208,1.4937198162078857,2.0335748195648193,0.5587074756622314
28,460,18550,5.168659210205078,9.999999999999964e-05,0.013922251760959625,0.2086162269115448,0.7311710715293884,1.6761047840118408,1.9773883819580078,0.5614562630653381
28,485,18575,4.452075481414795,9.999999999999964e-05,0.007965399883687496,0.16523288190364838,0.46410703659057617,1.44047212600708,1.9010274410247803,0.47327086329460144
28,510,18600,4.988342761993408,9.999999999999964e-05,0.010502107441425323,0.1883888840675354,0.5348848104476929,1.6535060405731201,2.1032769680023193,0.4977840185165405
28,535,18625,4.334035396575928,9.999999999999964e-05,0.009302496910095215,0.15650522708892822,0.5281023979187012,1.5020551681518555,1.686869502067566,0.4512004554271698
28,560,18650,5.508685111999512,9.999999999999964e-05,0.010767280124127865,0.2242487072944641,0.660229504108429,1.7182642221450806,2.269286632537842,0.6258888244628906
28,585,18675,5.249839782714844,9.999999999999964e-05,0.010315457358956337,0.19394083321094513,0.6499488949775696,1.644160270690918,2.1439671516418457,0.6075072884559631
28,610,18700,5.630421161651611,9.999999999999964e-05,0.011060967110097408,0.1875947266817093,0.7040971517562866,1.7743465900421143,2.3476450443267822,0.6056766510009766
28,635,18725,5.619903564453125,9.999999999999964e-05,0.010817795991897583,0.19273369014263153,0.6791133880615234,1.840022087097168,2.331967830657959,0.5652491450309753
28,660,18750,4.527318000793457,9.999999999999964e-05,0.00953352265059948,0.15309587121009827,0.5503906011581421,1.496955156326294,1.8269014358520508,0.49044159054756165
29,15,18775,5.447550296783447,9.999999999999964e-05,0.010115672834217548,0.19069619476795197,0.6873109936714172,1.7410610914230347,2.3336234092712402,0.48474255204200745
29,40,18800,5.858052730560303,9.999999999999964e-05,0.016286347061395645,0.23874278366565704,0.7049422860145569,1.8452378511428833,2.6137747764587402,0.4390682280063629
29,65,18825,5.474826335906982,9.999999999999964e-05,0.014744367450475693,0.2138630896806717,0.6594825387001038,1.7226899862289429,2.3150196075439453,0.5490270853042603
29,90,18850,5.18939733505249,9.999999999999964e-05,0.010008136741816998,0.17343398928642273,0.6459563374519348,1.515840768814087,2.188520908355713,0.6556371450424194
29,115,18875,4.244617938995361,9.999999999999964e-05,0.010180438868701458,0.18419179320335388,0.5557693839073181,1.4449938535690308,1.6178799867630005,0.4316026270389557
29,140,18900,4.661571502685547,9.999999999999964e-05,0.010910004377365112,0.19794929027557373,0.6101038455963135,1.578095555305481,1.7634344100952148,0.5010782480239868
29,165,18925,4.005373477935791,9.999999999999964e-05,0.00730697438120842,0.13674144446849823,0.38095661997795105,1.3741577863693237,1.6531318426132202,0.4530787467956543
29,190,18950,5.254186153411865,9.999999999999964e-05,0.008314632810652256,0.19790209829807281,0.6440907716751099,1.7941983938217163,2.0681421756744385,0.5415382385253906
29,215,18975,3.9054641723632812,9.999999999999964e-05,0.009684710763394833,0.1620299071073532,0.49414247274398804,1.4181267023086548,1.4606168270111084,0.360863596200943
29,240,19000,5.330622673034668,9.999999999999964e-05,0.011127145029604435,0.1808633655309677,0.6321477890014648,1.6829925775527954,2.230616569519043,0.5928755402565002
29,265,19025,5.288765907287598,9.999999999999964e-05,0.00877272430807352,0.18759863078594208,0.7460076212882996,1.6661581993103027,2.0669355392456055,0.6132935285568237
29,290,19050,5.314008712768555,9.999999999999964e-05,0.01314268633723259,0.235924631357193,0.6811960339546204,1.7312593460083008,2.1860175132751465,0.4664687514305115
29,315,19075,4.497514724731445,9.999999999999964e-05,0.01200931891798973,0.14771953225135803,0.7220457792282104,1.3973301649093628,1.7558302879333496,0.4625799059867859
29,340,19100,4.485888481140137,9.999999999999964e-05,0.013375867158174515,0.2068241983652115,0.4905092120170593,1.572153925895691,1.7552309036254883,0.4477946162223816
29,365,19125,4.9917144775390625,9.999999999999964e-05,0.009264514781534672,0.18066975474357605,0.6586607694625854,1.6781439781188965,1.9718471765518188,0.4931285083293915
29,390,19150,5.899108409881592,9.999999999999964e-05,0.018174638971686363,0.22512423992156982,0.8296201229095459,1.9712117910385132,2.2383484840393066,0.6166290640830994
29,415,19175,5.349575519561768,9.999999999999964e-05,0.008715806528925896,0.1810082346200943,0.5909368395805359,1.7307748794555664,2.2817838191986084,0.5563560128211975
29,440,19200,5.432614326477051,9.999999999999964e-05,0.012603909708559513,0.25481027364730835,0.7407894134521484,1.6470928192138672,2.277172327041626,0.5001457333564758
29,465,19225,4.214313983917236,9.999999999999964e-05,0.012458035722374916,0.14741753041744232,0.473770409822464,1.4710866212844849,1.5989990234375,0.5105820894241333
29,490,19250,5.269610404968262,9.999999999999964e-05,0.00777173787355423,0.17517858743667603,0.6994789838790894,1.7290399074554443,2.133913993835449,0.5242273211479187
29,515,19275,5.705535411834717,9.999999999999964e-05,0.013526512309908867,0.25716498494148254,0.8589175343513489,1.821120262145996,2.324810266494751,0.4299958646297455
29,540,19300,4.792261123657227,9.999999999999964e-05,0.012728394009172916,0.20004834234714508,0.5385892987251282,1.5792062282562256,1.9528295993804932,0.5088592767715454
29,565,19325,4.789390563964844,9.999999999999964e-05,0.008988874033093452,0.15559501945972443,0.5942352414131165,1.440261960029602,2.0026872158050537,0.5876228213310242
29,590,19350,4.576979637145996,9.999999999999964e-05,0.012059279717504978,0.1895165592432022,0.5254618525505066,1.5919184684753418,1.7402340173721313,0.5177897214889526
29,615,19375,4.318742275238037,9.999999999999964e-05,0.007177792023867369,0.1928768754005432,0.5602207779884338,1.426919937133789,1.6762076616287231,0.45533910393714905
29,640,19400,5.510853290557861,9.999999999999964e-05,0.008638720028102398,0.18459448218345642,0.7387380599975586,1.6684300899505615,2.2673287391662598,0.64312344789505
29,665,19425,4.830399513244629,9.999999999999964e-05,0.009989747777581215,0.15954847633838654,0.5412255525588989,1.6509854793548584,1.951284646987915,0.5173658728599548
30,20,19450,5.259433746337891,9.999999999999964e-05,0.011874048039317131,0.199867844581604,0.7859082221984863,1.7313041687011719,2.0422940254211426,0.48818567395210266
30,45,19475,4.200847625732422,9.999999999999964e-05,0.009399269707500935,0.15085451304912567,0.4160771667957306,1.4665125608444214,1.6815489530563354,0.47645482420921326
30,70,19500,4.130093097686768,9.999999999999964e-05,0.008406204171478748,0.1546279639005661,0.4514283537864685,1.372213363647461,1.6164510250091553,0.5269662141799927
30,95,19525,4.422324180603027,9.999999999999964e-05,0.0097968690097332,0.14904555678367615,0.5118995904922485,1.4583145380020142,1.7881741523742676,0.5050937533378601
30,120,19550,4.724193096160889,9.999999999999964e-05,0.00792590994387865,0.21497535705566406,0.5521374940872192,1.5180630683898926,1.917815923690796,0.5132755637168884
30,145,19575,5.350472927093506,9.999999999999964e-05,0.0071051944978535175,0.17818646132946014,0.7125668525695801,1.679756760597229,2.185335397720337,0.5875222086906433
30,170,19600,5.065870761871338,9.999999999999964e-05,0.010784110054373741,0.1973169445991516,0.6107662320137024,1.509580135345459,2.1909799575805664,0.5464437007904053
30,195,19625,5.181821823120117,9.999999999999964e-05,0.009442212991416454,0.1643904447555542,0.7296639084815979,1.7447826862335205,2.009993314743042,0.5235499739646912
30,220,19650,4.199245452880859,9.999999999999964e-05,0.010198106057941914,0.176742821931839,0.5542117953300476,1.4083300828933716,1.667211890220642,0.38255080580711365
30,245,19675,5.110558986663818,9.999999999999964e-05,0.010117259807884693,0.2199241667985916,0.6834300756454468,1.665642261505127,2.0184905529022217,0.5129543542861938
30,270,19700,3.866787910461426,9.999999999999964e-05,0.012014435604214668,0.13702458143234253,0.3893219232559204,1.363659381866455,1.5260437726974487,0.43872371315956116
30,295,19725,4.1256208419799805,9.999999999999964e-05,0.005890326574444771,0.13238930702209473,0.5523161292076111,1.5271013975143433,1.5104948282241821,0.39742907881736755
30,320,19750,5.444977283477783,9.999999999999964e-05,0.009457130916416645,0.1706569939851761,0.6964910626411438,1.8832542896270752,2.1574010848999023,0.5277166962623596
30,345,19775,4.355956077575684,9.999999999999964e-05,0.009858404286205769,0.1739998459815979,0.4830678403377533,1.459539771080017,1.7406669855117798,0.48882317543029785
30,370,19800,4.865461349487305,9.999999999999964e-05,0.008043519221246243,0.1618962287902832,0.6314956545829773,1.5000019073486328,2.0618369579315186,0.5021869540214539
30,395,19825,4.591033935546875,9.999999999999964e-05,0.009899888187646866,0.17388105392456055,0.5040267705917358,1.5650216341018677,1.8564236164093018,0.4817807972431183
30,420,19850,5.676792621612549,9.999999999999964e-05,0.019326796755194664,0.24976781010627747,0.581767737865448,1.795772910118103,2.386413812637329,0.6437436938285828
30,445,19875,5.852746486663818,9.999999999999964e-05,0.012475804425776005,0.19892607629299164,0.7284584045410156,1.9624663591384888,2.326082468032837,0.6243371367454529
30,470,19900,5.343495845794678,9.999999999999964e-05,0.01213121972978115,0.2647848427295685,0.8794975876808167,1.5963029861450195,2.096184730529785,0.4945945739746094
30,495,19925,4.598476886749268,9.999999999999964e-05,0.008533424697816372,0.15462563931941986,0.573822557926178,1.4626739025115967,1.9250508546829224,0.4737706184387207
30,520,19950,5.045259475708008,9.999999999999964e-05,0.009501991793513298,0.17722252011299133,0.7247336506843567,1.7065542936325073,1.9344104528427124,0.4928363859653473
30,545,19975,5.816488265991211,9.999999999999964e-05,0.013792172074317932,0.22084884345531464,0.8043600916862488,1.8446768522262573,2.4586453437805176,0.4741646349430084
30,570,20000,5.1561102867126465,9.999999999999964e-05,0.01154314260929823,0.20469707250595093,0.6151803731918335,1.6089948415756226,2.2312467098236084,0.484448105096817
30,595,20025,5.0670552253723145,9.999999999999964e-05,0.007829655893146992,0.16928282380104065,0.6425982713699341,1.675376534461975,2.0456016063690186,0.526366114616394
30,620,20050,5.083653926849365,9.999999999999964e-05,0.008975621312856674,0.1956152617931366,0.7293751239776611,1.6089882850646973,2.01120662689209,0.5294932126998901
30,645,20075,5.437768459320068,9.999999999999964e-05,0.0077761085703969,0.16607610881328583,0.7034754753112793,1.843178391456604,2.1308562755584717,0.586405873298645
30,670,20100,4.196805477142334,9.999999999999964e-05,0.007103280164301395,0.12865383923053741,0.5209460854530334,1.410861611366272,1.701874852180481,0.4273660480976105
31,25,20125,5.081744194030762,9.999999999999964e-05,0.010665585286915302,0.23074506223201752,0.6590521931648254,1.7510954141616821,1.8957033157348633,0.5344825387001038
31,50,20150,4.058779716491699,9.999999999999964e-05,0.008683058433234692,0.14923962950706482,0.5038076043128967,1.3796420097351074,1.6430275440216064,0.3743799924850464
31,75,20175,5.749545574188232,9.999999999999964e-05,0.011876643635332584,0.21530157327651978,0.8274899125099182,1.7318358421325684,2.378779411315918,0.5842623114585876
31,100,20200,4.806015491485596,9.999999999999964e-05,0.007199798710644245,0.12088597565889359,0.5136332511901855,1.6512233018875122,2.066272497177124,0.44680097699165344
31,125,20225,5.564171314239502,9.999999999999964e-05,0.016796912997961044,0.29211607575416565,0.8641758561134338,1.7429760694503784,2.119741678237915,0.5283647775650024
31,150,20250,5.588917255401611,9.999999999999964e-05,0.00807519257068634,0.1966572254896164,0.6625257730484009,1.8347423076629639,2.280061960220337,0.6068547368049622
31,175,20275,4.963550567626953,9.999999999999964e-05,0.00814755167812109,0.17956805229187012,0.5147109031677246,1.6461002826690674,2.062577486038208,0.5524466037750244
31,200,20300,5.000596046447754,9.999999999999964e-05,0.008984849788248539,0.21068577468395233,0.5459535121917725,1.559609293937683,2.1667754650115967,0.5085871815681458
31,225,20325,5.76812744140625,9.999999999999964e-05,0.010698641650378704,0.19339528679847717,0.8387106657028198,1.7380059957504272,2.4300217628479004,0.5572950839996338
31,250,20350,5.104719161987305,9.999999999999964e-05,0.007810581009835005,0.15317942202091217,0.604951798915863,1.6093500852584839,2.195009708404541,0.5344173312187195
31,275,20375,4.426614761352539,9.999999999999964e-05,0.014166068285703659,0.2006833702325821,0.568429172039032,1.4391330480575562,1.7083966732025146,0.49580660462379456
31,300,20400,4.331725597381592,9.999999999999964e-05,0.00796717032790184,0.14503099024295807,0.39627042412757874,1.4440155029296875,1.8631060123443604,0.47533515095710754
31,325,20425,4.889837741851807,9.999999999999964e-05,0.01153639703989029,0.20976178348064423,0.7353019118309021,1.4988785982131958,1.958117127418518,0.476241797208786
31,350,20450,5.372038841247559,9.999999999999964e-05,0.008308105170726776,0.2133665680885315,0.6998785138130188,1.6741987466812134,2.233292818069458,0.5429938435554504
31,375,20475,4.264882564544678,9.999999999999964e-05,0.008159329183399677,0.1543622463941574,0.49565061926841736,1.4708243608474731,1.6907790899276733,0.44510728120803833
31,400,20500,4.817319869995117,9.999999999999964e-05,0.009137794375419617,0.17777597904205322,0.6336223483085632,1.623733401298523,1.9755268096923828,0.3975234627723694
31,425,20525,4.409735679626465,9.999999999999964e-05,0.007268818560987711,0.14754167199134827,0.490176260471344,1.5797631740570068,1.7559622526168823,0.42902329564094543
31,450,20550,5.0332722663879395,9.999999999999964e-05,0.010003798641264439,0.21616597473621368,0.6184220314025879,1.7801153659820557,1.8712844848632812,0.5372806787490845
31,475,20575,4.6928558349609375,9.999999999999964e-05,0.010525225661695004,0.22353407740592957,0.5320219397544861,1.6105502843856812,1.8313236236572266,0.48490071296691895
31,500,20600,5.105149745941162,9.999999999999964e-05,0.010588315315544605,0.16143763065338135,0.5405949950218201,1.6133973598480225,2.1659183502197266,0.6132135987281799
31,525,20625,5.82829475402832,9.999999999999964e-05,0.013777841813862324,0.28070223331451416,0.8564244508743286,1.9346216917037964,2.2023637294769287,0.5404047966003418
31,550,20650,5.657418727874756,9.999999999999964e-05,0.01054937019944191,0.20002488791942596,0.6985902786254883,1.8570371866226196,2.310241937637329,0.5809752941131592
31,575,20675,4.341836929321289,9.999999999999964e-05,0.007134465500712395,0.1611754447221756,0.5309951901435852,1.4317660331726074,1.7211761474609375,0.48958978056907654
31,600,20700,4.728253364562988,9.999999999999964e-05,0.005851774476468563,0.17575958371162415,0.4928142726421356,1.518581509590149,2.0936872959136963,0.441558837890625
31,625,20725,5.964866638183594,9.999999999999964e-05,0.010144852101802826,0.21445702016353607,0.7142735123634338,1.8847131729125977,2.537356376647949,0.6039214730262756
31,650,20750,5.188077449798584,9.999999999999964e-05,0.011569220572710037,0.22632203996181488,0.7375559210777283,1.7214239835739136,1.9232559204101562,0.5679500699043274
32,5,20775,5.55839729309082,9.999999999999964e-05,0.011355365626513958,0.22666524350643158,0.8150503039360046,1.6924139261245728,2.226520538330078,0.5863915681838989
32,30,20800,4.267613410949707,9.999999999999964e-05,0.008158932439982891,0.15606148540973663,0.5420507192611694,1.4748244285583496,1.653560996055603,0.4329569339752197
32,55,20825,4.885288715362549,9.999999999999964e-05,0.010848991572856903,0.18971480429172516,0.5950645804405212,1.6344820261001587,1.9733123779296875,0.4818655550479889
32,80,20850,3.6127126216888428,9.999999999999964e-05,0.006783293094485998,0.1439746618270874,0.4127349257469177,1.2989259958267212,1.3389297723770142,0.41136372089385986
32,105,20875,4.57073450088501,9.999999999999964e-05,0.00745986495167017,0.14517822861671448,0.4780014157295227,1.434163212776184,2.028595209121704,0.4773368835449219
32,130,20900,5.144598960876465,9.999999999999964e-05,0.008747009560465813,0.17298167943954468,0.601456880569458,1.606743335723877,2.163949489593506,0.590720534324646
32,155,20925,4.2371649742126465,9.999999999999964e-05,0.009787587448954582,0.18651136755943298,0.45465540885925293,1.329706072807312,1.8762186765670776,0.38028615713119507
32,180,20950,5.468665599822998,9.999999999999964e-05,0.012824260629713535,0.19555304944515228,0.5581896901130676,1.7906396389007568,2.285480260848999,0.6259784698486328
32,205,20975,4.729340553283691,9.999999999999964e-05,0.008658944629132748,0.20530039072036743,0.6391905546188354,1.512781023979187,1.9140254259109497,0.4493844509124756
32,230,21000,5.085039138793945,9.999999999999964e-05,0.009402777999639511,0.19970878958702087,0.6201439499855042,1.6383708715438843,2.1667656898498535,0.45064711570739746
32,255,21025,4.066710472106934,9.999999999999964e-05,0.01353418454527855,0.17370431125164032,0.4996647238731384,1.3903793096542358,1.4940260648727417,0.495402067899704
32,280,21050,4.4991044998168945,9.999999999999964e-05,0.00924153346568346,0.15702593326568604,0.5885909795761108,1.4620428085327148,1.7686597108840942,0.5135435461997986
32,305,21075,4.949122428894043,9.999999999999964e-05,0.008587666787207127,0.1566840559244156,0.5320141911506653,1.576080083847046,2.2098262310028076,0.4659300446510315
32,330,21100,4.744875907897949,9.999999999999964e-05,0.014456783421337605,0.21592462062835693,0.5482317805290222,1.5348491668701172,1.9932717084884644,0.4381418824195862
32,355,21125,4.722616672515869,9.999999999999964e-05,0.008343841880559921,0.1571209877729416,0.5635057091712952,1.543174147605896,2.028648853302002,0.42182329297065735
32,380,21150,4.879597187042236,9.999999999999964e-05,0.008633357472717762,0.19552917778491974,0.6137198209762573,1.4419620037078857,2.004300832748413,0.6154521107673645
32,405,21175,5.091753959655762,9.999999999999964e-05,0.011799140833318233,0.18640032410621643,0.5952728986740112,1.5493050813674927,2.253740072250366,0.4952363073825836
32,430,21200,5.408189296722412,9.999999999999964e-05,0.010447364300489426,0.21929262578487396,0.7680834531784058,1.674828290939331,2.254915952682495,0.48062145709991455
32,455,21225,4.6519927978515625,9.999999999999964e-05,0.009943006560206413,0.19190780818462372,0.4964796304702759,1.5132783651351929,1.920060396194458,0.5203234553337097
32,480,21250,4.038863658905029,9.999999999999964e-05,0.0068165031261742115,0.15949156880378723,0.5288726091384888,1.4205293655395508,1.5305002927780151,0.3926536738872528
32,505,21275,5.672409534454346,9.999999999999964e-05,0.01659792847931385,0.2283942550420761,0.6235382556915283,1.7709656953811646,2.3927130699157715,0.6402003169059753
32,530,21300,4.567719459533691,9.999999999999964e-05,0.009134448133409023,0.20179122686386108,0.45968887209892273,1.5700154304504395,1.9008599519729614,0.4262292683124542
32,555,21325,4.456624984741211,9.999999999999964e-05,0.007439516484737396,0.17624478042125702,0.48327910900115967,1.551361083984375,1.7615501880645752,0.4767501652240753
32,580,21350,4.218769073486328,9.999999999999964e-05,0.007985413074493408,0.1547488421201706,0.49751418828964233,1.420348882675171,1.5730476379394531,0.5651241540908813
32,605,21375,4.66287899017334,9.999999999999964e-05,0.012844601646065712,0.18263569474220276,0.5941756367683411,1.623443603515625,1.8040860891342163,0.4456931948661804
32,630,21400,5.168615818023682,9.999999999999964e-05,0.0068930708803236485,0.16493220627307892,0.6178171038627625,1.6123155355453491,2.2594687938690186,0.5071886777877808
32,655,21425,5.006134986877441,9.999999999999964e-05,0.01675398088991642,0.2372216135263443,0.5907677412033081,1.6513513326644897,2.0649938583374023,0.4450462758541107
33,10,21450,5.277503967285156,9.999999999999964e-05,0.010838634334504604,0.1863880604505539,0.5935582518577576,1.7310259342193604,2.1924314498901367,0.5632615685462952
33,35,21475,4.4683146476745605,9.999999999999964e-05,0.010394093580543995,0.17276689410209656,0.4735187590122223,1.4989542961120605,1.7696292400360107,0.5430513024330139
33,60,21500,5.334516525268555,9.999999999999964e-05,0.00796684343367815,0.17123176157474518,0.6516945958137512,1.6991157531738281,2.2718262672424316,0.5326811671257019
33,85,21525,4.797140598297119,9.999999999999964e-05,0.006715056486427784,0.1728624850511551,0.4912017583847046,1.54539954662323,2.1305689811706543,0.4503926932811737
33,110,21550,4.903415203094482,9.999999999999964e-05,0.008524630218744278,0.17236831784248352,0.5615973472595215,1.5557516813278198,2.0798912048339844,0.5252816677093506
33,135,21575,5.028587341308594,9.999999999999964e-05,0.011729249730706215,0.20464521646499634,0.6320868134498596,1.7355124950408936,1.9613240957260132,0.4832894802093506
33,160,21600,4.694206237792969,9.999999999999964e-05,0.009209857322275639,0.194475919008255,0.5641745924949646,1.4412301778793335,1.9674277305603027,0.5176882743835449
33,185,21625,4.328292369842529,9.999999999999964e-05,0.0075078909285366535,0.1560707986354828,0.43953678011894226,1.4803428649902344,1.808508276939392,0.4363255202770233
33,210,21650,4.958621501922607,9.999999999999964e-05,0.01328330859541893,0.24588091671466827,0.48691368103027344,1.5586183071136475,2.1436192989349365,0.5103063583374023
33,235,21675,5.489253044128418,9.999999999999964e-05,0.013708746060729027,0.1938653588294983,0.7479628920555115,1.763047218322754,2.3303909301757812,0.44027769565582275
33,260,21700,5.570332050323486,9.999999999999964e-05,0.011768120341002941,0.21935245394706726,0.6471920609474182,1.7298427820205688,2.2941038608551025,0.6680728793144226
33,285,21725,4.591358661651611,9.999999999999964e-05,0.013054308481514454,0.17038488388061523,0.5726750493049622,1.4834924936294556,1.8962903022766113,0.45546162128448486
33,310,21750,5.284952640533447,9.999999999999964e-05,0.012947993353009224,0.18860283493995667,0.7599702477455139,1.8459829092025757,1.966307282447815,0.5111410617828369
33,335,21775,4.058566093444824,9.999999999999964e-05,0.011326261796057224,0.16006867587566376,0.3947495222091675,1.3861057758331299,1.681275725364685,0.42503979802131653
33,360,21800,4.093477249145508,9.999999999999964e-05,0.012291807681322098,0.17292362451553345,0.4390659034252167,1.3104740381240845,1.7152843475341797,0.4434373676776886
33,385,21825,5.160787582397461,9.999999999999964e-05,0.009382777847349644,0.22576463222503662,0.7625789046287537,1.6924811601638794,1.9087353944778442,0.5618446469306946
33,410,21850,5.462449073791504,9.999999999999964e-05,0.010126633569598198,0.21359844505786896,0.7122038006782532,1.8408184051513672,2.106825113296509,0.5788767337799072
33,435,21875,5.133718013763428,9.999999999999964e-05,0.014006341807544231,0.18766024708747864,0.6605201363563538,1.7678000926971436,2.0190277099609375,0.48470309376716614
33,460,21900,4.463281631469727,9.999999999999964e-05,0.009301479905843735,0.12214415520429611,0.5729629397392273,1.552154541015625,1.6924734115600586,0.5142455101013184
33,485,21925,5.095265865325928,9.999999999999964e-05,0.013207172974944115,0.17775939404964447,0.49000364542007446,1.569766640663147,2.2436141967773438,0.600914478302002
33,510,21950,5.762922286987305,9.999999999999964e-05,0.010103357955813408,0.19874167442321777,0.7106713056564331,1.7458897829055786,2.458312511444092,0.6392030715942383
33,535,21975,4.554037570953369,9.999999999999964e-05,0.006196360569447279,0.17652574181556702,0.5490350723266602,1.5786919593811035,1.7221142053604126,0.5214744210243225
33,560,22000,4.921395778656006,9.999999999999964e-05,0.014602944254875183,0.21076497435569763,0.5922822952270508,1.7719066143035889,1.8785148859024048,0.45332401990890503
33,585,22025,5.132774353027344,9.999999999999964e-05,0.012202891521155834,0.18178638815879822,0.6613224744796753,1.662723422050476,2.1216177940368652,0.4931217133998871
33,610,22050,5.130953311920166,9.999999999999964e-05,0.01214991882443428,0.20511247217655182,0.5275126695632935,1.7164788246154785,2.14666748046875,0.5230323672294617
33,635,22075,4.130813121795654,9.999999999999964e-05,0.009707613848149776,0.1391531527042389,0.45917177200317383,1.3167592287063599,1.7636985778808594,0.44232243299484253
33,660,22100,4.6521830558776855,9.999999999999964e-05,0.010797395370900631,0.19413259625434875,0.5143299698829651,1.605774164199829,1.808233618736267,0.5189151167869568
34,15,22125,4.2853217124938965,9.999999999999964e-05,0.009051186963915825,0.1748412698507309,0.5505713224411011,1.3890955448150635,1.7569844722747803,0.4047783613204956
34,40,22150,5.763970375061035,9.999999999999964e-05,0.014151912182569504,0.2535753548145294,0.6686421632766724,1.890019178390503,2.3603317737579346,0.5772499442100525
34,65,22175,5.661282062530518,9.999999999999964e-05,0.013991118408739567,0.2136705368757248,0.685391366481781,1.802318811416626,2.311267375946045,0.6346430778503418
34,90,22200,5.531548500061035,9.999999999999964e-05,0.010885339230298996,0.23444004356861115,0.7398734092712402,1.7934277057647705,2.1779520511627197,0.5749697089195251
34,115,22225,5.59075927734375,9.999999999999964e-05,0.010571621358394623,0.21192505955696106,0.6409416198730469,1.7450155019760132,2.3425793647766113,0.6397256255149841
34,140,22250,4.576759338378906,9.999999999999964e-05,0.010120202787220478,0.16860724985599518,0.5629051327705383,1.5383992195129395,1.7537107467651367,0.5430169105529785
34,165,22275,4.0541887283325195,9.999999999999964e-05,0.007612464018166065,0.18486866354942322,0.4591120183467865,1.443160891532898,1.574608564376831,0.38482654094696045
34,190,22300,4.988521099090576,9.999999999999964e-05,0.00811916496604681,0.17709223926067352,0.6044638156890869,1.5977418422698975,2.1064305305480957,0.49467360973358154
34,215,22325,4.868735313415527,9.999999999999964e-05,0.010067753493785858,0.17988958954811096,0.5154886841773987,1.5830012559890747,2.1196630001068115,0.46062523126602173
34,240,22350,5.475975513458252,9.999999999999964e-05,0.010921811684966087,0.17267604172229767,0.7911199331283569,1.6858456134796143,2.219428539276123,0.5959836840629578
34,265,22375,4.59897518157959,9.999999999999964e-05,0.010120424441993237,0.15849217772483826,0.5232646465301514,1.461631417274475,1.9512948989868164,0.4941713809967041
34,290,22400,5.25927209854126,9.999999999999964e-05,0.010937090963125229,0.22875210642814636,0.6373900175094604,1.7666751146316528,2.0927727222442627,0.52274489402771
34,315,22425,4.241482257843018,9.999999999999964e-05,0.01226771529763937,0.15336941182613373,0.43783774971961975,1.4439650774002075,1.7599107027053833,0.43413180112838745
34,340,22450,5.848865032196045,9.999999999999964e-05,0.010552427731454372,0.17787370085716248,0.7220039367675781,1.7905536890029907,2.4555132389068604,0.6923683881759644
34,365,22475,5.425445079803467,9.999999999999964e-05,0.00956286396831274,0.1836089789867401,0.5494489073753357,1.74406898021698,2.4019734859466553,0.5367816090583801
34,390,22500,5.884128093719482,9.999999999999964e-05,0.00928296148777008,0.18273448944091797,0.8169570565223694,1.7929657697677612,2.4472827911376953,0.6349053382873535
34,415,22525,5.423458576202393,9.999999999999964e-05,0.013232588768005371,0.2518535554409027,0.6626328825950623,1.78291654586792,2.196117639541626,0.516705334186554
34,440,22550,5.4885993003845215,9.999999999999964e-05,0.010812436230480671,0.2348940372467041,0.8151921033859253,1.6632715463638306,2.2211129665374756,0.5433163642883301
34,465,22575,4.71196985244751,9.999999999999964e-05,0.009888255968689919,0.15870435535907745,0.4682394862174988,1.6306575536727905,1.9177935123443604,0.5266866087913513
34,490,22600,5.00955057144165,9.999999999999964e-05,0.010604336857795715,0.19447298347949982,0.5166374444961548,1.575616717338562,2.1364827156066895,0.5757367610931396
34,515,22625,5.705658435821533,9.999999999999964e-05,0.01321590505540371,0.22973908483982086,0.630082368850708,1.9143339395523071,2.210844039916992,0.7074428796768188
34,540,22650,3.941596508026123,9.999999999999964e-05,0.009290240705013275,0.1511680781841278,0.43477872014045715,1.2441020011901855,1.6701668500900269,0.4320904612541199
34,565,22675,4.565920352935791,9.999999999999964e-05,0.009236006997525692,0.1991807222366333,0.48649340867996216,1.6356040239334106,1.7790669202804565,0.4563394784927368
34,590,22700,5.143651962280273,9.999999999999964e-05,0.011517436243593693,0.17937789857387543,0.6727263331413269,1.571537733078003,2.1772351264953613,0.5312573909759521
34,615,22725,4.600884914398193,9.999999999999964e-05,0.006354807410389185,0.14948822557926178,0.5041802525520325,1.5435700416564941,1.9033445119857788,0.49394673109054565
34,640,22750,4.447249889373779,9.999999999999964e-05,0.008896362967789173,0.17340028285980225,0.5767062902450562,1.4877941608428955,1.7908921241760254,0.4095602333545685
34,665,22775,4.465057373046875,9.999999999999964e-05,0.005814608186483383,0.1352992206811905,0.5338351726531982,1.5070924758911133,1.818838119506836,0.4641774296760559
35,20,22800,4.36625337600708,9.999999999999964e-05,0.007704995572566986,0.14197102189064026,0.5553665161132812,1.3682633638381958,1.8759008646011353,0.41704684495925903
35,45,22825,4.529802322387695,9.999999999999964e-05,0.009475535713136196,0.1480436474084854,0.4999568462371826,1.4669445753097534,1.904305100440979,0.5010765194892883
35,70,22850,4.2258524894714355,9.999999999999964e-05,0.009285279549658298,0.1613859385251999,0.550380289554596,1.4085042476654053,1.624749779701233,0.4715471863746643
35,95,22875,5.000782012939453,9.999999999999964e-05,0.01108055841177702,0.17982928454875946,0.6199114322662354,1.67357337474823,2.0379180908203125,0.4784693121910095
35,120,22900,5.786046981811523,9.999999999999964e-05,0.010196035727858543,0.24763227999210358,0.6323012113571167,1.8036280870437622,2.4448330402374268,0.647456169128418
35,145,22925,5.353944301605225,9.999999999999964e-05,0.014233194291591644,0.2165164351463318,0.6550793647766113,1.818879246711731,2.1294901371002197,0.5197460651397705
35,170,22950,4.1754374504089355,9.999999999999964e-05,0.007974514737725258,0.1576737016439438,0.5045544505119324,1.510930061340332,1.5795354843139648,0.4147692918777466
35,195,22975,4.196291446685791,9.999999999999964e-05,0.01203666627407074,0.16621077060699463,0.44844940304756165,1.4435880184173584,1.690334677696228,0.4356720447540283
35,220,23000,4.284844398498535,9.999999999999964e-05,0.009880303405225277,0.1970657855272293,0.46076446771621704,1.4434993267059326,1.7632242441177368,0.41040998697280884
35,245,23025,4.396530628204346,9.999999999999964e-05,0.009430318139493465,0.18039214611053467,0.5524982213973999,1.4745101928710938,1.7271907329559326,0.4525090157985687
35,270,23050,5.293105602264404,9.999999999999964e-05,0.0153733529150486,0.21457433700561523,0.701560914516449,1.727479100227356,2.093057870864868,0.5410599112510681
35,295,23075,4.724758148193359,9.999999999999964e-05,0.010529408231377602,0.1694609671831131,0.5753043293952942,1.5306472778320312,1.8544925451278687,0.5843235850334167
35,320,23100,5.483581066131592,9.999999999999964e-05,0.01004726067185402,0.18677197396755219,0.6778683662414551,1.7111259698867798,2.328007698059082,0.5697599053382874
35,345,23125,5.305658340454102,9.999999999999964e-05,0.009937786497175694,0.15372736752033234,0.6766564249992371,1.7522372007369995,2.196319341659546,0.5167799592018127
35,370,23150,4.2662506103515625,9.999999999999964e-05,0.010552797466516495,0.1636216938495636,0.5097538828849792,1.3751245737075806,1.7439677715301514,0.46323007345199585
35,395,23175,4.824419021606445,9.999999999999964e-05,0.010440393351018429,0.18683958053588867,0.5421128273010254,1.5268304347991943,2.0781567096710205,0.48003920912742615
35,420,23200,4.7938618659973145,9.999999999999964e-05,0.01298555452376604,0.2406340390443802,0.5576429963111877,1.6587581634521484,1.8284283876419067,0.4954127073287964
35,445,23225,5.082748889923096,9.999999999999964e-05,0.0068132998421788216,0.1730986386537552,0.6618887186050415,1.6533788442611694,2.095720052719116,0.4918496608734131
35,470,23250,5.8208794593811035,9.999999999999964e-05,0.012114115990698338,0.24549199640750885,0.7000293731689453,1.7839747667312622,2.55186128616333,0.5274080038070679
35,495,23275,4.328816890716553,9.999999999999964e-05,0.007520449813455343,0.15012167394161224,0.5111485719680786,1.329111099243164,1.9056249856948853,0.42529040575027466
35,520,23300,3.734144687652588,9.999999999999964e-05,0.00747405830770731,0.14611801505088806,0.43415775895118713,1.1949301958084106,1.5954995155334473,0.35596519708633423
35,545,23325,5.596617221832275,9.999999999999964e-05,0.012394566088914871,0.19772811233997345,0.7577422261238098,1.6335868835449219,2.500239610671997,0.4949256181716919
35,570,23350,4.555520534515381,9.999999999999964e-05,0.008630014024674892,0.1566425859928131,0.5367085933685303,1.5072476863861084,1.8140298128128052,0.532261848449707
35,595,23375,4.7027459144592285,9.999999999999964e-05,0.006626426242291927,0.17315997183322906,0.6001697778701782,1.6232993602752686,1.849368691444397,0.4501219093799591
35,620,23400,4.018895626068115,9.999999999999964e-05,0.009360338561236858,0.11694559454917908,0.45613086223602295,1.3545935153961182,1.646659016609192,0.43520674109458923
35,645,23425,4.317885398864746,9.999999999999964e-05,0.0074506583623588085,0.21105268597602844,0.4901219606399536,1.4104392528533936,1.7550991773605347,0.4437215030193329
35,670,23450,4.690500259399414,9.999999999999964e-05,0.008791056461632252,0.1627696305513382,0.7031233906745911,1.5983527898788452,1.8204708099365234,0.3969927132129669
36,25,23475,5.708628177642822,9.999999999999964e-05,0.008579010143876076,0.23385660350322723,0.7251954078674316,1.7165095806121826,2.541320562362671,0.4831666350364685
36,50,23500,4.751221179962158,9.999999999999964e-05,0.012621463276445866,0.23405727744102478,0.6067110896110535,1.527183175086975,1.9226588010787964,0.44798973202705383
36,75,23525,4.252552032470703,9.999999999999964e-05,0.008618631400167942,0.15796929597854614,0.5672589540481567,1.4946227073669434,1.6487175226211548,0.375364750623703
36,100,23550,4.839378833770752,9.999999999999964e-05,0.008443042635917664,0.16923703253269196,0.6600885391235352,1.660814642906189,1.9256969690322876,0.4150989055633545
36,125,23575,5.196372032165527,9.999999999999964e-05,0.011201166547834873,0.1955523043870926,0.7963367700576782,1.5400863885879517,2.1954498291015625,0.4577455520629883
36,150,23600,4.8723249435424805,9.999999999999964e-05,0.009308946318924427,0.18505826592445374,0.5133933424949646,1.6225662231445312,2.0273423194885254,0.5146559476852417
36,175,23625,4.485219478607178,9.999999999999964e-05,0.006046878639608622,0.1365908980369568,0.5360044240951538,1.3399536609649658,2.0396065711975098,0.427016943693161
36,200,23650,5.102398872375488,9.999999999999964e-05,0.010731464251875877,0.16114820539951324,0.6033099293708801,1.8345649242401123,2.0006332397460938,0.4920114576816559
36,225,23675,4.764964580535889,9.999999999999964e-05,0.006485112942755222,0.1500798761844635,0.5878782868385315,1.5729880332946777,1.9569817781448364,0.4905513525009155
36,250,23700,5.217898845672607,9.999999999999964e-05,0.008059301413595676,0.18484054505825043,0.5751535296440125,1.7442107200622559,2.1227669715881348,0.5828680396080017
36,275,23725,4.6681294441223145,9.999999999999964e-05,0.012929297983646393,0.2143675684928894,0.7065957188606262,1.525720477104187,1.750040054321289,0.45847615599632263
36,300,23750,3.9240527153015137,9.999999999999964e-05,0.01357709988951683,0.18981656432151794,0.6643149852752686,1.2134414911270142,1.5282856225967407,0.3146170377731323
36,325,23775,4.71405553817749,9.999999999999964e-05,0.009307405911386013,0.18346595764160156,0.4880167543888092,1.456302285194397,2.020869731903076,0.5560932755470276
36,350,23800,4.872873783111572,9.999999999999964e-05,0.012753592804074287,0.1934923380613327,0.5920836329460144,1.5914362668991089,1.9782615900039673,0.5048462748527527
36,375,23825,4.684046268463135,9.999999999999964e-05,0.01304532214999199,0.1655360460281372,0.6551331281661987,1.4798911809921265,1.8807324171066284,0.4897081255912781
36,400,23850,4.3526930809021,9.999999999999964e-05,0.014222119934856892,0.17970451712608337,0.5394629240036011,1.6088721752166748,1.6381628513336182,0.3722686171531677
36,425,23875,4.683426856994629,9.999999999999964e-05,0.013373032212257385,0.23525111377239227,0.5509001016616821,1.433741569519043,2.0012314319610596,0.44892969727516174
36,450,23900,4.766814708709717,9.999999999999964e-05,0.00885322317481041,0.1771511733531952,0.5779996514320374,1.580527901649475,1.9868662357330322,0.4354162812232971
36,475,23925,4.641449451446533,9.999999999999964e-05,0.007419872563332319,0.13869990408420563,0.4915241301059723,1.484473466873169,1.9520602226257324,0.5672720670700073
36,500,23950,5.513587951660156,9.999999999999964e-05,0.007662922143936157,0.1786211133003235,0.7494886517524719,1.7580947875976562,2.2189903259277344,0.6007301211357117
36,525,23975,4.727662086486816,9.999999999999964e-05,0.009149948135018349,0.15976189076900482,0.5496460795402527,1.3695710897445679,2.2329061031341553,0.4066270887851715
36,550,24000,4.435098648071289,9.999999999999964e-05,0.008296744897961617,0.14238779246807098,0.48205986618995667,1.4847005605697632,1.8835911750793457,0.43406280875205994
36,575,24025,4.4329376220703125,9.999999999999964e-05,0.012438935227692127,0.18238253891468048,0.53055739402771,1.4973279237747192,1.7920643091201782,0.4181663691997528
36,600,24050,4.3709869384765625,9.999999999999964e-05,0.009827091358602047,0.1494075059890747,0.5705146789550781,1.3810230493545532,1.8157415390014648,0.44447338581085205
36,625,24075,6.20253849029541,9.999999999999964e-05,0.013776946812868118,0.2363724410533905,0.9340769052505493,1.9889832735061646,2.498884916305542,0.5304439663887024
36,650,24100,4.698520183563232,9.999999999999964e-05,0.007449617609381676,0.1672876477241516,0.5059376358985901,1.4808344841003418,2.085822820663452,0.4511876702308655
37,5,24125,5.2460103034973145,9.999999999999964e-05,0.018187373876571655,0.24399659037590027,0.775348424911499,1.7798103094100952,1.941908597946167,0.4867587983608246
37,30,24150,4.774937152862549,9.999999999999964e-05,0.006237707566469908,0.12369693070650101,0.5331655144691467,1.5806764364242554,1.9689369201660156,0.5622239112854004
37,55,24175,5.189688682556152,9.999999999999964e-05,0.009872297756373882,0.19968464970588684,0.6399580836296082,1.566613793373108,2.2048356533050537,0.5687243938446045
37,80,24200,4.1512298583984375,9.999999999999964e-05,0.007506342604756355,0.13224631547927856,0.4731783866882324,1.3462095260620117,1.732405424118042,0.45968395471572876
37,105,24225,4.659111976623535,9.999999999999964e-05,0.009867329150438309,0.15453080832958221,0.6226072907447815,1.6641708612442017,1.7289669513702393,0.478969007730484
37,130,24250,3.8168039321899414,9.999999999999964e-05,0.010300761088728905,0.17420177161693573,0.4777330756187439,1.3121663331985474,1.4436900615692139,0.3987118601799011
37,155,24275,4.5608649253845215,9.999999999999964e-05,0.010350408032536507,0.19140365719795227,0.4834994375705719,1.4163014888763428,2.001152276992798,0.45815715193748474
37,180,24300,5.409711837768555,9.999999999999964e-05,0.017613902688026428,0.2726520001888275,0.5657515525817871,1.7949169874191284,2.20599102973938,0.552786648273468
37,205,24325,3.9212677478790283,9.999999999999964e-05,0.011524834670126438,0.1421917825937271,0.3281548321247101,1.2849736213684082,1.7631199359893799,0.3913029432296753
37,230,24350,5.10248327255249,9.999999999999964e-05,0.012925392016768456,0.2510485351085663,0.594996988773346,1.6310609579086304,2.1026079654693604,0.5098434090614319
37,255,24375,4.1387410163879395,9.999999999999964e-05,0.013418931514024734,0.14173218607902527,0.4334505498409271,1.4007840156555176,1.7458550930023193,0.4035002291202545
37,280,24400,5.491264343261719,9.999999999999964e-05,0.012417263351380825,0.19082292914390564,0.8190551400184631,1.9262149333953857,1.8942017555236816,0.6485528945922852
37,305,24425,4.195858478546143,9.999999999999964e-05,0.007629550062119961,0.13266253471374512,0.536004364490509,1.3325977325439453,1.7962054014205933,0.39075884222984314
37,330,24450,4.524134159088135,9.999999999999964e-05,0.010123180225491524,0.20746269822120667,0.5232316255569458,1.530595064163208,1.7047314643859863,0.5479897856712341
37,355,24475,4.6581549644470215,9.999999999999964e-05,0.011971361935138702,0.15937243402004242,0.6582997441291809,1.5234018564224243,1.8545116186141968,0.4505981206893921
37,380,24500,5.186904430389404,9.999999999999964e-05,0.00851408950984478,0.17429481446743011,0.6217964291572571,1.6245372295379639,2.2699880599975586,0.4877736568450928
37,405,24525,4.121024131774902,9.999999999999964e-05,0.01596958190202713,0.1598471850156784,0.6246346831321716,1.3849717378616333,1.5683315992355347,0.3672691285610199
37,430,24550,4.800282001495361,9.999999999999964e-05,0.010603229515254498,0.18876540660858154,0.5519295334815979,1.4385437965393066,2.091695785522461,0.5187442898750305
37,455,24575,4.523536205291748,9.999999999999964e-05,0.0074392035603523254,0.1406252086162567,0.415486603975296,1.6149822473526,1.8088691234588623,0.5361337065696716
37,480,24600,4.803028583526611,9.999999999999964e-05,0.010081195272505283,0.18967966735363007,0.5800031423568726,1.583555817604065,1.9618438482284546,0.4778650999069214
37,505,24625,5.051023483276367,9.999999999999964e-05,0.007410665974020958,0.15121842920780182,0.6003470420837402,1.546429991722107,2.2637579441070557,0.48185962438583374
37,530,24650,3.9550933837890625,9.999999999999964e-05,0.008511126041412354,0.12901459634304047,0.4816085696220398,1.2956364154815674,1.6115957498550415,0.4287269413471222
37,555,24675,5.943629741668701,9.999999999999964e-05,0.012454052455723286,0.20482832193374634,0.8364925384521484,1.863228440284729,2.3861563205718994,0.6404703855514526
37,580,24700,5.915297508239746,9.999999999999964e-05,0.015082219615578651,0.2604009807109833,0.6754530668258667,1.7889196872711182,2.5933549404144287,0.582086980342865
37,605,24725,4.564129829406738,9.999999999999964e-05,0.008901482447981834,0.16589976847171783,0.5197921991348267,1.6033309698104858,1.77949857711792,0.4867066740989685
37,630,24750,4.2192702293396,9.999999999999964e-05,0.008411490358412266,0.15166957676410675,0.5196896195411682,1.467174768447876,1.6900355815887451,0.38228943943977356
37,655,24775,4.552216529846191,9.999999999999964e-05,0.01610756665468216,0.17854845523834229,0.429208904504776,1.569240927696228,1.8208367824554443,0.5382740497589111
38,10,24800,4.325613021850586,9.999999999999964e-05,0.010910634882748127,0.14875903725624084,0.5431839227676392,1.3549702167510986,1.8311413526535034,0.43664777278900146
38,35,24825,4.374281883239746,9.999999999999964e-05,0.005883366800844669,0.13362151384353638,0.559570848941803,1.424652338027954,1.7778266668319702,0.4727271795272827
38,60,24850,4.270936965942383,9.999999999999964e-05,0.009833215735852718,0.1659487783908844,0.47654858231544495,1.4665844440460205,1.7440543174743652,0.40796804428100586
38,85,24875,5.662535190582275,9.999999999999964e-05,0.010742313228547573,0.2569381892681122,0.743386447429657,1.718898892402649,2.4106216430664062,0.5219475626945496
38,110,24900,4.953224182128906,9.999999999999964e-05,0.012546115554869175,0.1957486867904663,0.6663947105407715,1.440208911895752,2.168316125869751,0.47000959515571594
38,135,24925,4.095946311950684,9.999999999999964e-05,0.008553349412977695,0.15079514682292938,0.4301837980747223,1.3993858098983765,1.7372639179229736,0.369764506816864
38,160,24950,4.770187854766846,9.999999999999964e-05,0.008720713667571545,0.18249796330928802,0.6846547722816467,1.6147048473358154,1.7945808172225952,0.485028475522995
38,185,24975,4.710569381713867,9.999999999999964e-05,0.009574796073138714,0.14143119752407074,0.5495408773422241,1.5244196653366089,2.15689754486084,0.3287055492401123
38,210,25000,5.220377445220947,9.999999999999964e-05,0.012880624271929264,0.2313796430826187,0.7209362983703613,1.6451046466827393,2.180311441421509,0.42976507544517517
38,235,25025,5.5157389640808105,9.999999999999964e-05,0.009319192729890347,0.1977246105670929,0.7900071144104004,1.7822600603103638,2.243767023086548,0.4926614761352539
38,260,25050,4.301048278808594,9.999999999999964e-05,0.008849249221384525,0.12953050434589386,0.545035719871521,1.422857403755188,1.7283731698989868,0.46640220284461975
38,285,25075,4.389409065246582,9.999999999999964e-05,0.011474757455289364,0.16692903637886047,0.6619893908500671,1.4994299411773682,1.5662208795547485,0.48336514830589294
38,310,25100,4.311671733856201,9.999999999999964e-05,0.009120525792241096,0.15463101863861084,0.5088701844215393,1.4053988456726074,1.8679410219192505,0.36571067571640015
38,335,25125,4.414008617401123,9.999999999999964e-05,0.014886635355651379,0.18155598640441895,0.591171383857727,1.4382210969924927,1.7652678489685059,0.4229053556919098
38,360,25150,5.587341785430908,9.999999999999964e-05,0.012297597713768482,0.2353680431842804,0.659600019454956,1.8145393133163452,2.2377631664276123,0.6277740001678467
38,385,25175,5.40638542175293,9.999999999999964e-05,0.009523368440568447,0.1785995364189148,0.6904027462005615,1.7078254222869873,2.2143547534942627,0.605679988861084
38,410,25200,4.546672821044922,9.999999999999964e-05,0.011551025323569775,0.171589657664299,0.5645400285720825,1.5692085027694702,1.8182117938995361,0.4115718603134155
38,435,25225,4.956040859222412,9.999999999999964e-05,0.008929121308028698,0.1733081191778183,0.57442706823349,1.6238034963607788,2.049773693084717,0.5257992744445801
38,460,25250,4.962107181549072,9.999999999999964e-05,0.0067139677703380585,0.1619776338338852,0.5864068269729614,1.5964837074279785,2.084270715713501,0.526254415512085
38,485,25275,4.220918655395508,9.999999999999964e-05,0.006729860324412584,0.16847658157348633,0.5001105070114136,1.315557599067688,1.8213924169540405,0.4086516201496124
38,510,25300,4.480745315551758,9.999999999999964e-05,0.006913731340318918,0.13531330227851868,0.5384923219680786,1.3229573965072632,2.0311248302459717,0.4459438621997833
38,535,25325,3.86983585357666,9.999999999999964e-05,0.008097956888377666,0.15189898014068604,0.42316582798957825,1.2495810985565186,1.6535524129867554,0.38353967666625977
38,560,25350,4.455881118774414,9.999999999999964e-05,0.007465838920325041,0.16007789969444275,0.5263691544532776,1.54212486743927,1.821173906326294,0.39866903424263
38,585,25375,5.569744110107422,9.999999999999964e-05,0.009933670982718468,0.18853168189525604,0.7294684052467346,1.7798317670822144,2.2934606075286865,0.5685182213783264
38,610,25400,3.4636662006378174,9.999999999999964e-05,0.008429120294749737,0.12091680616140366,0.3847998082637787,1.2460319995880127,1.4262584447860718,0.2772299349308014
38,635,25425,4.134565830230713,9.999999999999964e-05,0.006816674489527941,0.15049053728580475,0.5713874697685242,1.3712185621261597,1.6011284589767456,0.4335239827632904
38,660,25450,4.983620643615723,9.999999999999964e-05,0.00967775471508503,0.18140091001987457,0.5497015118598938,1.4861555099487305,2.2410099506378174,0.5156747698783875
39,15,25475,4.447582721710205,9.999999999999964e-05,0.012401137501001358,0.20695693790912628,0.407108336687088,1.5126630067825317,1.7596023082733154,0.5488510727882385
39,40,25500,5.300484657287598,9.999999999999964e-05,0.0127878962084651,0.2208651602268219,0.727416455745697,1.730049729347229,2.1523420810699463,0.4570232927799225
39,65,25525,4.812483310699463,9.999999999999964e-05,0.012935720384120941,0.1457655429840088,0.6398190855979919,1.5869117975234985,1.9137394428253174,0.5133116841316223
39,90,25550,5.63737678527832,9.999999999999964e-05,0.008158625103533268,0.1909463107585907,0.6380902528762817,1.809593677520752,2.312730073928833,0.6778576970100403
39,115,25575,3.9091973304748535,9.999999999999964e-05,0.008907887153327465,0.15173469483852386,0.4255601763725281,1.4180538654327393,1.5621790885925293,0.3427612781524658
39,140,25600,3.9886205196380615,9.999999999999964e-05,0.009312394075095654,0.16021351516246796,0.5158136487007141,1.3289344310760498,1.6078532934188843,0.36649298667907715
39,165,25625,4.780496120452881,9.999999999999964e-05,0.012389295734465122,0.18935967981815338,0.5676741003990173,1.5701227188110352,1.9895590543746948,0.4513908326625824
39,190,25650,4.777093887329102,9.999999999999964e-05,0.011020692065358162,0.1513701230287552,0.5379925966262817,1.6056485176086426,2.1101462841033936,0.3609156012535095
39,215,25675,3.773423671722412,9.999999999999964e-05,0.008159656077623367,0.15705621242523193,0.4856947064399719,1.2412477731704712,1.4525728225708008,0.42869263887405396
39,240,25700,4.7104034423828125,9.999999999999964e-05,0.010373328812420368,0.1717301458120346,0.6474369764328003,1.5767855644226074,1.8569213151931763,0.44715577363967896
39,265,25725,4.8646345138549805,9.999999999999964e-05,0.00842476449906826,0.1415719985961914,0.6061855554580688,1.5704185962677002,2.032247304916382,0.5057864189147949
39,290,25750,3.463305950164795,9.999999999999964e-05,0.009416251443326473,0.15508925914764404,0.4403463304042816,1.166815996170044,1.3508034944534302,0.34083449840545654
39,315,25775,5.550027370452881,9.999999999999964e-05,0.00984232034534216,0.16814610362052917,0.6062639951705933,1.860623836517334,2.2864248752593994,0.6187265515327454
39,340,25800,4.2478156089782715,9.999999999999964e-05,0.00901999231427908,0.16609947383403778,0.4710601568222046,1.3008369207382202,1.936409592628479,0.3643893897533417
39,365,25825,4.488666534423828,9.999999999999964e-05,0.010151843540370464,0.16947202384471893,0.5851051807403564,1.6322356462478638,1.612663984298706,0.47903767228126526
39,390,25850,5.033835411071777,9.999999999999964e-05,0.009204546920955181,0.17720341682434082,0.7371970415115356,1.7166016101837158,1.7482339143753052,0.645394504070282
39,415,25875,4.826523780822754,9.999999999999964e-05,0.007110783364623785,0.15559035539627075,0.5267967581748962,1.5920541286468506,2.065385103225708,0.4795866906642914
39,440,25900,4.1556620597839355,9.999999999999964e-05,0.011300071142613888,0.15629813075065613,0.536808967590332,1.391770601272583,1.6513477563858032,0.40813666582107544
39,465,25925,5.262408256530762,9.999999999999964e-05,0.013526304624974728,0.2428288757801056,0.7120916247367859,1.6092963218688965,2.174497127532959,0.5101678967475891
39,490,25950,4.344725608825684,9.999999999999964e-05,0.009466011077165604,0.13845810294151306,0.530014157295227,1.4653031826019287,1.8162882328033447,0.38519638776779175
39,515,25975,4.12284517288208,9.999999999999964e-05,0.009276001714169979,0.13830505311489105,0.48985403776168823,1.3502815961837769,1.7006369829177856,0.43449172377586365
39,540,26000,4.933007717132568,9.999999999999964e-05,0.011118309572339058,0.21142269670963287,0.7834681868553162,1.6042993068695068,1.914254069328308,0.4084452986717224
39,565,26025,4.960325717926025,9.999999999999964e-05,0.008727461099624634,0.1862253099679947,0.7009900212287903,1.5710842609405518,2.0181968212127686,0.4751020073890686
39,590,26050,4.473647117614746,9.999999999999964e-05,0.007980533875524998,0.1852426379919052,0.6404232382774353,1.5533547401428223,1.7131859064102173,0.37345993518829346
39,615,26075,4.790258407592773,9.999999999999964e-05,0.010127812623977661,0.172806516289711,0.5821161866188049,1.4972033500671387,2.012326240539551,0.5156784057617188
39,640,26100,4.943224906921387,9.999999999999964e-05,0.007331461645662785,0.16128993034362793,0.6821785569190979,1.7269057035446167,1.809660792350769,0.5558580756187439
39,665,26125,4.903621673583984,9.999999999999964e-05,0.011973990127444267,0.14821606874465942,0.5716140270233154,1.547376036643982,2.0062756538391113,0.6181658506393433
40,20,26150,5.243506908416748,9.999999999999964e-05,0.011688096448779106,0.2147470861673355,0.6010957360267639,1.7231650352478027,2.162503480911255,0.5303075909614563
40,45,26175,4.275505542755127,9.999999999999964e-05,0.01024384144693613,0.14841115474700928,0.5264961123466492,1.4262877702713013,1.6348202228546143,0.5292463898658752
40,70,26200,4.8830037117004395,9.999999999999964e-05,0.008980811573565006,0.13990217447280884,0.5791365504264832,1.5128393173217773,2.1207714080810547,0.521373450756073
40,95,26225,5.193190574645996,9.999999999999964e-05,0.010293872095644474,0.1748264580965042,0.6614239811897278,1.6812769174575806,2.1854751110076904,0.4798943102359772
40,120,26250,5.131645679473877,9.999999999999964e-05,0.009975483641028404,0.18886283040046692,0.6387256383895874,1.6322447061538696,2.062695026397705,0.5991418957710266
40,145,26275,4.3624396324157715,9.999999999999964e-05,0.01227288693189621,0.15994615852832794,0.43265631794929504,1.4380972385406494,1.8903441429138184,0.42912259697914124
40,170,26300,5.518638610839844,9.999999999999964e-05,0.00859452597796917,0.1916663944721222,0.7051100134849548,1.7943280935287476,2.252441883087158,0.5664972066879272
40,195,26325,4.789344787597656,9.999999999999964e-05,0.014971614815294743,0.20975910127162933,0.6059449911117554,1.653658390045166,1.7696000337600708,0.5354107022285461
40,220,26350,2.960559368133545,9.999999999999964e-05,0.007953545078635216,0.11097484081983566,0.3554094433784485,1.1199650764465332,1.0693321228027344,0.296924352645874
40,245,26375,5.31830358505249,9.999999999999964e-05,0.016447830945253372,0.23274999856948853,0.621479868888855,1.689618468284607,2.206998586654663,0.5510090589523315
40,270,26400,4.744363784790039,9.999999999999964e-05,0.009708977304399014,0.19907617568969727,0.5331847667694092,1.581583857536316,1.8749804496765137,0.545829713344574
40,295,26425,5.459280967712402,9.999999999999964e-05,0.011126592755317688,0.18696676194667816,0.5981917381286621,1.7338433265686035,2.280325412750244,0.6488273739814758
40,320,26450,5.811507225036621,9.999999999999964e-05,0.011912764981389046,0.22057899832725525,0.8618171811103821,1.77266263961792,2.5239760875701904,0.42055952548980713
40,345,26475,4.9023051261901855,9.999999999999964e-05,0.010564747266471386,0.1499139368534088,0.5882575511932373,1.6112885475158691,1.996614694595337,0.5456656813621521
40,370,26500,4.839279651641846,9.999999999999964e-05,0.009414431639015675,0.15858134627342224,0.6208583116531372,1.5482335090637207,2.1319496631622314,0.3702424168586731
40,395,26525,4.665283203125,9.999999999999964e-05,0.013081532903015614,0.1629868596792221,0.6318263411521912,1.363691806793213,2.0148067474365234,0.47888997197151184
40,420,26550,4.452738285064697,9.999999999999964e-05,0.01154477521777153,0.1596771478652954,0.6010817289352417,1.5535352230072021,1.676114559173584,0.4507845640182495
40,445,26575,4.623764991760254,9.999999999999964e-05,0.010074426420032978,0.1544700711965561,0.5702158808708191,1.453749418258667,1.948480248451233,0.4867749810218811
40,470,26600,4.538412094116211,9.999999999999964e-05,0.014973105862736702,0.2158239632844925,0.5687280893325806,1.429532527923584,1.7721118927001953,0.5372427701950073
40,495,26625,4.702756404876709,9.999999999999964e-05,0.009238229133188725,0.16664189100265503,0.5854855179786682,1.4642460346221924,2.0410168170928955,0.4361283481121063
40,520,26650,5.234051704406738,9.999999999999964e-05,0.011664140038192272,0.20134295523166656,0.7752794027328491,1.628116250038147,2.156075954437256,0.46157336235046387
40,545,26675,5.093384742736816,9.999999999999964e-05,0.014088571071624756,0.18041710555553436,0.6411014199256897,1.722184658050537,1.9952657222747803,0.5403267741203308
40,570,26700,3.794726848602295,9.999999999999964e-05,0.00959671288728714,0.13886451721191406,0.5000253319740295,1.2739596366882324,1.4940272569656372,0.37825316190719604
40,595,26725,4.221768379211426,9.999999999999964e-05,0.008907804265618324,0.13608448207378387,0.5212647914886475,1.4807888269424438,1.6663891077041626,0.4083331525325775
40,620,26750,4.326968669891357,9.999999999999964e-05,0.0073857856914401054,0.14931625127792358,0.48771318793296814,1.5638506412506104,1.7058837413787842,0.41281887888908386
40,645,26775,4.21906042098999,9.999999999999964e-05,0.011386290192604065,0.12071721255779266,0.4606877565383911,1.325655460357666,1.8570369482040405,0.44357672333717346
40,670,26800,4.51127290725708,9.999999999999964e-05,0.008066309615969658,0.1545286476612091,0.5071768164634705,1.4305660724639893,2.0242223739624023,0.386712908744812
41,25,26825,4.393223285675049,9.999999999999964e-05,0.008228312246501446,0.14633674919605255,0.636740505695343,1.5162514448165894,1.6570814847946167,0.42858463525772095
41,50,26850,4.513564109802246,9.999999999999964e-05,0.012308760546147823,0.1727452576160431,0.5201534628868103,1.4409233331680298,1.8876430988311768,0.4797905683517456
41,75,26875,4.551445960998535,9.999999999999964e-05,0.012311323545873165,0.17884217202663422,0.537196159362793,1.5275460481643677,1.8336327075958252,0.4619172513484955
41,100,26900,4.4802632331848145,9.999999999999964e-05,0.009951614774763584,0.19837409257888794,0.5287745594978333,1.3637394905090332,1.9559390544891357,0.4234844744205475
41,125,26925,4.103477478027344,9.999999999999964e-05,0.008584159426391125,0.12515889108181,0.49266213178634644,1.4638159275054932,1.588262915611267,0.4249936044216156
41,150,26950,5.006438732147217,9.999999999999964e-05,0.007414966821670532,0.1684723198413849,0.7221778631210327,1.4644216299057007,2.175121545791626,0.4688304364681244
41,175,26975,4.087353706359863,9.999999999999964e-05,0.011432954110205173,0.178145170211792,0.4754297137260437,1.4540212154388428,1.54226815700531,0.426056444644928
41,200,27000,4.255156517028809,9.999999999999964e-05,0.009893881157040596,0.15248414874076843,0.43279722332954407,1.6090686321258545,1.5552546977996826,0.4956575632095337
41,225,27025,4.10053825378418,9.999999999999964e-05,0.007862785831093788,0.14388473331928253,0.45162880420684814,1.4693588018417358,1.5604510307312012,0.46735191345214844
41,250,27050,4.291886806488037,9.999999999999964e-05,0.007690296974033117,0.16352762281894684,0.532363772392273,1.4125934839248657,1.69381582736969,0.4818958044052124
41,275,27075,4.021000385284424,9.999999999999964e-05,0.00826520100235939,0.14758971333503723,0.4957868158817291,1.3151932954788208,1.5890823602676392,0.46508315205574036
41,300,27100,4.901876449584961,9.999999999999964e-05,0.011678504757583141,0.2034759372472763,0.596473753452301,1.7186683416366577,1.8577122688293457,0.5138677954673767
41,325,27125,4.99267053604126,9.999999999999964e-05,0.00974244810640812,0.15797820687294006,0.5340721607208252,1.7300933599472046,2.058478832244873,0.5023059248924255
41,350,27150,4.073523044586182,9.999999999999964e-05,0.009191798977553844,0.19133254885673523,0.44895219802856445,1.343445062637329,1.6655651330947876,0.41503632068634033
41,375,27175,4.592519760131836,9.999999999999964e-05,0.008907483890652657,0.1540384441614151,0.5316939949989319,1.4641023874282837,1.9939249753952026,0.439852237701416
41,400,27200,3.9640045166015625,9.999999999999964e-05,0.010030893608927727,0.1542404294013977,0.3962818682193756,1.3968065977096558,1.6236132383346558,0.3830315172672272
41,425,27225,3.7133543491363525,9.999999999999964e-05,0.010468808934092522,0.1937772035598755,0.40657901763916016,1.2072032690048218,1.529231071472168,0.366094708442688
41,450,27250,3.8154208660125732,9.999999999999964e-05,0.008042807690799236,0.1427791565656662,0.4184595048427582,1.254974126815796,1.5974524021148682,0.39371275901794434
41,475,27275,4.424724102020264,9.999999999999964e-05,0.010415558703243732,0.16022416949272156,0.4750947654247284,1.529619574546814,1.7597473859786987,0.4896221458911896
41,500,27300,4.817634582519531,9.999999999999964e-05,0.011255279183387756,0.1777205467224121,0.6445061564445496,1.610170841217041,1.9299263954162598,0.4440554976463318
41,525,27325,4.453176021575928,9.999999999999964e-05,0.012142851017415524,0.23883458971977234,0.42012497782707214,1.4599682092666626,1.9272968769073486,0.39480894804000854
41,550,27350,5.552614688873291,9.999999999999964e-05,0.016666686162352562,0.2530965507030487,0.8022557497024536,1.713929533958435,2.180043935775757,0.586622416973114
41,575,27375,4.686099529266357,9.999999999999964e-05,0.010679059661924839,0.1699029952287674,0.5499065518379211,1.5046660900115967,2.025460720062256,0.42548424005508423
41,600,27400,5.033520221710205,9.999999999999964e-05,0.011186247691512108,0.17537429928779602,0.5568886399269104,1.6956157684326172,2.013795852661133,0.5806595087051392
41,625,27425,5.0743513107299805,9.999999999999964e-05,0.013986078090965748,0.23459632694721222,0.5512182116508484,1.5945370197296143,2.2247350215911865,0.455278605222702
41,650,27450,4.473361015319824,9.999999999999964e-05,0.015690037980675697,0.16519860923290253,0.6314124464988708,1.3842438459396362,1.8756686449050903,0.40114742517471313
42,5,27475,5.394583702087402,9.999999999999964e-05,0.009955489076673985,0.17969928681850433,0.7275596261024475,1.6195030212402344,2.334341049194336,0.523524820804596
42,30,27500,4.51776123046875,9.999999999999964e-05,0.008540564216673374,0.14328888058662415,0.5884612798690796,1.4047075510025024,1.8816075325012207,0.4911552667617798
42,55,27525,4.307191848754883,9.999999999999964e-05,0.006957174278795719,0.14342015981674194,0.5618162155151367,1.3210176229476929,1.8545421361923218,0.4194382429122925
42,80,27550,4.21958065032959,9.999999999999964e-05,0.012092378921806812,0.15683354437351227,0.5797203779220581,1.3395421504974365,1.683117151260376,0.4482751786708832
42,105,27575,4.097527503967285,9.999999999999964e-05,0.008095591329038143,0.15978242456912994,0.45987528562545776,1.424953818321228,1.6331068277359009,0.41171371936798096
42,130,27600,4.164165496826172,9.999999999999964e-05,0.0071905991062521935,0.1455174833536148,0.48848605155944824,1.324082374572754,1.7616044282913208,0.4372844398021698
42,155,27625,4.678670406341553,9.999999999999964e-05,0.007782461121678352,0.14894141256809235,0.4822925627231598,1.5876970291137695,2.0051984786987305,0.4467584192752838
42,180,27650,4.519303798675537,9.999999999999964e-05,0.007965676486492157,0.1572563499212265,0.5614727735519409,1.479458212852478,1.9214681386947632,0.39168286323547363
42,205,27675,4.494133949279785,9.999999999999964e-05,0.010145347565412521,0.17249272763729095,0.5011891722679138,1.4318006038665771,1.9060598611831665,0.47244593501091003
42,230,27700,4.857893466949463,9.999999999999964e-05,0.007179499603807926,0.143613800406456,0.6225054264068604,1.489362120628357,2.122901201248169,0.47233152389526367
42,255,27725,6.052520751953125,9.999999999999964e-05,0.012329228222370148,0.22491125762462616,0.7363827228546143,1.9625886678695679,2.543384552001953,0.5729246139526367
42,280,27750,3.9602372646331787,9.999999999999964e-05,0.007882239297032356,0.13776622712612152,0.4468763768672943,1.4693124294281006,1.5057865381240845,0.3926135003566742
42,305,27775,5.004146099090576,9.999999999999964e-05,0.008636622689664364,0.1756109893321991,0.6619311571121216,1.6544654369354248,2.048433303833008,0.45506900548934937
42,330,27800,4.2299723625183105,9.999999999999964e-05,0.010968723334372044,0.1665004938840866,0.48352324962615967,1.3276968002319336,1.8525729179382324,0.38871026039123535
42,355,27825,3.8884363174438477,9.999999999999964e-05,0.006864198949187994,0.11750216037034988,0.4461491107940674,1.1794347763061523,1.7580167055130005,0.38046932220458984
42,380,27850,4.761908054351807,9.999999999999964e-05,0.007934408262372017,0.1555984914302826,0.5583221912384033,1.4483976364135742,2.075610399246216,0.5160453915596008
42,405,27875,5.04160213470459,9.999999999999964e-05,0.010880404151976109,0.1829434186220169,0.547554612159729,1.6485621929168701,2.1483969688415527,0.5032647848129272
42,430,27900,4.846904754638672,9.999999999999964e-05,0.00815319549292326,0.15823601186275482,0.6133039593696594,1.4970216751098633,2.0692152976989746,0.5009743571281433
42,455,27925,5.056408405303955,9.999999999999964e-05,0.011277603916823864,0.1764078587293625,0.6197114586830139,1.4482215642929077,2.331256628036499,0.46953362226486206
42,480,27950,4.934659481048584,9.999999999999964e-05,0.012013115920126438,0.17338544130325317,0.5463319420814514,1.40430748462677,2.2981622219085693,0.5004596710205078
42,505,27975,3.990790605545044,9.999999999999964e-05,0.008026601746678352,0.1492978036403656,0.5429469347000122,1.2980425357818604,1.6030640602111816,0.38941264152526855
42,530,28000,5.0242486000061035,9.999999999999964e-05,0.007759171072393656,0.16201448440551758,0.643326997756958,1.7204042673110962,2.024871587753296,0.46587201952934265
42,555,28025,4.645916938781738,9.999999999999964e-05,0.010566712357103825,0.14767006039619446,0.5975651144981384,1.3845583200454712,2.0735507011413574,0.43200597167015076
42,580,28050,5.244553089141846,9.999999999999964e-05,0.01248905248939991,0.1927032470703125,0.6717274785041809,1.5585393905639648,2.281722068786621,0.5273722410202026
42,605,28075,5.103285789489746,9.999999999999964e-05,0.00869138166308403,0.19803887605667114,0.5759309530258179,1.6743124723434448,2.0335512161254883,0.6127606630325317
42,630,28100,4.194671154022217,9.999999999999964e-05,0.013584584929049015,0.19454516470432281,0.5180315375328064,1.3765126466751099,1.716589093208313,0.375408411026001
42,655,28125,4.850641250610352,9.999999999999964e-05,0.00932744424790144,0.1443127989768982,0.5315616130828857,1.5303080081939697,2.1830620765686035,0.4520694613456726
43,10,28150,4.629186630249023,9.999999999999964e-05,0.008957148529589176,0.1393243372440338,0.5435856580734253,1.4149712324142456,2.0288233757019043,0.4935249984264374
43,35,28175,4.988320827484131,9.999999999999964e-05,0.011974059045314789,0.18736371397972107,0.5539411306381226,1.6189147233963013,2.1062824726104736,0.5098450779914856
43,60,28200,4.898642539978027,9.999999999999964e-05,0.009757978841662407,0.17726026475429535,0.5068914294242859,1.5918737649917603,2.1101245880126953,0.5027348399162292
43,85,28225,4.8811235427856445,9.999999999999964e-05,0.010550214909017086,0.1913241446018219,0.5993403792381287,1.4216012954711914,2.138049364089966,0.5202578902244568
43,110,28250,4.268784523010254,9.999999999999964e-05,0.011423025280237198,0.1684432178735733,0.5505926012992859,1.4319442510604858,1.6842761039733887,0.4221050441265106
43,135,28275,4.386465549468994,9.999999999999964e-05,0.008524532429873943,0.15723134577274323,0.5441360473632812,1.6659795045852661,1.5304393768310547,0.48015454411506653
43,160,28300,4.91455602645874,9.999999999999964e-05,0.012597884982824326,0.1896241456270218,0.7187415957450867,1.7120193243026733,1.8177491426467896,0.46382376551628113
43,185,28325,4.591761589050293,9.999999999999964e-05,0.008590701967477798,0.19014593958854675,0.5990703105926514,1.498923420906067,1.7901642322540283,0.5048671364784241
43,210,28350,4.061737537384033,9.999999999999964e-05,0.011711658909916878,0.160894513130188,0.46493080258369446,1.2645788192749023,1.7224622964859009,0.43715938925743103
43,235,28375,4.368710994720459,9.999999999999964e-05,0.008426180109381676,0.13611993193626404,0.5265758037567139,1.3780025243759155,1.8854467868804932,0.4341396689414978
43,260,28400,4.376844882965088,9.999999999999964e-05,0.007618610747158527,0.127018004655838,0.4754432141780853,1.4398884773254395,1.84003484249115,0.4868422746658325
43,285,28425,4.550961494445801,9.999999999999964e-05,0.010196905583143234,0.17222414910793304,0.4573589563369751,1.4803320169448853,1.9304267168045044,0.5004225969314575
43,310,28450,4.300552845001221,9.999999999999964e-05,0.0076921251602470875,0.1358206868171692,0.45593562722206116,1.4245048761367798,1.8706551790237427,0.4059441089630127
43,335,28475,5.046562194824219,9.999999999999964e-05,0.0069453041069209576,0.1578858345746994,0.6435198187828064,1.6898468732833862,2.135723829269409,0.4126405119895935
43,360,28500,4.168198585510254,9.999999999999964e-05,0.01070995070040226,0.1636212319135666,0.4734638035297394,1.3706417083740234,1.6914339065551758,0.45832791924476624
43,385,28525,4.303473949432373,9.999999999999964e-05,0.007212783209979534,0.15582877397537231,0.5645924806594849,1.2463456392288208,1.981977105140686,0.3475170433521271
43,410,28550,3.944525718688965,9.999999999999964e-05,0.009541948325932026,0.14121942222118378,0.5031681060791016,1.3766372203826904,1.4387235641479492,0.47523564100265503
43,435,28575,4.440410137176514,9.999999999999964e-05,0.008940144442021847,0.13619203865528107,0.4447343051433563,1.3645190000534058,1.9047951698303223,0.5812294483184814
43,460,28600,4.73902702331543,9.999999999999964e-05,0.009271099232137203,0.16184453666210175,0.5157549977302551,1.5892853736877441,2.0353121757507324,0.4275589883327484
43,485,28625,5.124678611755371,9.999999999999964e-05,0.014167537912726402,0.22174756228923798,0.6581971645355225,1.585511326789856,2.1274123191833496,0.5176430940628052
43,510,28650,3.779207229614258,9.999999999999964e-05,0.008508067578077316,0.15403029322624207,0.3546845614910126,1.3179019689559937,1.5762537717819214,0.36782851815223694
43,535,28675,4.422304630279541,9.999999999999964e-05,0.007609170861542225,0.1661493331193924,0.46533000469207764,1.3887287378311157,1.9271047115325928,0.467382550239563
43,560,28700,4.898096084594727,9.999999999999964e-05,0.011468776501715183,0.19550848007202148,0.7107743620872498,1.6067819595336914,1.8997230529785156,0.4738396108150482
43,585,28725,5.070933818817139,9.999999999999964e-05,0.009552419185638428,0.1941395252943039,0.6415027379989624,1.519127368927002,2.2006630897521973,0.5059481263160706
43,610,28750,4.805096626281738,9.999999999999964e-05,0.01262728963047266,0.20365357398986816,0.6187711954116821,1.5678489208221436,1.8902848958969116,0.5119110941886902
43,635,28775,3.2788214683532715,9.999999999999964e-05,0.00948050431907177,0.10897786170244217,0.3123829662799835,1.0724679231643677,1.4258105754852295,0.34970158338546753
43,660,28800,4.908537864685059,9.999999999999964e-05,0.009233236312866211,0.18599489331245422,0.6330925822257996,1.5910556316375732,2.030445098876953,0.458716481924057
44,15,28825,4.907360553741455,9.999999999999964e-05,0.011385037563741207,0.16314257681369781,0.6233793497085571,1.4987244606018066,2.044694423675537,0.5660347938537598
44,40,28850,4.167230606079102,9.999999999999964e-05,0.015900788828730583,0.18143898248672485,0.4683566391468048,1.366986870765686,1.740381121635437,0.3941662311553955
44,65,28875,4.588698863983154,9.999999999999964e-05,0.007954536937177181,0.1582299917936325,0.5550423860549927,1.3509016036987305,2.0378975868225098,0.47867274284362793
44,90,28900,3.942593574523926,9.999999999999964e-05,0.007003013510257006,0.13813303411006927,0.45704543590545654,1.3225295543670654,1.6317416429519653,0.3861406445503235
44,115,28925,4.700091361999512,9.999999999999964e-05,0.011763134971261024,0.22207406163215637,0.657649040222168,1.5298722982406616,1.8581079244613647,0.42062515020370483
44,140,28950,4.584561347961426,9.999999999999964e-05,0.013428576290607452,0.19131076335906982,0.7037972807884216,1.3933175802230835,1.9051740169525146,0.37753286957740784
44,165,28975,4.1307172775268555,9.999999999999964e-05,0.0176891777664423,0.19728541374206543,0.5133730173110962,1.2951167821884155,1.6892216205596924,0.4180310070514679
44,190,29000,4.56629753112793,9.999999999999964e-05,0.005823944695293903,0.11200577020645142,0.4794813096523285,1.440438151359558,2.0347297191619873,0.49381840229034424
44,215,29025,4.352598667144775,9.999999999999964e-05,0.010119537822902203,0.16708873212337494,0.40047162771224976,1.3478533029556274,1.9881643056869507,0.4389009475708008
44,240,29050,4.324714660644531,9.999999999999964e-05,0.006758301518857479,0.14402419328689575,0.48539605736732483,1.4583452939987183,1.8035626411437988,0.4266278147697449
44,265,29075,4.814179420471191,9.999999999999964e-05,0.011331386864185333,0.17062494158744812,0.5573950409889221,1.3613307476043701,2.209995985031128,0.5035019516944885
44,290,29100,4.252873420715332,9.999999999999964e-05,0.012517455033957958,0.16737887263298035,0.5354233980178833,1.4530619382858276,1.7300525903701782,0.35443946719169617
44,315,29125,4.907399654388428,9.999999999999964e-05,0.011308631859719753,0.18485532701015472,0.6986972689628601,1.5419374704360962,1.967545986175537,0.5030547380447388
44,340,29150,4.033422946929932,9.999999999999964e-05,0.00866005290299654,0.15118509531021118,0.5404407382011414,1.353818416595459,1.5526825189590454,0.4266360402107239
44,365,29175,4.029420852661133,9.999999999999964e-05,0.008428256958723068,0.14891931414604187,0.5319172143936157,1.3244872093200684,1.624703288078308,0.3909655809402466
44,390,29200,5.125935077667236,9.999999999999964e-05,0.01088823564350605,0.15124966204166412,0.6004600524902344,1.5957341194152832,2.2612667083740234,0.5063359141349792
44,415,29225,3.7421951293945312,9.999999999999964e-05,0.007344616111367941,0.12400403618812561,0.44738078117370605,1.323725938796997,1.4846560955047607,0.3550836443901062
44,440,29250,4.849864482879639,9.999999999999964e-05,0.013703272677958012,0.17886750400066376,0.7088919281959534,1.486954927444458,2.070310354232788,0.3911363482475281
44,465,29275,4.593981742858887,9.999999999999964e-05,0.011618184857070446,0.19534213840961456,0.4604870080947876,1.5032098293304443,1.929966926574707,0.49335765838623047
44,490,29300,3.952493190765381,9.999999999999964e-05,0.005486493930220604,0.1309901773929596,0.45296961069107056,1.485941767692566,1.440476417541504,0.4366287589073181
44,515,29325,3.7293431758880615,9.999999999999964e-05,0.007596706505864859,0.14287039637565613,0.4730863571166992,1.2610526084899902,1.5507688522338867,0.2939683198928833
44,540,29350,4.396432876586914,9.999999999999964e-05,0.013696846552193165,0.198319211602211,0.4275345802307129,1.4025437831878662,1.9346725940704346,0.41966575384140015
44,565,29375,2.889741897583008,9.999999999999964e-05,0.009038985706865788,0.12915445864200592,0.31081268191337585,1.0585827827453613,1.0380208492279053,0.3441321551799774
44,590,29400,4.924198627471924,9.999999999999964e-05,0.00815598014742136,0.15228323638439178,0.540249764919281,1.6129690408706665,2.1468563079833984,0.46368440985679626
44,615,29425,3.9064135551452637,9.999999999999964e-05,0.011506727896630764,0.1745900809764862,0.39948609471321106,1.2579423189163208,1.6496531963348389,0.41323527693748474
44,640,29450,4.594298362731934,9.999999999999964e-05,0.010702674277126789,0.19728834927082062,0.5298083424568176,1.6183022260665894,1.7902438640594482,0.44795313477516174
44,665,29475,4.220478534698486,9.999999999999964e-05,0.007917393930256367,0.15082678198814392,0.426868736743927,1.2627637386322021,1.8409156799316406,0.5311859250068665
45,20,29500,4.197752475738525,9.999999999999964e-05,0.009238135069608688,0.17617805302143097,0.5342954397201538,1.3903937339782715,1.7444933652877808,0.34315377473831177
45,45,29525,4.188438415527344,9.999999999999964e-05,0.010975891724228859,0.15305013954639435,0.4857145845890045,1.4555233716964722,1.6224451065063477,0.4607292413711548
45,70,29550,3.749699115753174,9.999999999999964e-05,0.007892061024904251,0.13066859543323517,0.37852996587753296,1.1743422746658325,1.659947395324707,0.3983187675476074
45,95,29575,3.4842073917388916,9.999999999999964e-05,0.006965864449739456,0.11162728071212769,0.4453907310962677,1.1992473602294922,1.4033324718475342,0.3176436722278595
45,120,29600,4.259811878204346,9.999999999999964e-05,0.00805811956524849,0.14876052737236023,0.555515706539154,1.4654492139816284,1.6249068975448608,0.4571215510368347
45,145,29625,4.019127368927002,9.999999999999964e-05,0.010959023609757423,0.18799787759780884,0.4079727232456207,1.2348690032958984,1.8065463304519653,0.3707825243473053
45,170,29650,4.857990264892578,9.999999999999964e-05,0.010147185996174812,0.15480905771255493,0.551459789276123,1.6083327531814575,2.0998916625976562,0.4333496689796448
45,195,29675,4.999064922332764,9.999999999999964e-05,0.012612959370017052,0.22011403739452362,0.6183459758758545,1.5881872177124023,2.137248992919922,0.42255598306655884
45,220,29700,4.737369537353516,9.999999999999964e-05,0.013601565733551979,0.20479340851306915,0.6771681308746338,1.5318957567214966,1.7698974609375,0.5400134921073914
45,245,29725,4.8578572273254395,9.999999999999964e-05,0.0089982645586133,0.1659611314535141,0.6063096523284912,1.5276883840560913,2.0502805709838867,0.49861934781074524
45,270,29750,5.43630838394165,9.999999999999964e-05,0.009109584614634514,0.17951971292495728,0.732555627822876,1.5444591045379639,2.417606830596924,0.5530572533607483
45,295,29775,3.6046385765075684,9.999999999999964e-05,0.0076961820013821125,0.13801944255828857,0.4009025990962982,1.2298829555511475,1.4583090543746948,0.36982816457748413
45,320,29800,4.19713830947876,9.999999999999964e-05,0.018382228910923004,0.185835599899292,0.6292240619659424,1.4428775310516357,1.472959280014038,0.4478592872619629
45,345,29825,4.606031894683838,9.999999999999964e-05,0.008127081207931042,0.13862121105194092,0.5519594550132751,1.567308783531189,1.8149269819259644,0.5250885486602783
45,370,29850,4.292547702789307,9.999999999999964e-05,0.0076586659997701645,0.1509038209915161,0.4159582853317261,1.6605563163757324,1.529345989227295,0.5281245708465576
45,395,29875,4.266722679138184,9.999999999999964e-05,0.006896762643009424,0.13778090476989746,0.500906229019165,1.4464325904846191,1.834783911705017,0.33992239832878113
45,420,29900,5.3116350173950195,9.999999999999964e-05,0.0128960981965065,0.19244065880775452,0.6457962989807129,1.8220216035842896,2.0943851470947266,0.5440951585769653
45,445,29925,4.459637641906738,9.999999999999964e-05,0.012206200510263443,0.1765521615743637,0.6047004461288452,1.4010144472122192,1.843286395072937,0.42187801003456116
45,470,29950,4.568384647369385,9.999999999999964e-05,0.008293548598885536,0.17165708541870117,0.5199288129806519,1.5111150741577148,1.9126009941101074,0.44478917121887207
45,495,29975,3.8936078548431396,9.999999999999964e-05,0.016074322164058685,0.14162814617156982,0.487777978181839,1.2929930686950684,1.5522596836090088,0.402874618768692
45,520,30000,4.777520179748535,9.999999999999964e-05,0.009630704298615456,0.16491523385047913,0.6831414103507996,1.511088252067566,1.939444899559021,0.469300240278244
45,545,30025,4.010746002197266,9.999999999999964e-05,0.007415127474814653,0.132809579372406,0.48582887649536133,1.3525989055633545,1.5812761783599854,0.4508172869682312
45,570,30050,4.770011901855469,9.999999999999964e-05,0.008691668510437012,0.1601494997739792,0.496202677488327,1.507195234298706,2.058696985244751,0.5390754342079163
45,595,30075,4.8526692390441895,9.999999999999964e-05,0.010491134598851204,0.17717112600803375,0.5467957854270935,1.496702790260315,2.121882915496826,0.4996258616447449
45,620,30100,4.757787704467773,9.999999999999964e-05,0.01096206996589899,0.18158631026744843,0.5671989321708679,1.6196410655975342,1.837999701499939,0.5403992533683777
45,645,30125,4.364811897277832,9.999999999999964e-05,0.007226451765745878,0.14040718972682953,0.42640069127082825,1.391187071800232,1.9377859830856323,0.46180459856987
45,670,30150,4.135768890380859,9.999999999999964e-05,0.009552396833896637,0.18114887177944183,0.5069577097892761,1.590958833694458,1.4987143278121948,0.34843671321868896
46,25,30175,4.471543312072754,9.999999999999964e-05,0.009683556854724884,0.14224053919315338,0.4739091396331787,1.4309526681900024,1.9428054094314575,0.47195178270339966
46,50,30200,4.627573490142822,9.999999999999964e-05,0.008579861372709274,0.1506984978914261,0.45885181427001953,1.516822099685669,1.9881078004837036,0.5045135617256165
46,75,30225,3.3540213108062744,9.999999999999964e-05,0.009134398773312569,0.13612833619117737,0.3719826638698578,1.2131884098052979,1.3210822343826294,0.3025051951408386
46,100,30250,4.416266918182373,9.999999999999964e-05,0.00810316763818264,0.14287148416042328,0.49777647852897644,1.50618577003479,1.9101849794387817,0.3511452078819275
46,125,30275,5.219959259033203,9.999999999999964e-05,0.010192740708589554,0.20807762444019318,0.5796101093292236,1.6409531831741333,2.280698776245117,0.5004271268844604
46,150,30300,4.8880743980407715,9.999999999999964e-05,0.012660949490964413,0.16970518231391907,0.6321640610694885,1.5271522998809814,2.059636354446411,0.48675599694252014
46,175,30325,4.913930416107178,9.999999999999964e-05,0.010286141186952591,0.20503778755664825,0.5668884515762329,1.5097033977508545,2.094348430633545,0.5276663899421692
46,200,30350,5.001841068267822,9.999999999999964e-05,0.008090409450232983,0.14358261227607727,0.5831024050712585,1.6382514238357544,2.152912139892578,0.47590187191963196
46,225,30375,4.712371349334717,9.999999999999964e-05,0.011044248007237911,0.17770616710186005,0.6715502738952637,1.5853840112686157,1.8628768920898438,0.4038100838661194
46,250,30400,4.004143238067627,9.999999999999964e-05,0.006312445271760225,0.1494123488664627,0.5381121039390564,1.2000117301940918,1.7004977464675903,0.40979665517807007
46,275,30425,5.850772857666016,9.999999999999964e-05,0.014531300403177738,0.2197146862745285,0.6601898074150085,1.8259421586990356,2.5666747093200684,0.5637209415435791
46,300,30450,4.448474884033203,9.999999999999964e-05,0.008480634540319443,0.1826414167881012,0.5137215852737427,1.4571306705474854,1.8445191383361816,0.441981703042984
46,325,30475,4.096525192260742,9.999999999999964e-05,0.006258763838559389,0.13776783645153046,0.44641008973121643,1.312342643737793,1.7947063446044922,0.3990394175052643
46,350,30500,4.9363555908203125,9.999999999999964e-05,0.010604583658277988,0.15550662577152252,0.6377391219139099,1.545275092124939,2.0982742309570312,0.48895585536956787
46,375,30525,5.353605270385742,9.999999999999964e-05,0.01153776329010725,0.20681433379650116,0.6728072762489319,1.606407642364502,2.330387592315674,0.5256508588790894
46,400,30550,4.145524978637695,9.999999999999964e-05,0.007071466185152531,0.14117911458015442,0.506841778755188,1.3254127502441406,1.7585963010787964,0.40642327070236206
46,425,30575,4.913301944732666,9.999999999999964e-05,0.009819264523684978,0.1759449988603592,0.6498973965644836,1.4072349071502686,2.2168588638305664,0.45354682207107544
46,450,30600,4.038852691650391,9.999999999999964e-05,0.00907132588326931,0.15403534471988678,0.5329498052597046,1.2374267578125,1.7078746557235718,0.3974948227405548
46,475,30625,5.836566925048828,9.999999999999964e-05,0.01500278152525425,0.27044689655303955,0.7450622916221619,1.6701397895812988,2.631178617477417,0.504736602306366
46,500,30650,4.970393180847168,9.999999999999964e-05,0.012485317885875702,0.2098528891801834,0.5132683515548706,1.5833674669265747,2.1083147525787354,0.5431042909622192
46,525,30675,4.5538859367370605,9.999999999999964e-05,0.009194406680762768,0.18184567987918854,0.5218435525894165,1.429999589920044,1.928815484046936,0.48218733072280884
46,550,30700,4.2047624588012695,9.999999999999964e-05,0.007680875714868307,0.13206002116203308,0.4540955722332001,1.3623926639556885,1.797622799873352,0.45091044902801514
46,575,30725,4.003377914428711,9.999999999999964e-05,0.010982547886669636,0.1906050741672516,0.4873692989349365,1.3934249877929688,1.54855215549469,0.37244370579719543
46,600,30750,4.128991603851318,9.999999999999964e-05,0.008187721483409405,0.13496361672878265,0.487925261259079,1.4525202512741089,1.6045187711715698,0.4408760070800781
46,625,30775,3.3518598079681396,9.999999999999964e-05,0.007194868288934231,0.11334200203418732,0.31272807717323303,1.0936154127120972,1.400780200958252,0.4241991937160492
46,650,30800,4.11385440826416,9.999999999999964e-05,0.013707391917705536,0.1772453933954239,0.45440784096717834,1.3423793315887451,1.7198950052261353,0.40621909499168396
47,5,30825,4.5479559898376465,9.999999999999964e-05,0.010256083682179451,0.1620095819234848,0.5760279297828674,1.4187989234924316,1.9506675004959106,0.43019601702690125
47,30,30850,4.916098117828369,9.999999999999964e-05,0.008538984693586826,0.1901995986700058,0.6530410647392273,1.5811269283294678,2.019354820251465,0.4638364911079407
47,55,30875,4.69898796081543,9.999999999999964e-05,0.00679188035428524,0.13639219105243683,0.535551130771637,1.6457924842834473,1.9104543924331665,0.4640057384967804
47,80,30900,5.059800148010254,9.999999999999964e-05,0.01261143945157528,0.19498787820339203,0.5680394768714905,1.8829847574234009,1.8425650596618652,0.5586113929748535
47,105,30925,4.129430770874023,9.999999999999964e-05,0.008495277725160122,0.12820948660373688,0.4900824725627899,1.4736740589141846,1.659066081047058,0.3699032962322235
47,130,30950,5.128122806549072,9.999999999999964e-05,0.01564125157892704,0.19401748478412628,0.6464434862136841,1.6413906812667847,2.122581958770752,0.5080481767654419
47,155,30975,5.284587860107422,9.999999999999964e-05,0.01128314808011055,0.18695802986621857,0.6140705347061157,1.6188892126083374,2.2691760063171387,0.5842112302780151
47,180,31000,4.093713283538818,9.999999999999964e-05,0.007210966665297747,0.14293868839740753,0.5762898921966553,1.2492353916168213,1.736895203590393,0.38114333152770996
47,205,31025,4.9389543533325195,9.999999999999964e-05,0.009589051827788353,0.15962983667850494,0.6187352538108826,1.5519180297851562,2.126396894454956,0.47268494963645935
47,230,31050,4.342040538787842,9.999999999999964e-05,0.013479302637279034,0.16535626351833344,0.4602406620979309,1.4157352447509766,1.8102731704711914,0.4769556522369385
47,255,31075,4.786849021911621,9.999999999999964e-05,0.014691953547298908,0.2052583396434784,0.6064369678497314,1.5166972875595093,1.9925448894500732,0.4512195587158203
47,280,31100,4.201898097991943,9.999999999999964e-05,0.008789239451289177,0.16387322545051575,0.5758878588676453,1.380529761314392,1.6962834596633911,0.37653452157974243
47,305,31125,5.119027137756348,9.999999999999964e-05,0.01412656344473362,0.18474081158638,0.6024426817893982,1.7011264562606812,2.046006679534912,0.5705839991569519
47,330,31150,4.786520004272461,9.999999999999964e-05,0.012928755953907967,0.18287180364131927,0.5740517973899841,1.5674275159835815,1.994275450706482,0.45496466755867004
47,355,31175,4.0925679206848145,9.999999999999964e-05,0.010534118860960007,0.13330185413360596,0.44475632905960083,1.4428651332855225,1.6615102291107178,0.3996005654335022
47,380,31200,4.97306489944458,9.999999999999964e-05,0.010051533579826355,0.19513759016990662,0.7065650224685669,1.5994678735733032,2.0334694385528564,0.4283735454082489
47,405,31225,4.9099812507629395,9.999999999999964e-05,0.010218781419098377,0.18154451251029968,0.7270987629890442,1.556836485862732,1.8922187089920044,0.5420640110969543
47,430,31250,5.418313503265381,9.999999999999964e-05,0.008867563679814339,0.19643239676952362,0.8077918291091919,1.7835890054702759,2.1216399669647217,0.49999260902404785
47,455,31275,4.77845573425293,9.999999999999964e-05,0.0081366878002882,0.14642362296581268,0.5506250262260437,1.465821385383606,2.1239774227142334,0.4834713339805603
47,480,31300,4.5960283279418945,9.999999999999964e-05,0.007661112118512392,0.15941156446933746,0.5933687686920166,1.3872578144073486,1.9891642332077026,0.45916515588760376
47,505,31325,3.668098211288452,9.999999999999964e-05,0.006739899981766939,0.14141348004341125,0.3930881917476654,1.1753524541854858,1.5511363744735718,0.40036770701408386
47,530,31350,4.428522109985352,9.999999999999964e-05,0.00808024499565363,0.16202697157859802,0.5137133002281189,1.4669687747955322,1.8770850896835327,0.4006474018096924
47,555,31375,3.9141364097595215,9.999999999999964e-05,0.010474731214344501,0.1401093602180481,0.543534517288208,1.2160773277282715,1.6200180053710938,0.3839225172996521
47,580,31400,4.074418544769287,9.999999999999964e-05,0.009623264893889427,0.151370108127594,0.5286813378334045,1.4180917739868164,1.4990044832229614,0.4676477015018463
47,605,31425,4.8825836181640625,9.999999999999964e-05,0.010105467401444912,0.1520085483789444,0.6556782126426697,1.4974828958511353,2.0582096576690674,0.5090987086296082
47,630,31450,4.716880798339844,9.999999999999964e-05,0.009401556104421616,0.17632180452346802,0.6262872815132141,1.4886537790298462,2.025627851486206,0.3905884623527527
47,655,31475,4.637314319610596,9.999999999999964e-05,0.014327696524560452,0.19079506397247314,0.6444514989852905,1.456629991531372,1.9618659019470215,0.3692436218261719
48,10,31500,4.984983444213867,9.999999999999964e-05,0.008883313275873661,0.1659507304430008,0.6866793632507324,1.6517925262451172,2.0149893760681152,0.45668816566467285
48,35,31525,4.542819499969482,9.999999999999964e-05,0.008018625900149345,0.13434302806854248,0.6593841910362244,1.4907881021499634,1.8748140335083008,0.375471830368042
48,60,31550,5.164379119873047,9.999999999999964e-05,0.012319488450884819,0.19510681927204132,0.7569392323493958,1.7024962902069092,2.102642774581909,0.3948742747306824
48,85,31575,4.3552656173706055,9.999999999999964e-05,0.01288276445120573,0.1602325290441513,0.6338373422622681,1.4173072576522827,1.8000978231430054,0.3309076726436615
48,110,31600,5.316433906555176,9.999999999999964e-05,0.011891556903719902,0.20545755326747894,0.6531332731246948,1.6572932004928589,2.2962310314178467,0.4924268126487732
48,135,31625,4.362757205963135,9.999999999999964e-05,0.00925089605152607,0.15300698578357697,0.5564970970153809,1.4957811832427979,1.69891357421875,0.4493073523044586
48,160,31650,4.954787731170654,9.999999999999964e-05,0.015807760879397392,0.22448094189167023,0.5650635361671448,1.5624617338180542,2.065338373184204,0.5216350555419922
48,185,31675,4.62523078918457,9.999999999999964e-05,0.009562297724187374,0.1756729781627655,0.583125650882721,1.5105830430984497,1.9236671924591064,0.42261964082717896
48,210,31700,4.310359954833984,9.999999999999964e-05,0.009702994488179684,0.13684512674808502,0.5205411911010742,1.339552402496338,1.8641587495803833,0.43955937027931213
48,235,31725,4.627828121185303,9.999999999999964e-05,0.009070987813174725,0.14500559866428375,0.5741928219795227,1.5218002796173096,1.9281773567199707,0.44958117604255676
48,260,31750,4.382963180541992,9.999999999999964e-05,0.006230772938579321,0.12197227776050568,0.41989657282829285,1.3182870149612427,2.034721612930298,0.48185500502586365
48,285,31775,3.4689531326293945,9.999999999999964e-05,0.011811151169240475,0.14750121533870697,0.3964032232761383,1.1264946460723877,1.4433491230010986,0.34339359402656555
48,310,31800,4.931956768035889,9.999999999999964e-05,0.008833666332066059,0.14878925681114197,0.515124499797821,1.4534852504730225,2.30816912651062,0.4975549876689911
48,335,31825,4.818627834320068,9.999999999999964e-05,0.007779264356940985,0.1643563210964203,0.6235551238059998,1.5692901611328125,1.9984288215637207,0.45521822571754456
48,360,31850,4.347023010253906,9.999999999999964e-05,0.009645768441259861,0.1401510387659073,0.45337262749671936,1.3966007232666016,1.919362187385559,0.42789044976234436
48,385,31875,4.520296096801758,9.999999999999964e-05,0.008995317853987217,0.1821526139974594,0.46953219175338745,1.584848165512085,1.7822641134262085,0.49250364303588867
48,410,31900,3.4018499851226807,9.999999999999964e-05,0.005828098393976688,0.11979007720947266,0.4473482072353363,1.1325408220291138,1.3831795454025269,0.313163161277771
48,435,31925,3.7273900508880615,9.999999999999964e-05,0.008095378056168556,0.130203515291214,0.45228704810142517,1.3102294206619263,1.4577133655548096,0.3688611686229706
48,460,31950,4.207269191741943,9.999999999999964e-05,0.011363065801560879,0.1520378142595291,0.6367682814598083,1.3503220081329346,1.6896437406539917,0.3671339154243469
48,485,31975,3.5677223205566406,9.999999999999964e-05,0.010690578259527683,0.1518639177083969,0.39714959263801575,1.2037246227264404,1.4753334522247314,0.3289603292942047
48,510,32000,3.2006163597106934,9.999999999999964e-05,0.007741809356957674,0.12258351594209671,0.32006779313087463,1.1609737873077393,1.249868631362915,0.3393806219100952
48,535,32025,4.877491474151611,9.999999999999964e-05,0.011029337532818317,0.1763135939836502,0.5842151641845703,1.4762187004089355,2.218503475189209,0.4112111032009125
48,560,32050,4.908407688140869,9.999999999999964e-05,0.011047594249248505,0.18946976959705353,0.6551401019096375,1.6292741298675537,2.0135982036590576,0.4098776876926422
48,585,32075,5.100331783294678,9.999999999999964e-05,0.012201033532619476,0.22232098877429962,0.634033203125,1.4677600860595703,2.273123264312744,0.4908933937549591
48,610,32100,5.159526348114014,9.999999999999964e-05,0.013381305150687695,0.19829195737838745,0.7567663192749023,1.563423991203308,2.086700439453125,0.5409622192382812
48,635,32125,4.32649040222168,9.999999999999964e-05,0.009709682315587997,0.16067053377628326,0.6318435668945312,1.4502917528152466,1.7440773248672485,0.32989758253097534
48,660,32150,5.079227447509766,9.999999999999964e-05,0.010673987679183483,0.16236740350723267,0.5105826258659363,1.5237705707550049,2.392611265182495,0.47922125458717346
49,15,32175,4.532649040222168,9.999999999999964e-05,0.004845803137868643,0.12708404660224915,0.5799205899238586,1.5681493282318115,1.799055576324463,0.453593373298645
49,40,32200,4.859743118286133,9.999999999999964e-05,0.01066713035106659,0.16905657947063446,0.6125867366790771,1.4312067031860352,2.1663315296173096,0.46989431977272034
49,65,32225,4.636327743530273,9.999999999999964e-05,0.008167156018316746,0.15812817215919495,0.5678497552871704,1.5090734958648682,1.9323971271514893,0.46071213483810425
49,90,32250,6.030584335327148,9.999999999999964e-05,0.01601460576057434,0.28367874026298523,0.7023290395736694,1.8505275249481201,2.646350622177124,0.5316838026046753
49,115,32275,3.595973253250122,9.999999999999964e-05,0.006223875097930431,0.1276555210351944,0.41318070888519287,1.2205402851104736,1.412445068359375,0.41592761874198914
49,140,32300,4.673370838165283,9.999999999999964e-05,0.0069443052634596825,0.13480328023433685,0.5885495543479919,1.4384996891021729,1.987168788909912,0.5174050331115723
49,165,32325,3.654320001602173,9.999999999999964e-05,0.011036541312932968,0.19866609573364258,0.569793164730072,1.2279248237609863,1.377845287322998,0.26905393600463867
49,190,32350,4.963418960571289,9.999999999999964e-05,0.00963610876351595,0.1568501889705658,0.6093034744262695,1.6912869215011597,1.9499667882919312,0.5463753342628479
49,215,32375,5.1964006423950195,9.999999999999964e-05,0.01327223889529705,0.21485432982444763,0.6906891465187073,1.7593905925750732,2.0302343368530273,0.4879603683948517
49,240,32400,4.141907691955566,9.999999999999964e-05,0.006497320253401995,0.13491292297840118,0.464133620262146,1.2677538394927979,1.8560352325439453,0.41257503628730774
49,265,32425,4.452291965484619,9.999999999999964e-05,0.010138839483261108,0.15624795854091644,0.4828263521194458,1.3094151020050049,2.1050684452056885,0.38859492540359497
49,290,32450,4.6132965087890625,9.999999999999964e-05,0.013178675435483456,0.18177101016044617,0.4856136739253998,1.5439229011535645,1.9390658140182495,0.44974425435066223
49,315,32475,5.388349533081055,9.999999999999964e-05,0.01283708494156599,0.24076829850673676,0.7714357972145081,1.6683701276779175,2.186211585998535,0.5087264776229858
49,340,32500,4.338827133178711,9.999999999999964e-05,0.009908071719110012,0.15978269279003143,0.5395296216011047,1.456485390663147,1.7262524366378784,0.4468689262866974
49,365,32525,4.255756378173828,9.999999999999964e-05,0.00795770063996315,0.16283656656742096,0.41070833802223206,1.3812419176101685,1.8930624723434448,0.39994969964027405
49,390,32550,4.23109769821167,9.999999999999964e-05,0.008352234959602356,0.16849198937416077,0.4186061918735504,1.2972854375839233,1.9391034841537476,0.399258553981781
49,415,32575,3.884281635284424,9.999999999999964e-05,0.006548433098942041,0.1282907873392105,0.47723016142845154,1.2664504051208496,1.601989507675171,0.40377238392829895
49,440,32600,4.779016971588135,9.999999999999964e-05,0.008685545064508915,0.16177944839000702,0.6134184002876282,1.585495948791504,1.9222992658615112,0.4873383641242981
49,465,32625,4.971628189086914,9.999999999999964e-05,0.014075478538870811,0.17884819209575653,0.5886556506156921,1.6210521459579468,2.0976080894470215,0.4713882505893707
49,490,32650,4.084840774536133,9.999999999999964e-05,0.007676457520574331,0.127934530377388,0.4164307415485382,1.2593399286270142,1.8477479219436646,0.4257112443447113
49,515,32675,4.982969284057617,9.999999999999964e-05,0.011890209279954433,0.15528513491153717,0.6873072385787964,1.612091302871704,2.0265235900878906,0.4898717701435089
49,540,32700,5.435674667358398,9.999999999999964e-05,0.010073740966618061,0.21086043119430542,0.5900012850761414,1.7254520654678345,2.330564022064209,0.568722665309906
49,565,32725,4.12714958190918,9.999999999999964e-05,0.008816821500658989,0.12030050903558731,0.40833592414855957,1.2988206148147583,1.9122191667556763,0.37865614891052246
49,590,32750,5.2135396003723145,9.999999999999964e-05,0.011565331369638443,0.2209804207086563,0.6097111701965332,1.7314108610153198,2.1635074615478516,0.47636398673057556
49,615,32775,4.351441860198975,9.999999999999964e-05,0.014536476694047451,0.1790340393781662,0.5693030953407288,1.3529863357543945,1.802933931350708,0.4326481521129608
49,640,32800,5.795107841491699,9.999999999999964e-05,0.012847287580370903,0.20906591415405273,0.7334151268005371,1.8569601774215698,2.411036252975464,0.5717828869819641
49,665,32825,3.2948098182678223,9.999999999999964e-05,0.006425717379897833,0.1582120656967163,0.3744179606437683,1.1294797658920288,1.336712121963501,0.2895621061325073
50,20,32850,3.931534767150879,9.999999999999964e-05,0.00818625744432211,0.12075057625770569,0.4441365897655487,1.3497114181518555,1.635285496711731,0.37346431612968445
50,45,32875,3.679400682449341,9.999999999999964e-05,0.009625221602618694,0.12811529636383057,0.4828769266605377,1.23226797580719,1.399857759475708,0.42665761709213257
50,70,32900,4.458179473876953,9.999999999999964e-05,0.008279075846076012,0.18495647609233856,0.595085084438324,1.3558218479156494,1.8505884408950806,0.4634484052658081
50,95,32925,4.580868244171143,9.999999999999964e-05,0.010436021722853184,0.21894995868206024,0.5128082036972046,1.3673667907714844,1.9665510654449463,0.5047562122344971
50,120,32950,5.125227451324463,9.999999999999964e-05,0.00858771800994873,0.17799320816993713,0.501793384552002,1.5865033864974976,2.268044948577881,0.5823047161102295
50,145,32975,4.908563137054443,9.999999999999964e-05,0.010446206666529179,0.19914017617702484,0.562959611415863,1.533847689628601,2.0794155597686768,0.5227540731430054
50,170,33000,5.056395530700684,9.999999999999964e-05,0.02014319971203804,0.2499706745147705,0.4923231601715088,1.773868441581726,2.0591204166412354,0.4609697461128235
50,195,33025,4.296161651611328,9.999999999999964e-05,0.011149554513394833,0.13512741029262543,0.4514153301715851,1.5175048112869263,1.7737210988998413,0.40724360942840576
50,220,33050,4.3804521560668945,9.999999999999964e-05,0.005244901403784752,0.15195654332637787,0.4301545321941376,1.4791226387023926,1.8645155429840088,0.4494578540325165
50,245,33075,4.043533802032471,9.999999999999964e-05,0.008719446137547493,0.13718955218791962,0.39116236567497253,1.3314313888549805,1.714316487312317,0.4607144594192505
50,270,33100,4.205350875854492,9.999999999999964e-05,0.008397928439080715,0.15712323784828186,0.47333523631095886,1.440299153327942,1.7214000225067139,0.40479525923728943
50,295,33125,4.520641326904297,9.999999999999964e-05,0.016433289274573326,0.17889757454395294,0.594918966293335,1.3978978395462036,1.862027645111084,0.4704655706882477
50,320,33150,4.792088508605957,9.999999999999964e-05,0.00759535189718008,0.14954037964344025,0.583312451839447,1.5577014684677124,1.9855421781539917,0.5083972811698914
50,345,33175,4.764901161193848,9.999999999999964e-05,0.010347669944167137,0.19441640377044678,0.4824897050857544,1.3154412508010864,2.226311683654785,0.5358944535255432
50,370,33200,4.8196492195129395,9.999999999999964e-05,0.008031873032450676,0.15618276596069336,0.5236440896987915,1.4928194284439087,2.143376588821411,0.49559465050697327
50,395,33225,5.045673370361328,9.999999999999964e-05,0.012150951661169529,0.19860941171646118,0.6347954273223877,1.4760048389434814,2.2507102489471436,0.47340264916419983
50,420,33250,4.38480806350708,9.999999999999964e-05,0.011548656038939953,0.13802412152290344,0.5033487677574158,1.467533826828003,1.7938159704208374,0.47053682804107666
50,445,33275,4.660013198852539,9.999999999999964e-05,0.00777029013261199,0.16629798710346222,0.5632829666137695,1.4895797967910767,2.0053722858428955,0.42770975828170776
50,470,33300,4.736839771270752,9.999999999999964e-05,0.011580940335988998,0.19122260808944702,0.639376699924469,1.5521173477172852,1.828428864479065,0.5141129493713379
50,495,33325,5.604833602905273,9.999999999999964e-05,0.009361688047647476,0.2281549870967865,0.8072732090950012,1.6153987646102905,2.42623233795166,0.5184124708175659
50,520,33350,5.702124118804932,9.999999999999964e-05,0.01387250516563654,0.2216339111328125,0.7575553059577942,1.8091994524002075,2.3233211040496826,0.576541543006897
50,545,33375,4.287986755371094,9.999999999999964e-05,0.006790393032133579,0.1409849375486374,0.6197317838668823,1.3804041147232056,1.7490864992141724,0.39098939299583435
50,570,33400,4.192924976348877,9.999999999999964e-05,0.010203080251812935,0.1592845320701599,0.5481191873550415,1.220890998840332,1.8605417013168335,0.3938853144645691
50,595,33425,4.639610767364502,9.999999999999964e-05,0.012495853006839752,0.22852261364459991,0.5764309167861938,1.5849400758743286,1.7942228317260742,0.4429985582828522
50,620,33450,3.6758108139038086,9.999999999999964e-05,0.0073376367799937725,0.10919401794672012,0.452239453792572,1.2621322870254517,1.466884970664978,0.3780224621295929
50,645,33475,3.99453067779541,9.999999999999964e-05,0.007720161695033312,0.13292987644672394,0.5204806327819824,1.3424497842788696,1.5697394609451294,0.42121052742004395
50,670,33500,3.9784743785858154,9.999999999999964e-05,0.006566400174051523,0.12315572798252106,0.4398820996284485,1.2614072561264038,1.805798053741455,0.34166473150253296
