2026-04-19 22:58:45,237 | INFO | run_dir=/mntdatalora/src/Music-Intelligence/outputs/multitrack_generation/runs/full_transformer
2026-04-19 22:58:45,238 | INFO | processed_dir=/mntdatalora/src/Music-Intelligence/data/automatic_music_instrumentation/processed
2026-04-19 22:58:45,238 | INFO | train_files=10717 valid_files=2734
2026-04-19 22:58:45,238 | INFO | device=cuda model=full positional_mode=sequence
2026-04-19 22:58:45,782 | INFO | parameters=19344804
2026-04-19 22:58:46,663 | INFO | epoch=1/50
2026-04-19 22:58:54,711 | INFO | step=1 train_loss=27.640223 lr=0.00001009
2026-04-19 22:58:58,549 | INFO | step=25 train_loss=18.229883 lr=0.00001225
2026-04-19 22:59:00,585 | INFO | step=50 train_loss=17.035036 lr=0.00001450
2026-04-19 22:59:02,305 | INFO | step=75 train_loss=15.581408 lr=0.00001675
2026-04-19 22:59:04,148 | INFO | step=100 train_loss=15.035000 lr=0.00001900
2026-04-19 22:59:05,994 | INFO | step=125 train_loss=14.144860 lr=0.00002125
2026-04-19 22:59:07,792 | INFO | step=150 train_loss=14.330626 lr=0.00002350
2026-04-19 22:59:09,749 | INFO | step=175 train_loss=13.936348 lr=0.00002575
2026-04-19 22:59:11,701 | INFO | step=200 train_loss=13.667795 lr=0.00002800
2026-04-19 22:59:13,602 | INFO | step=225 train_loss=13.312886 lr=0.00003025
2026-04-19 22:59:15,486 | INFO | step=250 train_loss=13.065915 lr=0.00003250
2026-04-19 22:59:17,330 | INFO | step=275 train_loss=12.486609 lr=0.00003475
2026-04-19 22:59:19,230 | INFO | step=300 train_loss=12.747100 lr=0.00003700
2026-04-19 22:59:21,283 | INFO | step=325 train_loss=12.104174 lr=0.00003925
2026-04-19 22:59:23,123 | INFO | step=350 train_loss=12.292032 lr=0.00004150
2026-04-19 22:59:24,932 | INFO | step=375 train_loss=11.618376 lr=0.00004375
2026-04-19 22:59:26,711 | INFO | step=400 train_loss=10.310499 lr=0.00004600
2026-04-19 22:59:28,641 | INFO | step=425 train_loss=11.027688 lr=0.00004825
2026-04-19 22:59:30,508 | INFO | step=450 train_loss=10.529968 lr=0.00005050
2026-04-19 22:59:32,254 | INFO | step=475 train_loss=10.910811 lr=0.00005275
2026-04-19 22:59:34,062 | INFO | step=500 train_loss=10.059990 lr=0.00005500
2026-04-19 22:59:36,079 | INFO | step=525 train_loss=10.710938 lr=0.00005725
2026-04-19 22:59:37,905 | INFO | step=550 train_loss=9.669530 lr=0.00005950
2026-04-19 22:59:39,716 | INFO | step=575 train_loss=10.231365 lr=0.00006175
2026-04-19 22:59:41,547 | INFO | step=600 train_loss=10.514986 lr=0.00006400
2026-04-19 22:59:43,391 | INFO | step=625 train_loss=9.687296 lr=0.00006625
2026-04-19 22:59:45,288 | INFO | step=650 train_loss=9.549595 lr=0.00006850
2026-04-19 22:59:46,812 | INFO | epoch=2/50
2026-04-19 22:59:47,524 | INFO | step=675 train_loss=9.348141 lr=0.00007075
2026-04-19 22:59:49,434 | INFO | step=700 train_loss=9.469010 lr=0.00007300
2026-04-19 22:59:51,317 | INFO | step=725 train_loss=8.814591 lr=0.00007525
2026-04-19 22:59:53,192 | INFO | step=750 train_loss=9.544896 lr=0.00007750
2026-04-19 22:59:55,206 | INFO | step=775 train_loss=9.907426 lr=0.00007975
2026-04-19 22:59:56,952 | INFO | step=800 train_loss=9.526865 lr=0.00008200
2026-04-19 22:59:58,725 | INFO | step=825 train_loss=9.553409 lr=0.00008425
2026-04-19 23:00:00,635 | INFO | step=850 train_loss=8.824788 lr=0.00008650
2026-04-19 23:00:02,541 | INFO | step=875 train_loss=8.932920 lr=0.00008875
2026-04-19 23:00:04,485 | INFO | step=900 train_loss=9.516446 lr=0.00009100
2026-04-19 23:00:06,293 | INFO | step=925 train_loss=9.440561 lr=0.00009325
2026-04-19 23:00:08,099 | INFO | step=950 train_loss=8.629312 lr=0.00009550
2026-04-19 23:00:10,173 | INFO | step=975 train_loss=9.384529 lr=0.00009775
2026-04-19 23:00:12,064 | INFO | step=1000 train_loss=9.394175 lr=0.00010000
2026-04-19 23:00:23,735 | INFO | new_best step=1000 val_loss=8.534895 val_accuracy=0.598123
2026-04-19 23:00:25,609 | INFO | step=1025 train_loss=8.742509 lr=0.00010000
2026-04-19 23:00:27,397 | INFO | step=1050 train_loss=9.424550 lr=0.00010000
2026-04-19 23:00:29,196 | INFO | step=1075 train_loss=8.415909 lr=0.00010000
2026-04-19 23:00:31,122 | INFO | step=1100 train_loss=9.294661 lr=0.00010000
2026-04-19 23:00:32,969 | INFO | step=1125 train_loss=9.408256 lr=0.00010000
2026-04-19 23:00:34,765 | INFO | step=1150 train_loss=8.404377 lr=0.00010000
2026-04-19 23:00:36,664 | INFO | step=1175 train_loss=9.192159 lr=0.00010000
2026-04-19 23:00:38,679 | INFO | step=1200 train_loss=9.057885 lr=0.00010000
2026-04-19 23:00:40,432 | INFO | step=1225 train_loss=8.919027 lr=0.00010000
2026-04-19 23:00:42,433 | INFO | step=1250 train_loss=8.528609 lr=0.00010000
2026-04-19 23:00:44,295 | INFO | step=1275 train_loss=8.111258 lr=0.00010000
2026-04-19 23:00:46,146 | INFO | step=1300 train_loss=8.972199 lr=0.00010000
2026-04-19 23:00:48,019 | INFO | step=1325 train_loss=8.420086 lr=0.00010000
2026-04-19 23:00:49,208 | INFO | epoch=3/50
2026-04-19 23:00:50,410 | INFO | step=1350 train_loss=7.994161 lr=0.00010000
2026-04-19 23:00:52,215 | INFO | step=1375 train_loss=8.296721 lr=0.00010000
2026-04-19 23:00:54,164 | INFO | step=1400 train_loss=9.370364 lr=0.00010000
2026-04-19 23:00:55,999 | INFO | step=1425 train_loss=8.118069 lr=0.00010000
2026-04-19 23:00:58,059 | INFO | step=1450 train_loss=7.400485 lr=0.00010000
2026-04-19 23:01:00,002 | INFO | step=1475 train_loss=7.562528 lr=0.00010000
2026-04-19 23:01:01,873 | INFO | step=1500 train_loss=8.069698 lr=0.00010000
2026-04-19 23:01:03,932 | INFO | step=1525 train_loss=7.973099 lr=0.00010000
2026-04-19 23:01:05,717 | INFO | step=1550 train_loss=8.015620 lr=0.00010000
2026-04-19 23:01:07,476 | INFO | step=1575 train_loss=8.262472 lr=0.00010000
2026-04-19 23:01:09,315 | INFO | step=1600 train_loss=8.875938 lr=0.00010000
2026-04-19 23:01:11,313 | INFO | step=1625 train_loss=8.388610 lr=0.00010000
2026-04-19 23:01:13,261 | INFO | step=1650 train_loss=7.544690 lr=0.00010000
2026-04-19 23:01:15,081 | INFO | step=1675 train_loss=8.303493 lr=0.00010000
2026-04-19 23:01:16,878 | INFO | step=1700 train_loss=8.702130 lr=0.00010000
2026-04-19 23:01:18,729 | INFO | step=1725 train_loss=8.794772 lr=0.00010000
2026-04-19 23:01:20,657 | INFO | step=1750 train_loss=8.040162 lr=0.00010000
2026-04-19 23:01:22,539 | INFO | step=1775 train_loss=8.731768 lr=0.00010000
2026-04-19 23:01:24,530 | INFO | step=1800 train_loss=8.195998 lr=0.00010000
2026-04-19 23:01:26,403 | INFO | step=1825 train_loss=7.947230 lr=0.00010000
2026-04-19 23:01:28,273 | INFO | step=1850 train_loss=8.449799 lr=0.00010000
2026-04-19 23:01:30,357 | INFO | step=1875 train_loss=8.214384 lr=0.00010000
2026-04-19 23:01:32,157 | INFO | step=1900 train_loss=7.998875 lr=0.00010000
2026-04-19 23:01:34,108 | INFO | step=1925 train_loss=6.788479 lr=0.00010000
2026-04-19 23:01:35,888 | INFO | step=1950 train_loss=7.432702 lr=0.00010000
2026-04-19 23:01:37,678 | INFO | step=1975 train_loss=8.266944 lr=0.00010000
2026-04-19 23:01:39,519 | INFO | step=2000 train_loss=8.745283 lr=0.00010000
2026-04-19 23:01:47,697 | INFO | new_best step=2000 val_loss=7.525703 val_accuracy=0.633980
2026-04-19 23:01:48,511 | INFO | epoch=4/50
2026-04-19 23:01:50,024 | INFO | step=2025 train_loss=8.275744 lr=0.00010000
2026-04-19 23:01:52,088 | INFO | step=2050 train_loss=8.338571 lr=0.00010000
2026-04-19 23:01:53,992 | INFO | step=2075 train_loss=8.296472 lr=0.00010000
2026-04-19 23:01:55,802 | INFO | step=2100 train_loss=8.358634 lr=0.00010000
2026-04-19 23:01:57,694 | INFO | step=2125 train_loss=8.552320 lr=0.00010000
2026-04-19 23:01:59,591 | INFO | step=2150 train_loss=7.597921 lr=0.00010000
2026-04-19 23:02:01,498 | INFO | step=2175 train_loss=7.974157 lr=0.00010000
2026-04-19 23:02:03,628 | INFO | step=2200 train_loss=7.367684 lr=0.00010000
2026-04-19 23:02:05,437 | INFO | step=2225 train_loss=6.307833 lr=0.00010000
2026-04-19 23:02:07,334 | INFO | step=2250 train_loss=7.567686 lr=0.00010000
2026-04-19 23:02:09,284 | INFO | step=2275 train_loss=8.373296 lr=0.00010000
2026-04-19 23:02:11,095 | INFO | step=2300 train_loss=7.271901 lr=0.00010000
2026-04-19 23:02:12,886 | INFO | step=2325 train_loss=8.232131 lr=0.00010000
2026-04-19 23:02:14,726 | INFO | step=2350 train_loss=7.635850 lr=0.00010000
2026-04-19 23:02:16,777 | INFO | step=2375 train_loss=7.838995 lr=0.00010000
2026-04-19 23:02:18,790 | INFO | step=2400 train_loss=7.368747 lr=0.00010000
2026-04-19 23:02:20,825 | INFO | step=2425 train_loss=7.625655 lr=0.00010000
2026-04-19 23:02:22,596 | INFO | step=2450 train_loss=7.703969 lr=0.00010000
2026-04-19 23:02:24,580 | INFO | step=2475 train_loss=7.423944 lr=0.00010000
2026-04-19 23:02:26,519 | INFO | step=2500 train_loss=6.690100 lr=0.00010000
2026-04-19 23:02:28,366 | INFO | step=2525 train_loss=7.507548 lr=0.00010000
2026-04-19 23:02:30,098 | INFO | step=2550 train_loss=7.489600 lr=0.00010000
2026-04-19 23:02:32,118 | INFO | step=2575 train_loss=7.263528 lr=0.00010000
2026-04-19 23:02:34,001 | INFO | step=2600 train_loss=6.644878 lr=0.00010000
2026-04-19 23:02:35,907 | INFO | step=2625 train_loss=6.870625 lr=0.00010000
2026-04-19 23:02:37,734 | INFO | step=2650 train_loss=6.971632 lr=0.00010000
2026-04-19 23:02:39,478 | INFO | step=2675 train_loss=7.766908 lr=0.00010000
2026-04-19 23:02:39,870 | INFO | epoch=5/50
2026-04-19 23:02:41,702 | INFO | step=2700 train_loss=7.805145 lr=0.00010000
2026-04-19 23:02:43,653 | INFO | step=2725 train_loss=7.864956 lr=0.00010000
2026-04-19 23:02:45,557 | INFO | step=2750 train_loss=7.674281 lr=0.00010000
2026-04-19 23:02:47,328 | INFO | step=2775 train_loss=8.108062 lr=0.00010000
2026-04-19 23:02:49,138 | INFO | step=2800 train_loss=7.137381 lr=0.00010000
2026-04-19 23:02:50,937 | INFO | step=2825 train_loss=7.308266 lr=0.00010000
2026-04-19 23:02:52,811 | INFO | step=2850 train_loss=7.378128 lr=0.00010000
2026-04-19 23:02:54,664 | INFO | step=2875 train_loss=7.391273 lr=0.00010000
2026-04-19 23:02:56,513 | INFO | step=2900 train_loss=7.406556 lr=0.00010000
2026-04-19 23:02:58,436 | INFO | step=2925 train_loss=7.709517 lr=0.00010000
2026-04-19 23:03:00,479 | INFO | step=2950 train_loss=7.170590 lr=0.00010000
2026-04-19 23:03:02,331 | INFO | step=2975 train_loss=7.841217 lr=0.00010000
2026-04-19 23:03:04,356 | INFO | step=3000 train_loss=7.793508 lr=0.00010000
2026-04-19 23:03:12,205 | INFO | new_best step=3000 val_loss=7.087790 val_accuracy=0.656396
2026-04-19 23:03:14,112 | INFO | step=3025 train_loss=7.133350 lr=0.00010000
2026-04-19 23:03:15,915 | INFO | step=3050 train_loss=7.105865 lr=0.00010000
2026-04-19 23:03:17,762 | INFO | step=3075 train_loss=7.599829 lr=0.00010000
2026-04-19 23:03:19,701 | INFO | step=3100 train_loss=6.698416 lr=0.00010000
2026-04-19 23:03:21,513 | INFO | step=3125 train_loss=7.029434 lr=0.00010000
2026-04-19 23:03:23,534 | INFO | step=3150 train_loss=7.672961 lr=0.00010000
2026-04-19 23:03:25,486 | INFO | step=3175 train_loss=7.627227 lr=0.00010000
2026-04-19 23:03:27,224 | INFO | step=3200 train_loss=7.261418 lr=0.00010000
2026-04-19 23:03:29,030 | INFO | step=3225 train_loss=7.191526 lr=0.00010000
2026-04-19 23:03:30,868 | INFO | step=3250 train_loss=7.380437 lr=0.00010000
2026-04-19 23:03:32,715 | INFO | step=3275 train_loss=7.769183 lr=0.00010000
2026-04-19 23:03:34,505 | INFO | step=3300 train_loss=7.363978 lr=0.00010000
2026-04-19 23:03:36,416 | INFO | step=3325 train_loss=7.576177 lr=0.00010000
2026-04-19 23:03:38,130 | INFO | step=3350 train_loss=7.564643 lr=0.00010000
2026-04-19 23:03:38,308 | INFO | epoch=6/50
2026-04-19 23:03:40,495 | INFO | step=3375 train_loss=8.022537 lr=0.00010000
2026-04-19 23:03:42,337 | INFO | step=3400 train_loss=7.750782 lr=0.00010000
2026-04-19 23:03:44,192 | INFO | step=3425 train_loss=7.422021 lr=0.00010000
2026-04-19 23:03:46,035 | INFO | step=3450 train_loss=7.062965 lr=0.00010000
2026-04-19 23:03:47,960 | INFO | step=3475 train_loss=7.203774 lr=0.00010000
2026-04-19 23:03:49,840 | INFO | step=3500 train_loss=6.814903 lr=0.00010000
2026-04-19 23:03:51,759 | INFO | step=3525 train_loss=7.409696 lr=0.00010000
2026-04-19 23:03:53,608 | INFO | step=3550 train_loss=7.293645 lr=0.00010000
2026-04-19 23:03:55,533 | INFO | step=3575 train_loss=7.144199 lr=0.00010000
2026-04-19 23:03:57,368 | INFO | step=3600 train_loss=7.552660 lr=0.00010000
2026-04-19 23:03:59,267 | INFO | step=3625 train_loss=7.578603 lr=0.00010000
2026-04-19 23:04:01,155 | INFO | step=3650 train_loss=7.528190 lr=0.00010000
2026-04-19 23:04:02,943 | INFO | step=3675 train_loss=7.548698 lr=0.00010000
2026-04-19 23:04:04,619 | INFO | step=3700 train_loss=7.152308 lr=0.00010000
2026-04-19 23:04:06,521 | INFO | step=3725 train_loss=6.310291 lr=0.00010000
2026-04-19 23:04:08,233 | INFO | step=3750 train_loss=7.741609 lr=0.00010000
2026-04-19 23:04:10,246 | INFO | step=3775 train_loss=7.766494 lr=0.00010000
2026-04-19 23:04:12,101 | INFO | step=3800 train_loss=6.912711 lr=0.00010000
2026-04-19 23:04:13,802 | INFO | step=3825 train_loss=7.525114 lr=0.00010000
2026-04-19 23:04:15,733 | INFO | step=3850 train_loss=8.073556 lr=0.00010000
2026-04-19 23:04:18,193 | INFO | step=3875 train_loss=6.415174 lr=0.00010000
2026-04-19 23:04:19,966 | INFO | step=3900 train_loss=6.945521 lr=0.00010000
2026-04-19 23:04:21,837 | INFO | step=3925 train_loss=7.225816 lr=0.00010000
2026-04-19 23:04:23,627 | INFO | step=3950 train_loss=6.796766 lr=0.00010000
2026-04-19 23:04:25,490 | INFO | step=3975 train_loss=6.977957 lr=0.00010000
2026-04-19 23:04:27,442 | INFO | step=4000 train_loss=6.948466 lr=0.00010000
2026-04-19 23:04:34,969 | INFO | new_best step=4000 val_loss=6.693691 val_accuracy=0.675307
2026-04-19 23:04:36,458 | INFO | epoch=7/50
2026-04-19 23:04:37,186 | INFO | step=4025 train_loss=8.197739 lr=0.00010000
2026-04-19 23:04:39,102 | INFO | step=4050 train_loss=6.838006 lr=0.00010000
2026-04-19 23:04:40,971 | INFO | step=4075 train_loss=5.888875 lr=0.00010000
2026-04-19 23:04:42,908 | INFO | step=4100 train_loss=7.114722 lr=0.00010000
2026-04-19 23:04:44,851 | INFO | step=4125 train_loss=6.810836 lr=0.00010000
2026-04-19 23:04:46,672 | INFO | step=4150 train_loss=6.624970 lr=0.00010000
2026-04-19 23:04:48,414 | INFO | step=4175 train_loss=6.644184 lr=0.00010000
2026-04-19 23:04:50,317 | INFO | step=4200 train_loss=6.620888 lr=0.00010000
2026-04-19 23:04:52,041 | INFO | step=4225 train_loss=6.371476 lr=0.00010000
2026-04-19 23:04:53,900 | INFO | step=4250 train_loss=7.400909 lr=0.00010000
2026-04-19 23:04:55,892 | INFO | step=4275 train_loss=7.217549 lr=0.00010000
2026-04-19 23:04:57,859 | INFO | step=4300 train_loss=6.877635 lr=0.00010000
2026-04-19 23:04:59,850 | INFO | step=4325 train_loss=5.934207 lr=0.00010000
2026-04-19 23:05:01,678 | INFO | step=4350 train_loss=7.470786 lr=0.00010000
2026-04-19 23:05:03,511 | INFO | step=4375 train_loss=6.557907 lr=0.00010000
2026-04-19 23:05:05,285 | INFO | step=4400 train_loss=6.754612 lr=0.00010000
2026-04-19 23:05:07,187 | INFO | step=4425 train_loss=6.767441 lr=0.00010000
2026-04-19 23:05:09,078 | INFO | step=4450 train_loss=6.938868 lr=0.00010000
2026-04-19 23:05:10,716 | INFO | step=4475 train_loss=7.696937 lr=0.00010000
2026-04-19 23:05:12,532 | INFO | step=4500 train_loss=7.518746 lr=0.00010000
2026-04-19 23:05:14,276 | INFO | step=4525 train_loss=7.342985 lr=0.00010000
2026-04-19 23:05:16,179 | INFO | step=4550 train_loss=6.998436 lr=0.00010000
2026-04-19 23:05:18,042 | INFO | step=4575 train_loss=6.858817 lr=0.00010000
2026-04-19 23:05:19,853 | INFO | step=4600 train_loss=7.579761 lr=0.00010000
2026-04-19 23:05:21,741 | INFO | step=4625 train_loss=6.711038 lr=0.00010000
2026-04-19 23:05:23,523 | INFO | step=4650 train_loss=7.497536 lr=0.00010000
2026-04-19 23:05:25,377 | INFO | step=4675 train_loss=6.652812 lr=0.00010000
2026-04-19 23:05:26,496 | INFO | epoch=8/50
2026-04-19 23:05:27,621 | INFO | step=4700 train_loss=6.269296 lr=0.00010000
2026-04-19 23:05:29,462 | INFO | step=4725 train_loss=6.534060 lr=0.00010000
2026-04-19 23:05:31,456 | INFO | step=4750 train_loss=7.538639 lr=0.00010000
2026-04-19 23:05:33,349 | INFO | step=4775 train_loss=7.969151 lr=0.00010000
2026-04-19 23:05:35,324 | INFO | step=4800 train_loss=7.572347 lr=0.00010000
2026-04-19 23:05:37,119 | INFO | step=4825 train_loss=7.150856 lr=0.00010000
2026-04-19 23:05:38,867 | INFO | step=4850 train_loss=6.723978 lr=0.00010000
2026-04-19 23:05:40,637 | INFO | step=4875 train_loss=7.266499 lr=0.00010000
2026-04-19 23:05:42,528 | INFO | step=4900 train_loss=6.519887 lr=0.00010000
2026-04-19 23:05:44,268 | INFO | step=4925 train_loss=6.421762 lr=0.00010000
2026-04-19 23:05:45,997 | INFO | step=4950 train_loss=6.776097 lr=0.00010000
2026-04-19 23:05:47,900 | INFO | step=4975 train_loss=7.079811 lr=0.00010000
2026-04-19 23:05:49,717 | INFO | step=5000 train_loss=6.992375 lr=0.00010000
2026-04-19 23:05:57,331 | INFO | new_best step=5000 val_loss=6.311512 val_accuracy=0.694974
2026-04-19 23:05:59,120 | INFO | step=5025 train_loss=7.295871 lr=0.00010000
2026-04-19 23:06:00,987 | INFO | step=5050 train_loss=6.611116 lr=0.00010000
2026-04-19 23:06:02,944 | INFO | step=5075 train_loss=6.913287 lr=0.00010000
2026-04-19 23:06:04,864 | INFO | step=5100 train_loss=5.472053 lr=0.00010000
2026-04-19 23:06:06,715 | INFO | step=5125 train_loss=6.484769 lr=0.00010000
2026-04-19 23:06:08,480 | INFO | step=5150 train_loss=5.864425 lr=0.00010000
2026-04-19 23:06:10,322 | INFO | step=5175 train_loss=7.441303 lr=0.00010000
2026-04-19 23:06:12,336 | INFO | step=5200 train_loss=6.659788 lr=0.00010000
2026-04-19 23:06:14,143 | INFO | step=5225 train_loss=5.713796 lr=0.00010000
2026-04-19 23:06:16,008 | INFO | step=5250 train_loss=7.008205 lr=0.00010000
2026-04-19 23:06:17,756 | INFO | step=5275 train_loss=7.332131 lr=0.00010000
2026-04-19 23:06:19,597 | INFO | step=5300 train_loss=7.268684 lr=0.00010000
2026-04-19 23:06:21,420 | INFO | step=5325 train_loss=6.247557 lr=0.00010000
2026-04-19 23:06:23,329 | INFO | step=5350 train_loss=6.700499 lr=0.00010000
2026-04-19 23:06:24,049 | INFO | epoch=9/50
2026-04-19 23:06:25,550 | INFO | step=5375 train_loss=6.425649 lr=0.00010000
2026-04-19 23:06:27,366 | INFO | step=5400 train_loss=6.417615 lr=0.00010000
2026-04-19 23:06:29,142 | INFO | step=5425 train_loss=6.652075 lr=0.00010000
2026-04-19 23:06:30,982 | INFO | step=5450 train_loss=5.884221 lr=0.00010000
2026-04-19 23:06:32,809 | INFO | step=5475 train_loss=6.300918 lr=0.00010000
2026-04-19 23:06:34,718 | INFO | step=5500 train_loss=6.205137 lr=0.00010000
2026-04-19 23:06:36,407 | INFO | step=5525 train_loss=6.139644 lr=0.00010000
2026-04-19 23:06:38,046 | INFO | step=5550 train_loss=7.105202 lr=0.00010000
2026-04-19 23:06:39,818 | INFO | step=5575 train_loss=6.878467 lr=0.00010000
2026-04-19 23:06:41,671 | INFO | step=5600 train_loss=6.859483 lr=0.00010000
2026-04-19 23:06:43,604 | INFO | step=5625 train_loss=6.623498 lr=0.00010000
2026-04-19 23:06:45,315 | INFO | step=5650 train_loss=6.548132 lr=0.00010000
2026-04-19 23:06:47,254 | INFO | step=5675 train_loss=7.538928 lr=0.00010000
2026-04-19 23:06:49,052 | INFO | step=5700 train_loss=6.555114 lr=0.00010000
2026-04-19 23:06:50,690 | INFO | step=5725 train_loss=7.482434 lr=0.00010000
2026-04-19 23:06:52,342 | INFO | step=5750 train_loss=6.594119 lr=0.00010000
2026-04-19 23:06:54,256 | INFO | step=5775 train_loss=6.798147 lr=0.00010000
2026-04-19 23:06:56,090 | INFO | step=5800 train_loss=7.523418 lr=0.00010000
2026-04-19 23:06:57,952 | INFO | step=5825 train_loss=5.977000 lr=0.00010000
2026-04-19 23:06:59,696 | INFO | step=5850 train_loss=6.840870 lr=0.00010000
2026-04-19 23:07:01,618 | INFO | step=5875 train_loss=7.028308 lr=0.00010000
2026-04-19 23:07:03,326 | INFO | step=5900 train_loss=7.537316 lr=0.00010000
2026-04-19 23:07:05,138 | INFO | step=5925 train_loss=6.715308 lr=0.00010000
2026-04-19 23:07:06,964 | INFO | step=5950 train_loss=7.005003 lr=0.00010000
2026-04-19 23:07:08,807 | INFO | step=5975 train_loss=7.019849 lr=0.00010000
2026-04-19 23:07:10,586 | INFO | step=6000 train_loss=6.171024 lr=0.00010000
2026-04-19 23:07:18,046 | INFO | new_best step=6000 val_loss=6.035421 val_accuracy=0.710437
2026-04-19 23:07:19,829 | INFO | step=6025 train_loss=5.790711 lr=0.00010000
2026-04-19 23:07:20,216 | INFO | epoch=10/50
2026-04-19 23:07:22,108 | INFO | step=6050 train_loss=5.870267 lr=0.00010000
2026-04-19 23:07:23,984 | INFO | step=6075 train_loss=6.152256 lr=0.00010000
2026-04-19 23:07:25,780 | INFO | step=6100 train_loss=7.082106 lr=0.00010000
2026-04-19 23:07:27,564 | INFO | step=6125 train_loss=5.726877 lr=0.00010000
2026-04-19 23:07:29,401 | INFO | step=6150 train_loss=7.371707 lr=0.00010000
2026-04-19 23:07:31,289 | INFO | step=6175 train_loss=6.929328 lr=0.00010000
2026-04-19 23:07:33,195 | INFO | step=6200 train_loss=6.104278 lr=0.00010000
2026-04-19 23:07:34,962 | INFO | step=6225 train_loss=5.535759 lr=0.00010000
2026-04-19 23:07:36,766 | INFO | step=6250 train_loss=6.857581 lr=0.00010000
2026-04-19 23:07:38,609 | INFO | step=6275 train_loss=6.337907 lr=0.00010000
2026-04-19 23:07:40,419 | INFO | step=6300 train_loss=6.312444 lr=0.00010000
2026-04-19 23:07:42,205 | INFO | step=6325 train_loss=6.095356 lr=0.00010000
2026-04-19 23:07:44,061 | INFO | step=6350 train_loss=6.656187 lr=0.00010000
2026-04-19 23:07:45,989 | INFO | step=6375 train_loss=5.477803 lr=0.00010000
2026-04-19 23:07:47,813 | INFO | step=6400 train_loss=5.767157 lr=0.00010000
2026-04-19 23:07:49,691 | INFO | step=6425 train_loss=5.185101 lr=0.00010000
2026-04-19 23:07:51,523 | INFO | step=6450 train_loss=6.835190 lr=0.00010000
2026-04-19 23:07:53,329 | INFO | step=6475 train_loss=6.261743 lr=0.00010000
2026-04-19 23:07:55,070 | INFO | step=6500 train_loss=7.410504 lr=0.00010000
2026-04-19 23:07:56,882 | INFO | step=6525 train_loss=6.813103 lr=0.00010000
2026-04-19 23:07:58,696 | INFO | step=6550 train_loss=6.883478 lr=0.00010000
2026-04-19 23:08:00,455 | INFO | step=6575 train_loss=5.822823 lr=0.00010000
2026-04-19 23:08:02,205 | INFO | step=6600 train_loss=5.704247 lr=0.00010000
2026-04-19 23:08:03,972 | INFO | step=6625 train_loss=5.363909 lr=0.00010000
2026-04-19 23:08:05,705 | INFO | step=6650 train_loss=6.277561 lr=0.00010000
2026-04-19 23:08:07,514 | INFO | step=6675 train_loss=6.948768 lr=0.00010000
2026-04-19 23:08:09,224 | INFO | step=6700 train_loss=6.552482 lr=0.00010000
2026-04-19 23:08:09,374 | INFO | epoch=11/50
2026-04-19 23:08:11,537 | INFO | step=6725 train_loss=6.293968 lr=0.00010000
2026-04-19 23:08:13,373 | INFO | step=6750 train_loss=5.952086 lr=0.00010000
2026-04-19 23:08:15,217 | INFO | step=6775 train_loss=6.339865 lr=0.00010000
2026-04-19 23:08:17,103 | INFO | step=6800 train_loss=5.930927 lr=0.00010000
2026-04-19 23:08:19,038 | INFO | step=6825 train_loss=6.138731 lr=0.00010000
2026-04-19 23:08:20,830 | INFO | step=6850 train_loss=6.160655 lr=0.00010000
2026-04-19 23:08:22,701 | INFO | step=6875 train_loss=7.048736 lr=0.00010000
2026-04-19 23:08:24,546 | INFO | step=6900 train_loss=6.384984 lr=0.00010000
2026-04-19 23:08:26,248 | INFO | step=6925 train_loss=6.102909 lr=0.00010000
2026-04-19 23:08:28,064 | INFO | step=6950 train_loss=5.658720 lr=0.00010000
2026-04-19 23:08:29,833 | INFO | step=6975 train_loss=6.763921 lr=0.00010000
2026-04-19 23:08:31,446 | INFO | step=7000 train_loss=6.107764 lr=0.00010000
2026-04-19 23:08:38,967 | INFO | new_best step=7000 val_loss=5.839143 val_accuracy=0.721397
2026-04-19 23:08:40,881 | INFO | step=7025 train_loss=5.763259 lr=0.00010000
2026-04-19 23:08:42,706 | INFO | step=7050 train_loss=7.335188 lr=0.00010000
2026-04-19 23:08:44,438 | INFO | step=7075 train_loss=6.485524 lr=0.00010000
2026-04-19 23:08:46,114 | INFO | step=7100 train_loss=4.824617 lr=0.00010000
2026-04-19 23:08:47,998 | INFO | step=7125 train_loss=6.113286 lr=0.00010000
2026-04-19 23:08:49,963 | INFO | step=7150 train_loss=5.808766 lr=0.00010000
2026-04-19 23:08:51,883 | INFO | step=7175 train_loss=5.475344 lr=0.00010000
2026-04-19 23:08:53,566 | INFO | step=7200 train_loss=5.412295 lr=0.00010000
2026-04-19 23:08:55,290 | INFO | step=7225 train_loss=6.839427 lr=0.00010000
2026-04-19 23:08:56,992 | INFO | step=7250 train_loss=6.387331 lr=0.00010000
2026-04-19 23:08:58,830 | INFO | step=7275 train_loss=6.265049 lr=0.00010000
2026-04-19 23:09:00,558 | INFO | step=7300 train_loss=5.620914 lr=0.00010000
2026-04-19 23:09:02,302 | INFO | step=7325 train_loss=6.213807 lr=0.00010000
2026-04-19 23:09:04,018 | INFO | step=7350 train_loss=7.032228 lr=0.00010000
2026-04-19 23:09:05,702 | INFO | epoch=12/50
2026-04-19 23:09:06,417 | INFO | step=7375 train_loss=6.392565 lr=0.00010000
2026-04-19 23:09:08,189 | INFO | step=7400 train_loss=6.574936 lr=0.00010000
2026-04-19 23:09:10,115 | INFO | step=7425 train_loss=5.836436 lr=0.00010000
2026-04-19 23:09:12,015 | INFO | step=7450 train_loss=5.384826 lr=0.00010000
2026-04-19 23:09:13,696 | INFO | step=7475 train_loss=5.825210 lr=0.00010000
2026-04-19 23:09:15,663 | INFO | step=7500 train_loss=7.505907 lr=0.00010000
2026-04-19 23:09:17,388 | INFO | step=7525 train_loss=6.360546 lr=0.00010000
2026-04-19 23:09:19,242 | INFO | step=7550 train_loss=5.075749 lr=0.00010000
2026-04-19 23:09:21,065 | INFO | step=7575 train_loss=6.538373 lr=0.00010000
2026-04-19 23:09:22,950 | INFO | step=7600 train_loss=6.393496 lr=0.00010000
2026-04-19 23:09:24,646 | INFO | step=7625 train_loss=5.044175 lr=0.00010000
2026-04-19 23:09:26,366 | INFO | step=7650 train_loss=5.848095 lr=0.00010000
2026-04-19 23:09:28,265 | INFO | step=7675 train_loss=6.019218 lr=0.00010000
2026-04-19 23:09:30,056 | INFO | step=7700 train_loss=6.144463 lr=0.00010000
2026-04-19 23:09:31,793 | INFO | step=7725 train_loss=6.270711 lr=0.00010000
2026-04-19 23:09:33,513 | INFO | step=7750 train_loss=5.330553 lr=0.00010000
2026-04-19 23:09:35,213 | INFO | step=7775 train_loss=7.049544 lr=0.00010000
2026-04-19 23:09:36,890 | INFO | step=7800 train_loss=6.719611 lr=0.00010000
2026-04-19 23:09:38,656 | INFO | step=7825 train_loss=7.012739 lr=0.00010000
2026-04-19 23:09:40,377 | INFO | step=7850 train_loss=5.747798 lr=0.00010000
2026-04-19 23:09:42,193 | INFO | step=7875 train_loss=5.930573 lr=0.00010000
2026-04-19 23:09:44,141 | INFO | step=7900 train_loss=5.881027 lr=0.00010000
2026-04-19 23:09:45,858 | INFO | step=7925 train_loss=6.530536 lr=0.00010000
2026-04-19 23:09:47,527 | INFO | step=7950 train_loss=6.093728 lr=0.00010000
2026-04-19 23:09:49,401 | INFO | step=7975 train_loss=6.411806 lr=0.00010000
2026-04-19 23:09:51,318 | INFO | step=8000 train_loss=6.509109 lr=0.00010000
2026-04-19 23:09:59,047 | INFO | new_best step=8000 val_loss=5.642921 val_accuracy=0.732213
2026-04-19 23:10:00,781 | INFO | step=8025 train_loss=5.979692 lr=0.00010000
2026-04-19 23:10:01,932 | INFO | epoch=13/50
2026-04-19 23:10:02,962 | INFO | step=8050 train_loss=7.078211 lr=0.00010000
2026-04-19 23:10:04,822 | INFO | step=8075 train_loss=5.931167 lr=0.00010000
2026-04-19 23:10:06,612 | INFO | step=8100 train_loss=5.978058 lr=0.00010000
2026-04-19 23:10:08,417 | INFO | step=8125 train_loss=5.742146 lr=0.00010000
2026-04-19 23:10:10,283 | INFO | step=8150 train_loss=6.288757 lr=0.00010000
2026-04-19 23:10:12,210 | INFO | step=8175 train_loss=6.973952 lr=0.00010000
2026-04-19 23:10:14,105 | INFO | step=8200 train_loss=6.208293 lr=0.00010000
2026-04-19 23:10:15,805 | INFO | step=8225 train_loss=5.646547 lr=0.00010000
2026-04-19 23:10:17,656 | INFO | step=8250 train_loss=6.035740 lr=0.00010000
2026-04-19 23:10:19,407 | INFO | step=8275 train_loss=6.277260 lr=0.00010000
2026-04-19 23:10:21,227 | INFO | step=8300 train_loss=6.261215 lr=0.00010000
2026-04-19 23:10:22,939 | INFO | step=8325 train_loss=6.403674 lr=0.00010000
2026-04-19 23:10:24,663 | INFO | step=8350 train_loss=5.782003 lr=0.00010000
2026-04-19 23:10:26,442 | INFO | step=8375 train_loss=5.538486 lr=0.00010000
2026-04-19 23:10:28,174 | INFO | step=8400 train_loss=6.606240 lr=0.00010000
2026-04-19 23:10:29,951 | INFO | step=8425 train_loss=6.872126 lr=0.00010000
2026-04-19 23:10:31,721 | INFO | step=8450 train_loss=4.364490 lr=0.00010000
2026-04-19 23:10:33,538 | INFO | step=8475 train_loss=6.113849 lr=0.00010000
2026-04-19 23:10:35,299 | INFO | step=8500 train_loss=5.956436 lr=0.00010000
2026-04-19 23:10:37,088 | INFO | step=8525 train_loss=5.661087 lr=0.00010000
2026-04-19 23:10:38,923 | INFO | step=8550 train_loss=6.103699 lr=0.00010000
2026-04-19 23:10:40,721 | INFO | step=8575 train_loss=5.385478 lr=0.00010000
2026-04-19 23:10:42,658 | INFO | step=8600 train_loss=5.504976 lr=0.00010000
2026-04-19 23:10:44,825 | INFO | step=8625 train_loss=5.587118 lr=0.00010000
2026-04-19 23:10:46,700 | INFO | step=8650 train_loss=5.886278 lr=0.00010000
2026-04-19 23:10:48,394 | INFO | step=8675 train_loss=6.012158 lr=0.00010000
2026-04-19 23:10:50,208 | INFO | step=8700 train_loss=6.433944 lr=0.00010000
2026-04-19 23:10:51,000 | INFO | epoch=14/50
2026-04-19 23:10:52,381 | INFO | step=8725 train_loss=5.889304 lr=0.00010000
2026-04-19 23:10:54,112 | INFO | step=8750 train_loss=6.195147 lr=0.00010000
2026-04-19 23:10:55,920 | INFO | step=8775 train_loss=6.406464 lr=0.00010000
2026-04-19 23:10:57,729 | INFO | step=8800 train_loss=5.082882 lr=0.00010000
2026-04-19 23:10:59,881 | INFO | step=8825 train_loss=6.104103 lr=0.00010000
2026-04-19 23:11:01,622 | INFO | step=8850 train_loss=5.090394 lr=0.00010000
2026-04-19 23:11:03,534 | INFO | step=8875 train_loss=5.587084 lr=0.00010000
2026-04-19 23:11:05,221 | INFO | step=8900 train_loss=6.508955 lr=0.00010000
2026-04-19 23:11:06,952 | INFO | step=8925 train_loss=5.600743 lr=0.00010000
2026-04-19 23:11:08,628 | INFO | step=8950 train_loss=6.326883 lr=0.00010000
2026-04-19 23:11:10,378 | INFO | step=8975 train_loss=6.105332 lr=0.00010000
2026-04-19 23:11:12,077 | INFO | step=9000 train_loss=5.339550 lr=0.00010000
2026-04-19 23:11:19,402 | INFO | new_best step=9000 val_loss=5.458642 val_accuracy=0.742599
2026-04-19 23:11:21,139 | INFO | step=9025 train_loss=5.385928 lr=0.00010000
2026-04-19 23:11:22,847 | INFO | step=9050 train_loss=6.063034 lr=0.00010000
2026-04-19 23:11:24,580 | INFO | step=9075 train_loss=6.674532 lr=0.00010000
2026-04-19 23:11:26,312 | INFO | step=9100 train_loss=5.746543 lr=0.00010000
2026-04-19 23:11:28,162 | INFO | step=9125 train_loss=6.424210 lr=0.00010000
2026-04-19 23:11:29,978 | INFO | step=9150 train_loss=4.978351 lr=0.00010000
2026-04-19 23:11:31,735 | INFO | step=9175 train_loss=5.971246 lr=0.00010000
2026-04-19 23:11:33,404 | INFO | step=9200 train_loss=6.007293 lr=0.00010000
2026-04-19 23:11:35,231 | INFO | step=9225 train_loss=6.455884 lr=0.00010000
2026-04-19 23:11:36,937 | INFO | step=9250 train_loss=6.290963 lr=0.00010000
2026-04-19 23:11:38,705 | INFO | step=9275 train_loss=5.910140 lr=0.00010000
2026-04-19 23:11:40,457 | INFO | step=9300 train_loss=5.725579 lr=0.00010000
2026-04-19 23:11:42,147 | INFO | step=9325 train_loss=6.005255 lr=0.00010000
2026-04-19 23:11:44,040 | INFO | step=9350 train_loss=6.669847 lr=0.00010000
2026-04-19 23:11:45,748 | INFO | step=9375 train_loss=5.909396 lr=0.00010000
2026-04-19 23:11:46,147 | INFO | epoch=15/50
2026-04-19 23:11:47,843 | INFO | step=9400 train_loss=6.188705 lr=0.00010000
2026-04-19 23:11:49,523 | INFO | step=9425 train_loss=5.322389 lr=0.00010000
2026-04-19 23:11:51,350 | INFO | step=9450 train_loss=4.914523 lr=0.00010000
2026-04-19 23:11:53,095 | INFO | step=9475 train_loss=5.807770 lr=0.00010000
2026-04-19 23:11:54,880 | INFO | step=9500 train_loss=6.033792 lr=0.00010000
2026-04-19 23:11:56,685 | INFO | step=9525 train_loss=5.983967 lr=0.00010000
2026-04-19 23:11:58,245 | INFO | step=9550 train_loss=5.928427 lr=0.00010000
2026-04-19 23:11:59,961 | INFO | step=9575 train_loss=5.841323 lr=0.00010000
2026-04-19 23:12:01,780 | INFO | step=9600 train_loss=5.344323 lr=0.00010000
2026-04-19 23:12:03,659 | INFO | step=9625 train_loss=5.195508 lr=0.00010000
2026-04-19 23:12:05,463 | INFO | step=9650 train_loss=5.089451 lr=0.00010000
2026-04-19 23:12:07,494 | INFO | step=9675 train_loss=6.122341 lr=0.00010000
2026-04-19 23:12:09,184 | INFO | step=9700 train_loss=5.247741 lr=0.00010000
2026-04-19 23:12:10,946 | INFO | step=9725 train_loss=5.368832 lr=0.00010000
2026-04-19 23:12:12,706 | INFO | step=9750 train_loss=5.005368 lr=0.00010000
2026-04-19 23:12:14,447 | INFO | step=9775 train_loss=5.164703 lr=0.00010000
2026-04-19 23:12:16,331 | INFO | step=9800 train_loss=6.674091 lr=0.00010000
2026-04-19 23:12:18,019 | INFO | step=9825 train_loss=6.580446 lr=0.00010000
2026-04-19 23:12:19,893 | INFO | step=9850 train_loss=6.154394 lr=0.00010000
2026-04-19 23:12:21,760 | INFO | step=9875 train_loss=4.638236 lr=0.00010000
2026-04-19 23:12:23,488 | INFO | step=9900 train_loss=4.909988 lr=0.00010000
2026-04-19 23:12:25,352 | INFO | step=9925 train_loss=5.363731 lr=0.00010000
2026-04-19 23:12:27,148 | INFO | step=9950 train_loss=5.330679 lr=0.00010000
2026-04-19 23:12:28,837 | INFO | step=9975 train_loss=6.445880 lr=0.00010000
2026-04-19 23:12:30,643 | INFO | step=10000 train_loss=5.274899 lr=0.00010000
2026-04-19 23:12:37,804 | INFO | new_best step=10000 val_loss=5.312490 val_accuracy=0.749958
2026-04-19 23:12:39,517 | INFO | step=10025 train_loss=5.853430 lr=0.00010000
2026-04-19 23:12:41,298 | INFO | step=10050 train_loss=5.599195 lr=0.00010000
2026-04-19 23:12:41,439 | INFO | epoch=16/50
2026-04-19 23:12:43,559 | INFO | step=10075 train_loss=5.730123 lr=0.00010000
2026-04-19 23:12:45,257 | INFO | step=10100 train_loss=7.043671 lr=0.00010000
2026-04-19 23:12:46,977 | INFO | step=10125 train_loss=5.485773 lr=0.00010000
2026-04-19 23:12:48,607 | INFO | step=10150 train_loss=6.139204 lr=0.00010000
2026-04-19 23:12:50,404 | INFO | step=10175 train_loss=4.739047 lr=0.00010000
2026-04-19 23:12:52,029 | INFO | step=10200 train_loss=6.410725 lr=0.00010000
2026-04-19 23:12:53,682 | INFO | step=10225 train_loss=6.148887 lr=0.00010000
2026-04-19 23:12:55,278 | INFO | step=10250 train_loss=5.297239 lr=0.00010000
2026-04-19 23:12:57,121 | INFO | step=10275 train_loss=4.619844 lr=0.00010000
2026-04-19 23:12:58,872 | INFO | step=10300 train_loss=6.229421 lr=0.00010000
2026-04-19 23:13:00,690 | INFO | step=10325 train_loss=5.407006 lr=0.00010000
2026-04-19 23:13:02,446 | INFO | step=10350 train_loss=5.448009 lr=0.00010000
2026-04-19 23:13:04,306 | INFO | step=10375 train_loss=5.773326 lr=0.00010000
2026-04-19 23:13:05,887 | INFO | step=10400 train_loss=6.329219 lr=0.00010000
2026-04-19 23:13:07,811 | INFO | step=10425 train_loss=6.212535 lr=0.00010000
2026-04-19 23:13:09,561 | INFO | step=10450 train_loss=5.627085 lr=0.00010000
2026-04-19 23:13:11,333 | INFO | step=10475 train_loss=6.394239 lr=0.00010000
2026-04-19 23:13:13,313 | INFO | step=10500 train_loss=5.016409 lr=0.00010000
2026-04-19 23:13:15,046 | INFO | step=10525 train_loss=4.982605 lr=0.00010000
2026-04-19 23:13:16,837 | INFO | step=10550 train_loss=5.782745 lr=0.00010000
2026-04-19 23:13:18,685 | INFO | step=10575 train_loss=5.187164 lr=0.00010000
2026-04-19 23:13:20,446 | INFO | step=10600 train_loss=5.332870 lr=0.00010000
2026-04-19 23:13:22,254 | INFO | step=10625 train_loss=5.239458 lr=0.00010000
2026-04-19 23:13:24,046 | INFO | step=10650 train_loss=5.483054 lr=0.00010000
2026-04-19 23:13:25,841 | INFO | step=10675 train_loss=5.402486 lr=0.00010000
2026-04-19 23:13:27,842 | INFO | step=10700 train_loss=6.043546 lr=0.00010000
2026-04-19 23:13:29,349 | INFO | epoch=17/50
2026-04-19 23:13:30,032 | INFO | step=10725 train_loss=5.925777 lr=0.00010000
2026-04-19 23:13:31,781 | INFO | step=10750 train_loss=5.911609 lr=0.00010000
2026-04-19 23:13:33,604 | INFO | step=10775 train_loss=6.312213 lr=0.00010000
2026-04-19 23:13:35,347 | INFO | step=10800 train_loss=5.696826 lr=0.00010000
2026-04-19 23:13:37,382 | INFO | step=10825 train_loss=4.594000 lr=0.00010000
2026-04-19 23:13:39,195 | INFO | step=10850 train_loss=5.448731 lr=0.00010000
2026-04-19 23:13:40,981 | INFO | step=10875 train_loss=5.406748 lr=0.00010000
2026-04-19 23:13:42,627 | INFO | step=10900 train_loss=5.188431 lr=0.00010000
2026-04-19 23:13:44,249 | INFO | step=10925 train_loss=6.599020 lr=0.00010000
2026-04-19 23:13:46,359 | INFO | step=10950 train_loss=5.900908 lr=0.00010000
2026-04-19 23:13:48,130 | INFO | step=10975 train_loss=5.811261 lr=0.00010000
2026-04-19 23:13:49,884 | INFO | step=11000 train_loss=4.876595 lr=0.00010000
2026-04-19 23:13:57,379 | INFO | new_best step=11000 val_loss=5.249445 val_accuracy=0.757255
2026-04-19 23:13:59,245 | INFO | step=11025 train_loss=5.396522 lr=0.00010000
2026-04-19 23:14:01,099 | INFO | step=11050 train_loss=5.722379 lr=0.00010000
2026-04-19 23:14:02,967 | INFO | step=11075 train_loss=5.672461 lr=0.00010000
2026-04-19 23:14:04,660 | INFO | step=11100 train_loss=5.750913 lr=0.00010000
2026-04-19 23:14:06,597 | INFO | step=11125 train_loss=5.752028 lr=0.00010000
2026-04-19 23:14:08,532 | INFO | step=11150 train_loss=5.526670 lr=0.00010000
2026-04-19 23:14:10,226 | INFO | step=11175 train_loss=5.559456 lr=0.00010000
2026-04-19 23:14:11,920 | INFO | step=11200 train_loss=5.468545 lr=0.00010000
2026-04-19 23:14:13,679 | INFO | step=11225 train_loss=5.327288 lr=0.00010000
2026-04-19 23:14:15,299 | INFO | step=11250 train_loss=5.444519 lr=0.00010000
2026-04-19 23:14:17,116 | INFO | step=11275 train_loss=4.559008 lr=0.00010000
2026-04-19 23:14:18,865 | INFO | step=11300 train_loss=5.139507 lr=0.00010000
2026-04-19 23:14:20,580 | INFO | step=11325 train_loss=4.528811 lr=0.00010000
2026-04-19 23:14:22,304 | INFO | step=11350 train_loss=5.646400 lr=0.00010000
2026-04-19 23:14:23,942 | INFO | step=11375 train_loss=5.649943 lr=0.00010000
2026-04-19 23:14:25,018 | INFO | epoch=18/50
2026-04-19 23:14:26,008 | INFO | step=11400 train_loss=6.302258 lr=0.00010000
2026-04-19 23:14:27,716 | INFO | step=11425 train_loss=4.730154 lr=0.00010000
2026-04-19 23:14:29,460 | INFO | step=11450 train_loss=4.873513 lr=0.00010000
2026-04-19 23:14:31,275 | INFO | step=11475 train_loss=6.172103 lr=0.00010000
2026-04-19 23:14:33,225 | INFO | step=11500 train_loss=5.302963 lr=0.00010000
2026-04-19 23:14:34,827 | INFO | step=11525 train_loss=6.050274 lr=0.00010000
2026-04-19 23:14:36,633 | INFO | step=11550 train_loss=6.096731 lr=0.00010000
2026-04-19 23:14:38,397 | INFO | step=11575 train_loss=6.216773 lr=0.00010000
2026-04-19 23:14:40,257 | INFO | step=11600 train_loss=5.825280 lr=0.00010000
2026-04-19 23:14:42,193 | INFO | step=11625 train_loss=4.770255 lr=0.00010000
2026-04-19 23:14:44,072 | INFO | step=11650 train_loss=4.556780 lr=0.00010000
2026-04-19 23:14:46,085 | INFO | step=11675 train_loss=5.843736 lr=0.00010000
2026-04-19 23:14:47,949 | INFO | step=11700 train_loss=5.654279 lr=0.00010000
2026-04-19 23:14:49,717 | INFO | step=11725 train_loss=5.067309 lr=0.00010000
2026-04-19 23:14:51,413 | INFO | step=11750 train_loss=4.724024 lr=0.00010000
2026-04-19 23:14:53,179 | INFO | step=11775 train_loss=5.972875 lr=0.00010000
2026-04-19 23:14:55,005 | INFO | step=11800 train_loss=5.165170 lr=0.00010000
2026-04-19 23:14:56,950 | INFO | step=11825 train_loss=5.664966 lr=0.00010000
2026-04-19 23:14:58,878 | INFO | step=11850 train_loss=6.028170 lr=0.00010000
2026-04-19 23:15:00,624 | INFO | step=11875 train_loss=5.508210 lr=0.00010000
2026-04-19 23:15:02,442 | INFO | step=11900 train_loss=5.333029 lr=0.00010000
2026-04-19 23:15:04,282 | INFO | step=11925 train_loss=4.775760 lr=0.00010000
2026-04-19 23:15:06,110 | INFO | step=11950 train_loss=4.931138 lr=0.00010000
2026-04-19 23:15:07,958 | INFO | step=11975 train_loss=6.510214 lr=0.00010000
2026-04-19 23:15:09,739 | INFO | step=12000 train_loss=5.454185 lr=0.00010000
2026-04-19 23:15:17,399 | INFO | new_best step=12000 val_loss=5.110302 val_accuracy=0.762930
2026-04-19 23:15:19,292 | INFO | step=12025 train_loss=5.188237 lr=0.00010000
2026-04-19 23:15:21,267 | INFO | step=12050 train_loss=6.075665 lr=0.00010000
2026-04-19 23:15:21,945 | INFO | epoch=19/50
2026-04-19 23:15:23,422 | INFO | step=12075 train_loss=6.087632 lr=0.00010000
2026-04-19 23:15:25,304 | INFO | step=12100 train_loss=6.673178 lr=0.00010000
2026-04-19 23:15:27,221 | INFO | step=12125 train_loss=6.270340 lr=0.00010000
2026-04-19 23:15:29,184 | INFO | step=12150 train_loss=4.806783 lr=0.00010000
2026-04-19 23:15:31,117 | INFO | step=12175 train_loss=4.856025 lr=0.00010000
2026-04-19 23:15:32,845 | INFO | step=12200 train_loss=5.353393 lr=0.00010000
2026-04-19 23:15:34,553 | INFO | step=12225 train_loss=5.355083 lr=0.00010000
2026-04-19 23:15:36,359 | INFO | step=12250 train_loss=5.502060 lr=0.00010000
2026-04-19 23:15:38,171 | INFO | step=12275 train_loss=4.528972 lr=0.00010000
2026-04-19 23:15:39,977 | INFO | step=12300 train_loss=5.558392 lr=0.00010000
2026-04-19 23:15:41,851 | INFO | step=12325 train_loss=5.631151 lr=0.00010000
2026-04-19 23:15:43,664 | INFO | step=12350 train_loss=5.621715 lr=0.00010000
2026-04-19 23:15:45,513 | INFO | step=12375 train_loss=6.131455 lr=0.00010000
2026-04-19 23:15:47,509 | INFO | step=12400 train_loss=5.822048 lr=0.00010000
2026-04-19 23:15:49,364 | INFO | step=12425 train_loss=5.397625 lr=0.00010000
2026-04-19 23:15:51,135 | INFO | step=12450 train_loss=5.190831 lr=0.00010000
2026-04-19 23:15:53,069 | INFO | step=12475 train_loss=5.739861 lr=0.00010000
2026-04-19 23:15:54,826 | INFO | step=12500 train_loss=4.369903 lr=0.00010000
2026-04-19 23:15:56,488 | INFO | step=12525 train_loss=6.164518 lr=0.00010000
2026-04-19 23:15:58,196 | INFO | step=12550 train_loss=4.725990 lr=0.00010000
2026-04-19 23:16:00,169 | INFO | step=12575 train_loss=5.544326 lr=0.00010000
2026-04-19 23:16:01,980 | INFO | step=12600 train_loss=5.526380 lr=0.00010000
2026-04-19 23:16:03,807 | INFO | step=12625 train_loss=5.280361 lr=0.00010000
2026-04-19 23:16:05,553 | INFO | step=12650 train_loss=4.667612 lr=0.00010000
2026-04-19 23:16:07,301 | INFO | step=12675 train_loss=4.895030 lr=0.00010000
2026-04-19 23:16:09,089 | INFO | step=12700 train_loss=5.622761 lr=0.00010000
2026-04-19 23:16:10,963 | INFO | step=12725 train_loss=5.620328 lr=0.00010000
2026-04-19 23:16:11,396 | INFO | epoch=20/50
2026-04-19 23:16:13,387 | INFO | step=12750 train_loss=5.445064 lr=0.00010000
2026-04-19 23:16:15,159 | INFO | step=12775 train_loss=6.162645 lr=0.00010000
2026-04-19 23:16:17,040 | INFO | step=12800 train_loss=6.451647 lr=0.00010000
2026-04-19 23:16:18,944 | INFO | step=12825 train_loss=5.221694 lr=0.00010000
2026-04-19 23:16:20,651 | INFO | step=12850 train_loss=6.454322 lr=0.00010000
2026-04-19 23:16:22,465 | INFO | step=12875 train_loss=4.881866 lr=0.00010000
2026-04-19 23:16:24,364 | INFO | step=12900 train_loss=5.316494 lr=0.00010000
2026-04-19 23:16:26,182 | INFO | step=12925 train_loss=6.403653 lr=0.00010000
2026-04-19 23:16:28,063 | INFO | step=12950 train_loss=4.595094 lr=0.00010000
2026-04-19 23:16:29,970 | INFO | step=12975 train_loss=4.518547 lr=0.00010000
2026-04-19 23:16:31,900 | INFO | step=13000 train_loss=6.022542 lr=0.00010000
2026-04-19 23:16:39,882 | INFO | new_best step=13000 val_loss=5.042236 val_accuracy=0.766858
2026-04-19 23:16:41,833 | INFO | step=13025 train_loss=5.168849 lr=0.00010000
2026-04-19 23:16:43,605 | INFO | step=13050 train_loss=6.037335 lr=0.00010000
2026-04-19 23:16:45,439 | INFO | step=13075 train_loss=5.039696 lr=0.00010000
2026-04-19 23:16:47,323 | INFO | step=13100 train_loss=5.273158 lr=0.00010000
2026-04-19 23:16:49,171 | INFO | step=13125 train_loss=5.660496 lr=0.00010000
2026-04-19 23:16:50,917 | INFO | step=13150 train_loss=5.478665 lr=0.00010000
2026-04-19 23:16:52,846 | INFO | step=13175 train_loss=5.096836 lr=0.00010000
2026-04-19 23:16:54,759 | INFO | step=13200 train_loss=4.357239 lr=0.00010000
2026-04-19 23:16:56,608 | INFO | step=13225 train_loss=6.244493 lr=0.00010000
2026-04-19 23:16:58,609 | INFO | step=13250 train_loss=5.822995 lr=0.00010000
2026-04-19 23:17:00,507 | INFO | step=13275 train_loss=5.615113 lr=0.00010000
2026-04-19 23:17:02,475 | INFO | step=13300 train_loss=6.121034 lr=0.00010000
2026-04-19 23:17:04,302 | INFO | step=13325 train_loss=5.064333 lr=0.00010000
2026-04-19 23:17:06,359 | INFO | step=13350 train_loss=4.549160 lr=0.00010000
2026-04-19 23:17:08,295 | INFO | step=13375 train_loss=5.282602 lr=0.00010000
2026-04-19 23:17:10,048 | INFO | step=13400 train_loss=5.469975 lr=0.00010000
2026-04-19 23:17:10,244 | INFO | epoch=21/50
2026-04-19 23:17:12,486 | INFO | step=13425 train_loss=5.444927 lr=0.00010000
2026-04-19 23:17:14,322 | INFO | step=13450 train_loss=5.181630 lr=0.00010000
2026-04-19 23:17:16,241 | INFO | step=13475 train_loss=4.658502 lr=0.00010000
2026-04-19 23:17:18,134 | INFO | step=13500 train_loss=5.799147 lr=0.00010000
2026-04-19 23:17:20,086 | INFO | step=13525 train_loss=4.814932 lr=0.00010000
2026-04-19 23:17:21,968 | INFO | step=13550 train_loss=5.485203 lr=0.00010000
2026-04-19 23:17:23,808 | INFO | step=13575 train_loss=5.048545 lr=0.00010000
2026-04-19 23:17:25,805 | INFO | step=13600 train_loss=5.460956 lr=0.00010000
2026-04-19 23:17:27,938 | INFO | step=13625 train_loss=5.511652 lr=0.00010000
2026-04-19 23:17:29,819 | INFO | step=13650 train_loss=5.459424 lr=0.00010000
2026-04-19 23:17:31,813 | INFO | step=13675 train_loss=5.462518 lr=0.00010000
2026-04-19 23:17:33,771 | INFO | step=13700 train_loss=5.515316 lr=0.00010000
2026-04-19 23:17:35,636 | INFO | step=13725 train_loss=4.519734 lr=0.00010000
2026-04-19 23:17:37,508 | INFO | step=13750 train_loss=4.977771 lr=0.00010000
2026-04-19 23:17:39,478 | INFO | step=13775 train_loss=4.412219 lr=0.00010000
2026-04-19 23:17:41,266 | INFO | step=13800 train_loss=4.488689 lr=0.00010000
2026-04-19 23:17:42,943 | INFO | step=13825 train_loss=4.835644 lr=0.00010000
2026-04-19 23:17:44,721 | INFO | step=13850 train_loss=5.116776 lr=0.00010000
2026-04-19 23:17:46,796 | INFO | step=13875 train_loss=5.958295 lr=0.00010000
2026-04-19 23:17:48,771 | INFO | step=13900 train_loss=5.075155 lr=0.00010000
2026-04-19 23:17:50,717 | INFO | step=13925 train_loss=5.344865 lr=0.00010000
2026-04-19 23:17:52,450 | INFO | step=13950 train_loss=5.131377 lr=0.00010000
2026-04-19 23:17:54,369 | INFO | step=13975 train_loss=5.648804 lr=0.00010000
2026-04-19 23:17:56,197 | INFO | step=14000 train_loss=6.026962 lr=0.00010000
2026-04-19 23:18:04,491 | INFO | new_best step=14000 val_loss=4.988861 val_accuracy=0.770037
2026-04-19 23:18:06,341 | INFO | step=14025 train_loss=5.624996 lr=0.00010000
2026-04-19 23:18:08,163 | INFO | step=14050 train_loss=5.588941 lr=0.00010000
2026-04-19 23:18:09,563 | INFO | epoch=22/50
2026-04-19 23:18:10,332 | INFO | step=14075 train_loss=4.203834 lr=0.00010000
2026-04-19 23:18:12,019 | INFO | step=14100 train_loss=5.175496 lr=0.00010000
2026-04-19 23:18:13,821 | INFO | step=14125 train_loss=6.171169 lr=0.00010000
2026-04-19 23:18:15,837 | INFO | step=14150 train_loss=4.558819 lr=0.00010000
2026-04-19 23:18:17,922 | INFO | step=14175 train_loss=6.405416 lr=0.00010000
2026-04-19 23:18:19,661 | INFO | step=14200 train_loss=5.974457 lr=0.00010000
2026-04-19 23:18:21,415 | INFO | step=14225 train_loss=5.384174 lr=0.00010000
2026-04-19 23:18:23,384 | INFO | step=14250 train_loss=5.369749 lr=0.00010000
2026-04-19 23:18:25,387 | INFO | step=14275 train_loss=4.887081 lr=0.00010000
2026-04-19 23:18:27,240 | INFO | step=14300 train_loss=6.756135 lr=0.00010000
2026-04-19 23:18:29,014 | INFO | step=14325 train_loss=5.227502 lr=0.00010000
2026-04-19 23:18:30,909 | INFO | step=14350 train_loss=4.666628 lr=0.00010000
2026-04-19 23:18:32,964 | INFO | step=14375 train_loss=5.890278 lr=0.00010000
2026-04-19 23:18:34,970 | INFO | step=14400 train_loss=4.990942 lr=0.00010000
2026-04-19 23:18:36,797 | INFO | step=14425 train_loss=4.921439 lr=0.00010000
2026-04-19 23:18:38,706 | INFO | step=14450 train_loss=5.242140 lr=0.00010000
2026-04-19 23:18:40,660 | INFO | step=14475 train_loss=4.786324 lr=0.00010000
2026-04-19 23:18:42,694 | INFO | step=14500 train_loss=6.105907 lr=0.00010000
2026-04-19 23:18:44,687 | INFO | step=14525 train_loss=5.778874 lr=0.00010000
2026-04-19 23:18:46,663 | INFO | step=14550 train_loss=4.839001 lr=0.00010000
2026-04-19 23:18:48,581 | INFO | step=14575 train_loss=4.373242 lr=0.00010000
2026-04-19 23:18:50,515 | INFO | step=14600 train_loss=5.629783 lr=0.00010000
2026-04-19 23:18:52,367 | INFO | step=14625 train_loss=4.943301 lr=0.00010000
2026-04-19 23:18:54,270 | INFO | step=14650 train_loss=4.978285 lr=0.00010000
2026-04-19 23:18:56,101 | INFO | step=14675 train_loss=5.288639 lr=0.00010000
2026-04-19 23:18:58,025 | INFO | step=14700 train_loss=5.006750 lr=0.00010000
2026-04-19 23:18:59,977 | INFO | step=14725 train_loss=4.999875 lr=0.00010000
2026-04-19 23:19:01,120 | INFO | epoch=23/50
2026-04-19 23:19:02,305 | INFO | step=14750 train_loss=6.096848 lr=0.00010000
2026-04-19 23:19:04,028 | INFO | step=14775 train_loss=5.176326 lr=0.00010000
2026-04-19 23:19:05,847 | INFO | step=14800 train_loss=4.805242 lr=0.00010000
2026-04-19 23:19:07,668 | INFO | step=14825 train_loss=6.485822 lr=0.00010000
2026-04-19 23:19:09,442 | INFO | step=14850 train_loss=4.349807 lr=0.00010000
2026-04-19 23:19:11,298 | INFO | step=14875 train_loss=4.778474 lr=0.00010000
2026-04-19 23:19:13,289 | INFO | step=14900 train_loss=4.265701 lr=0.00010000
2026-04-19 23:19:15,061 | INFO | step=14925 train_loss=5.604267 lr=0.00010000
2026-04-19 23:19:16,914 | INFO | step=14950 train_loss=5.041351 lr=0.00010000
2026-04-19 23:19:18,785 | INFO | step=14975 train_loss=5.213374 lr=0.00010000
2026-04-19 23:19:20,857 | INFO | step=15000 train_loss=6.175769 lr=0.00010000
2026-04-19 23:19:33,211 | INFO | new_best step=15000 val_loss=4.894772 val_accuracy=0.774399
2026-04-19 23:19:35,084 | INFO | step=15025 train_loss=5.063258 lr=0.00010000
2026-04-19 23:19:37,010 | INFO | step=15050 train_loss=4.330720 lr=0.00010000
2026-04-19 23:19:38,931 | INFO | step=15075 train_loss=4.621446 lr=0.00010000
2026-04-19 23:19:40,792 | INFO | step=15100 train_loss=4.858873 lr=0.00010000
2026-04-19 23:19:42,693 | INFO | step=15125 train_loss=5.889326 lr=0.00010000
2026-04-19 23:19:44,641 | INFO | step=15150 train_loss=5.607608 lr=0.00010000
2026-04-19 23:19:46,556 | INFO | step=15175 train_loss=4.615201 lr=0.00010000
2026-04-19 23:19:48,477 | INFO | step=15200 train_loss=4.958014 lr=0.00010000
2026-04-19 23:19:50,355 | INFO | step=15225 train_loss=4.297648 lr=0.00010000
2026-04-19 23:19:52,126 | INFO | step=15250 train_loss=5.700550 lr=0.00010000
2026-04-19 23:19:54,053 | INFO | step=15275 train_loss=5.882497 lr=0.00010000
2026-04-19 23:19:56,022 | INFO | step=15300 train_loss=4.695478 lr=0.00010000
2026-04-19 23:19:57,957 | INFO | step=15325 train_loss=4.635225 lr=0.00010000
2026-04-19 23:19:59,709 | INFO | step=15350 train_loss=4.775981 lr=0.00010000
2026-04-19 23:20:01,708 | INFO | step=15375 train_loss=4.714919 lr=0.00010000
2026-04-19 23:20:03,585 | INFO | step=15400 train_loss=5.457007 lr=0.00010000
2026-04-19 23:20:04,423 | INFO | epoch=24/50
2026-04-19 23:20:05,943 | INFO | step=15425 train_loss=4.629838 lr=0.00010000
2026-04-19 23:20:07,824 | INFO | step=15450 train_loss=5.640803 lr=0.00010000
2026-04-19 23:20:09,648 | INFO | step=15475 train_loss=4.588209 lr=0.00010000
2026-04-19 23:20:11,405 | INFO | step=15500 train_loss=5.484884 lr=0.00010000
2026-04-19 23:20:13,249 | INFO | step=15525 train_loss=5.077907 lr=0.00010000
2026-04-19 23:20:15,247 | INFO | step=15550 train_loss=4.734643 lr=0.00010000
2026-04-19 23:20:17,378 | INFO | step=15575 train_loss=5.412133 lr=0.00010000
2026-04-19 23:20:19,230 | INFO | step=15600 train_loss=4.980949 lr=0.00010000
2026-04-19 23:20:21,144 | INFO | step=15625 train_loss=6.023417 lr=0.00010000
2026-04-19 23:20:22,994 | INFO | step=15650 train_loss=5.644844 lr=0.00010000
2026-04-19 23:20:24,865 | INFO | step=15675 train_loss=5.439127 lr=0.00010000
2026-04-19 23:20:26,722 | INFO | step=15700 train_loss=4.581139 lr=0.00010000
2026-04-19 23:20:28,666 | INFO | step=15725 train_loss=4.922997 lr=0.00010000
2026-04-19 23:20:30,618 | INFO | step=15750 train_loss=5.553318 lr=0.00010000
2026-04-19 23:20:32,517 | INFO | step=15775 train_loss=4.748896 lr=0.00010000
2026-04-19 23:20:34,480 | INFO | step=15800 train_loss=4.850804 lr=0.00010000
2026-04-19 23:20:36,314 | INFO | step=15825 train_loss=5.119037 lr=0.00010000
2026-04-19 23:20:38,090 | INFO | step=15850 train_loss=6.251749 lr=0.00010000
2026-04-19 23:20:40,116 | INFO | step=15875 train_loss=5.455295 lr=0.00010000
2026-04-19 23:20:42,005 | INFO | step=15900 train_loss=5.125804 lr=0.00010000
2026-04-19 23:20:43,880 | INFO | step=15925 train_loss=5.413169 lr=0.00010000
2026-04-19 23:20:45,792 | INFO | step=15950 train_loss=4.447229 lr=0.00010000
2026-04-19 23:20:47,630 | INFO | step=15975 train_loss=5.616716 lr=0.00010000
2026-04-19 23:20:49,512 | INFO | step=16000 train_loss=5.752060 lr=0.00010000
2026-04-19 23:21:01,489 | INFO | new_best step=16000 val_loss=4.806815 val_accuracy=0.777757
2026-04-19 23:21:03,329 | INFO | step=16025 train_loss=5.957246 lr=0.00010000
2026-04-19 23:21:05,299 | INFO | step=16050 train_loss=4.009556 lr=0.00010000
2026-04-19 23:21:07,243 | INFO | step=16075 train_loss=4.738474 lr=0.00010000
2026-04-19 23:21:07,683 | INFO | epoch=25/50
2026-04-19 23:21:09,549 | INFO | step=16100 train_loss=4.801408 lr=0.00010000
2026-04-19 23:21:11,282 | INFO | step=16125 train_loss=4.814331 lr=0.00010000
2026-04-19 23:21:13,148 | INFO | step=16150 train_loss=4.817485 lr=0.00010000
2026-04-19 23:21:14,911 | INFO | step=16175 train_loss=5.434214 lr=0.00010000
2026-04-19 23:21:16,804 | INFO | step=16200 train_loss=4.964715 lr=0.00010000
2026-04-19 23:21:18,733 | INFO | step=16225 train_loss=5.357948 lr=0.00010000
2026-04-19 23:21:20,485 | INFO | step=16250 train_loss=4.556778 lr=0.00010000
2026-04-19 23:21:22,265 | INFO | step=16275 train_loss=5.555121 lr=0.00010000
2026-04-19 23:21:24,273 | INFO | step=16300 train_loss=5.539330 lr=0.00010000
2026-04-19 23:21:26,100 | INFO | step=16325 train_loss=4.548851 lr=0.00010000
2026-04-19 23:21:28,039 | INFO | step=16350 train_loss=5.330764 lr=0.00010000
2026-04-19 23:21:29,890 | INFO | step=16375 train_loss=5.869836 lr=0.00010000
2026-04-19 23:21:31,866 | INFO | step=16400 train_loss=5.039265 lr=0.00010000
2026-04-19 23:21:33,684 | INFO | step=16425 train_loss=4.874333 lr=0.00010000
2026-04-19 23:21:35,592 | INFO | step=16450 train_loss=5.374681 lr=0.00010000
2026-04-19 23:21:37,393 | INFO | step=16475 train_loss=5.049236 lr=0.00010000
2026-04-19 23:21:39,334 | INFO | step=16500 train_loss=4.727886 lr=0.00010000
2026-04-19 23:21:41,238 | INFO | step=16525 train_loss=4.354703 lr=0.00010000
2026-04-19 23:21:43,021 | INFO | step=16550 train_loss=5.406600 lr=0.00010000
2026-04-19 23:21:44,943 | INFO | step=16575 train_loss=4.216669 lr=0.00010000
2026-04-19 23:21:46,727 | INFO | step=16600 train_loss=5.110094 lr=0.00010000
2026-04-19 23:21:48,690 | INFO | step=16625 train_loss=4.663152 lr=0.00010000
2026-04-19 23:21:50,635 | INFO | step=16650 train_loss=5.419679 lr=0.00010000
2026-04-19 23:21:52,649 | INFO | step=16675 train_loss=5.044164 lr=0.00010000
2026-04-19 23:21:54,663 | INFO | step=16700 train_loss=5.492162 lr=0.00010000
2026-04-19 23:21:56,703 | INFO | step=16725 train_loss=4.281763 lr=0.00010000
2026-04-19 23:21:58,500 | INFO | step=16750 train_loss=5.347827 lr=0.00010000
2026-04-19 23:21:58,670 | INFO | epoch=26/50
2026-04-19 23:22:00,979 | INFO | step=16775 train_loss=4.794804 lr=0.00010000
2026-04-19 23:22:03,001 | INFO | step=16800 train_loss=4.896337 lr=0.00010000
2026-04-19 23:22:05,011 | INFO | step=16825 train_loss=5.623261 lr=0.00010000
2026-04-19 23:22:06,928 | INFO | step=16850 train_loss=5.985123 lr=0.00010000
2026-04-19 23:22:08,894 | INFO | step=16875 train_loss=4.007852 lr=0.00010000
2026-04-19 23:22:10,895 | INFO | step=16900 train_loss=5.008860 lr=0.00010000
2026-04-19 23:22:13,068 | INFO | step=16925 train_loss=6.085848 lr=0.00010000
2026-04-19 23:22:15,127 | INFO | step=16950 train_loss=4.682237 lr=0.00010000
2026-04-19 23:22:17,040 | INFO | step=16975 train_loss=4.552032 lr=0.00010000
2026-04-19 23:22:18,883 | INFO | step=17000 train_loss=5.308288 lr=0.00010000
2026-04-19 23:22:30,765 | INFO | new_best step=17000 val_loss=4.761485 val_accuracy=0.780448
2026-04-19 23:22:32,621 | INFO | step=17025 train_loss=4.780378 lr=0.00010000
2026-04-19 23:22:34,524 | INFO | step=17050 train_loss=4.988054 lr=0.00010000
2026-04-19 23:22:36,434 | INFO | step=17075 train_loss=5.668499 lr=0.00010000
2026-04-19 23:22:38,330 | INFO | step=17100 train_loss=5.864294 lr=0.00010000
2026-04-19 23:22:40,276 | INFO | step=17125 train_loss=5.708643 lr=0.00010000
2026-04-19 23:22:42,274 | INFO | step=17150 train_loss=4.626500 lr=0.00010000
2026-04-19 23:22:44,189 | INFO | step=17175 train_loss=5.431252 lr=0.00010000
2026-04-19 23:22:46,050 | INFO | step=17200 train_loss=4.783357 lr=0.00010000
2026-04-19 23:22:47,918 | INFO | step=17225 train_loss=4.667391 lr=0.00010000
2026-04-19 23:22:49,741 | INFO | step=17250 train_loss=5.189655 lr=0.00010000
2026-04-19 23:22:51,757 | INFO | step=17275 train_loss=5.377396 lr=0.00010000
2026-04-19 23:22:53,711 | INFO | step=17300 train_loss=4.728640 lr=0.00010000
2026-04-19 23:22:55,557 | INFO | step=17325 train_loss=4.591768 lr=0.00010000
2026-04-19 23:22:57,424 | INFO | step=17350 train_loss=6.090167 lr=0.00010000
2026-04-19 23:22:59,542 | INFO | step=17375 train_loss=4.046967 lr=0.00010000
2026-04-19 23:23:01,535 | INFO | step=17400 train_loss=4.840588 lr=0.00010000
2026-04-19 23:23:03,273 | INFO | epoch=27/50
2026-04-19 23:23:04,030 | INFO | step=17425 train_loss=5.577114 lr=0.00010000
2026-04-19 23:23:06,045 | INFO | step=17450 train_loss=5.475808 lr=0.00010000
2026-04-19 23:23:08,100 | INFO | step=17475 train_loss=5.550834 lr=0.00010000
2026-04-19 23:23:09,904 | INFO | step=17500 train_loss=4.374734 lr=0.00010000
2026-04-19 23:23:11,731 | INFO | step=17525 train_loss=4.738008 lr=0.00010000
2026-04-19 23:23:13,578 | INFO | step=17550 train_loss=5.975954 lr=0.00010000
2026-04-19 23:23:15,448 | INFO | step=17575 train_loss=5.410341 lr=0.00010000
2026-04-19 23:23:17,344 | INFO | step=17600 train_loss=5.750526 lr=0.00010000
2026-04-19 23:23:19,101 | INFO | step=17625 train_loss=4.882359 lr=0.00010000
2026-04-19 23:23:20,929 | INFO | step=17650 train_loss=5.026289 lr=0.00010000
2026-04-19 23:23:22,877 | INFO | step=17675 train_loss=5.092099 lr=0.00010000
2026-04-19 23:23:24,796 | INFO | step=17700 train_loss=5.045973 lr=0.00010000
2026-04-19 23:23:26,704 | INFO | step=17725 train_loss=5.502644 lr=0.00010000
2026-04-19 23:23:28,762 | INFO | step=17750 train_loss=4.210731 lr=0.00010000
2026-04-19 23:23:30,631 | INFO | step=17775 train_loss=5.261402 lr=0.00010000
2026-04-19 23:23:32,539 | INFO | step=17800 train_loss=4.843210 lr=0.00010000
2026-04-19 23:23:34,366 | INFO | step=17825 train_loss=4.765199 lr=0.00010000
2026-04-19 23:23:36,279 | INFO | step=17850 train_loss=4.500133 lr=0.00010000
2026-04-19 23:23:38,109 | INFO | step=17875 train_loss=4.528222 lr=0.00010000
2026-04-19 23:23:40,051 | INFO | step=17900 train_loss=4.767461 lr=0.00010000
2026-04-19 23:23:41,975 | INFO | step=17925 train_loss=4.266155 lr=0.00010000
2026-04-19 23:23:43,938 | INFO | step=17950 train_loss=4.724659 lr=0.00010000
2026-04-19 23:23:45,780 | INFO | step=17975 train_loss=5.001104 lr=0.00010000
2026-04-19 23:23:47,757 | INFO | step=18000 train_loss=5.292432 lr=0.00010000
2026-04-19 23:23:59,280 | INFO | new_best step=18000 val_loss=4.683154 val_accuracy=0.782763
2026-04-19 23:24:01,196 | INFO | step=18025 train_loss=4.914914 lr=0.00010000
2026-04-19 23:24:03,105 | INFO | step=18050 train_loss=4.502293 lr=0.00010000
2026-04-19 23:24:05,041 | INFO | step=18075 train_loss=4.679502 lr=0.00010000
2026-04-19 23:24:06,262 | INFO | epoch=28/50
2026-04-19 23:24:07,506 | INFO | step=18100 train_loss=4.636244 lr=0.00010000
2026-04-19 23:24:09,538 | INFO | step=18125 train_loss=4.267904 lr=0.00010000
2026-04-19 23:24:11,497 | INFO | step=18150 train_loss=6.085626 lr=0.00010000
2026-04-19 23:24:13,465 | INFO | step=18175 train_loss=4.777689 lr=0.00010000
2026-04-19 23:24:15,559 | INFO | step=18200 train_loss=5.210813 lr=0.00010000
2026-04-19 23:24:17,410 | INFO | step=18225 train_loss=5.524523 lr=0.00010000
2026-04-19 23:24:19,314 | INFO | step=18250 train_loss=5.739015 lr=0.00010000
2026-04-19 23:24:21,167 | INFO | step=18275 train_loss=4.543395 lr=0.00010000
2026-04-19 23:24:23,171 | INFO | step=18300 train_loss=4.310962 lr=0.00010000
2026-04-19 23:24:24,991 | INFO | step=18325 train_loss=5.453295 lr=0.00010000
2026-04-19 23:24:26,996 | INFO | step=18350 train_loss=5.021937 lr=0.00010000
2026-04-19 23:24:28,855 | INFO | step=18375 train_loss=4.985814 lr=0.00010000
2026-04-19 23:24:30,769 | INFO | step=18400 train_loss=3.948540 lr=0.00010000
2026-04-19 23:24:32,639 | INFO | step=18425 train_loss=4.901789 lr=0.00010000
2026-04-19 23:24:34,737 | INFO | step=18450 train_loss=5.550332 lr=0.00010000
2026-04-19 23:24:36,686 | INFO | step=18475 train_loss=5.061726 lr=0.00010000
2026-04-19 23:24:38,642 | INFO | step=18500 train_loss=3.666111 lr=0.00010000
2026-04-19 23:24:40,588 | INFO | step=18525 train_loss=5.029952 lr=0.00010000
2026-04-19 23:24:42,392 | INFO | step=18550 train_loss=5.168659 lr=0.00010000
2026-04-19 23:24:44,387 | INFO | step=18575 train_loss=4.452075 lr=0.00010000
2026-04-19 23:24:46,323 | INFO | step=18600 train_loss=4.988343 lr=0.00010000
2026-04-19 23:24:48,471 | INFO | step=18625 train_loss=4.334035 lr=0.00010000
2026-04-19 23:24:50,550 | INFO | step=18650 train_loss=5.508685 lr=0.00010000
2026-04-19 23:24:52,619 | INFO | step=18675 train_loss=5.249840 lr=0.00010000
2026-04-19 23:24:54,680 | INFO | step=18700 train_loss=5.630421 lr=0.00010000
2026-04-19 23:24:56,553 | INFO | step=18725 train_loss=5.619904 lr=0.00010000
2026-04-19 23:24:58,587 | INFO | step=18750 train_loss=4.527318 lr=0.00010000
2026-04-19 23:24:59,316 | INFO | epoch=29/50
2026-04-19 23:25:01,086 | INFO | step=18775 train_loss=5.447550 lr=0.00010000
2026-04-19 23:25:03,123 | INFO | step=18800 train_loss=5.858053 lr=0.00010000
2026-04-19 23:25:04,979 | INFO | step=18825 train_loss=5.474826 lr=0.00010000
2026-04-19 23:25:07,203 | INFO | step=18850 train_loss=5.189397 lr=0.00010000
2026-04-19 23:25:09,155 | INFO | step=18875 train_loss=4.244618 lr=0.00010000
2026-04-19 23:25:11,224 | INFO | step=18900 train_loss=4.661572 lr=0.00010000
2026-04-19 23:25:13,266 | INFO | step=18925 train_loss=4.005373 lr=0.00010000
2026-04-19 23:25:15,091 | INFO | step=18950 train_loss=5.254186 lr=0.00010000
2026-04-19 23:25:16,983 | INFO | step=18975 train_loss=3.905464 lr=0.00010000
2026-04-19 23:25:19,035 | INFO | step=19000 train_loss=5.330623 lr=0.00010000
2026-04-19 23:25:34,503 | INFO | new_best step=19000 val_loss=4.664461 val_accuracy=0.784545
2026-04-19 23:25:36,499 | INFO | step=19025 train_loss=5.288766 lr=0.00010000
2026-04-19 23:25:38,370 | INFO | step=19050 train_loss=5.314009 lr=0.00010000
2026-04-19 23:25:40,255 | INFO | step=19075 train_loss=4.497515 lr=0.00010000
2026-04-19 23:25:42,306 | INFO | step=19100 train_loss=4.485888 lr=0.00010000
2026-04-19 23:25:44,318 | INFO | step=19125 train_loss=4.991714 lr=0.00010000
2026-04-19 23:25:46,525 | INFO | step=19150 train_loss=5.899108 lr=0.00010000
2026-04-19 23:25:48,424 | INFO | step=19175 train_loss=5.349576 lr=0.00010000
2026-04-19 23:25:50,383 | INFO | step=19200 train_loss=5.432614 lr=0.00010000
2026-04-19 23:25:52,238 | INFO | step=19225 train_loss=4.214314 lr=0.00010000
2026-04-19 23:25:54,115 | INFO | step=19250 train_loss=5.269610 lr=0.00010000
2026-04-19 23:25:56,248 | INFO | step=19275 train_loss=5.705535 lr=0.00010000
2026-04-19 23:25:58,121 | INFO | step=19300 train_loss=4.792261 lr=0.00010000
2026-04-19 23:26:00,067 | INFO | step=19325 train_loss=4.789391 lr=0.00010000
2026-04-19 23:26:02,145 | INFO | step=19350 train_loss=4.576980 lr=0.00010000
2026-04-19 23:26:04,271 | INFO | step=19375 train_loss=4.318742 lr=0.00010000
2026-04-19 23:26:06,222 | INFO | step=19400 train_loss=5.510853 lr=0.00010000
2026-04-19 23:26:08,355 | INFO | step=19425 train_loss=4.830400 lr=0.00010000
2026-04-19 23:26:08,825 | INFO | epoch=30/50
2026-04-19 23:26:10,845 | INFO | step=19450 train_loss=5.259434 lr=0.00010000
2026-04-19 23:26:12,788 | INFO | step=19475 train_loss=4.200848 lr=0.00010000
2026-04-19 23:26:14,953 | INFO | step=19500 train_loss=4.130093 lr=0.00010000
2026-04-19 23:26:17,168 | INFO | step=19525 train_loss=4.422324 lr=0.00010000
2026-04-19 23:26:19,167 | INFO | step=19550 train_loss=4.724193 lr=0.00010000
2026-04-19 23:26:21,164 | INFO | step=19575 train_loss=5.350473 lr=0.00010000
2026-04-19 23:26:23,044 | INFO | step=19600 train_loss=5.065871 lr=0.00010000
2026-04-19 23:26:25,253 | INFO | step=19625 train_loss=5.181822 lr=0.00010000
2026-04-19 23:26:27,348 | INFO | step=19650 train_loss=4.199245 lr=0.00010000
2026-04-19 23:26:29,547 | INFO | step=19675 train_loss=5.110559 lr=0.00010000
2026-04-19 23:26:31,544 | INFO | step=19700 train_loss=3.866788 lr=0.00010000
2026-04-19 23:26:33,746 | INFO | step=19725 train_loss=4.125621 lr=0.00010000
2026-04-19 23:26:35,686 | INFO | step=19750 train_loss=5.444977 lr=0.00010000
2026-04-19 23:26:37,735 | INFO | step=19775 train_loss=4.355956 lr=0.00010000
2026-04-19 23:26:39,647 | INFO | step=19800 train_loss=4.865461 lr=0.00010000
2026-04-19 23:26:41,731 | INFO | step=19825 train_loss=4.591034 lr=0.00010000
2026-04-19 23:26:43,593 | INFO | step=19850 train_loss=5.676793 lr=0.00010000
2026-04-19 23:26:45,483 | INFO | step=19875 train_loss=5.852746 lr=0.00010000
2026-04-19 23:26:47,294 | INFO | step=19900 train_loss=5.343496 lr=0.00010000
2026-04-19 23:26:49,219 | INFO | step=19925 train_loss=4.598477 lr=0.00010000
2026-04-19 23:26:51,020 | INFO | step=19950 train_loss=5.045259 lr=0.00010000
2026-04-19 23:26:53,004 | INFO | step=19975 train_loss=5.816488 lr=0.00010000
2026-04-19 23:26:54,746 | INFO | step=20000 train_loss=5.156110 lr=0.00010000
2026-04-19 23:27:06,004 | INFO | new_best step=20000 val_loss=4.633887 val_accuracy=0.786737
2026-04-19 23:27:07,905 | INFO | step=20025 train_loss=5.067055 lr=0.00010000
2026-04-19 23:27:09,998 | INFO | step=20050 train_loss=5.083654 lr=0.00010000
2026-04-19 23:27:11,977 | INFO | step=20075 train_loss=5.437768 lr=0.00010000
2026-04-19 23:27:13,719 | INFO | step=20100 train_loss=4.196805 lr=0.00010000
2026-04-19 23:27:13,919 | INFO | epoch=31/50
2026-04-19 23:27:16,430 | INFO | step=20125 train_loss=5.081744 lr=0.00010000
2026-04-19 23:27:18,620 | INFO | step=20150 train_loss=4.058780 lr=0.00010000
2026-04-19 23:27:20,458 | INFO | step=20175 train_loss=5.749546 lr=0.00010000
2026-04-19 23:27:22,403 | INFO | step=20200 train_loss=4.806015 lr=0.00010000
2026-04-19 23:27:24,470 | INFO | step=20225 train_loss=5.564171 lr=0.00010000
2026-04-19 23:27:26,224 | INFO | step=20250 train_loss=5.588917 lr=0.00010000
2026-04-19 23:27:28,420 | INFO | step=20275 train_loss=4.963551 lr=0.00010000
2026-04-19 23:27:30,474 | INFO | step=20300 train_loss=5.000596 lr=0.00010000
2026-04-19 23:27:32,406 | INFO | step=20325 train_loss=5.768127 lr=0.00010000
2026-04-19 23:27:34,700 | INFO | step=20350 train_loss=5.104719 lr=0.00010000
2026-04-19 23:27:36,598 | INFO | step=20375 train_loss=4.426615 lr=0.00010000
2026-04-19 23:27:38,659 | INFO | step=20400 train_loss=4.331726 lr=0.00010000
2026-04-19 23:27:40,577 | INFO | step=20425 train_loss=4.889838 lr=0.00010000
2026-04-19 23:27:42,449 | INFO | step=20450 train_loss=5.372039 lr=0.00010000
2026-04-19 23:27:44,359 | INFO | step=20475 train_loss=4.264883 lr=0.00010000
2026-04-19 23:27:46,299 | INFO | step=20500 train_loss=4.817320 lr=0.00010000
2026-04-19 23:27:48,464 | INFO | step=20525 train_loss=4.409736 lr=0.00010000
2026-04-19 23:27:50,374 | INFO | step=20550 train_loss=5.033272 lr=0.00010000
2026-04-19 23:27:52,325 | INFO | step=20575 train_loss=4.692856 lr=0.00010000
2026-04-19 23:27:54,336 | INFO | step=20600 train_loss=5.105150 lr=0.00010000
2026-04-19 23:27:56,282 | INFO | step=20625 train_loss=5.828295 lr=0.00010000
2026-04-19 23:27:58,279 | INFO | step=20650 train_loss=5.657419 lr=0.00010000
2026-04-19 23:28:00,288 | INFO | step=20675 train_loss=4.341837 lr=0.00010000
2026-04-19 23:28:02,200 | INFO | step=20700 train_loss=4.728253 lr=0.00010000
2026-04-19 23:28:04,370 | INFO | step=20725 train_loss=5.964867 lr=0.00010000
2026-04-19 23:28:06,116 | INFO | step=20750 train_loss=5.188077 lr=0.00010000
2026-04-19 23:28:07,768 | INFO | epoch=32/50
2026-04-19 23:28:08,568 | INFO | step=20775 train_loss=5.558397 lr=0.00010000
2026-04-19 23:28:10,466 | INFO | step=20800 train_loss=4.267613 lr=0.00010000
2026-04-19 23:28:12,525 | INFO | step=20825 train_loss=4.885289 lr=0.00010000
2026-04-19 23:28:14,499 | INFO | step=20850 train_loss=3.612713 lr=0.00010000
2026-04-19 23:28:16,288 | INFO | step=20875 train_loss=4.570735 lr=0.00010000
2026-04-19 23:28:18,152 | INFO | step=20900 train_loss=5.144599 lr=0.00010000
2026-04-19 23:28:20,183 | INFO | step=20925 train_loss=4.237165 lr=0.00010000
2026-04-19 23:28:22,142 | INFO | step=20950 train_loss=5.468666 lr=0.00010000
2026-04-19 23:28:23,900 | INFO | step=20975 train_loss=4.729341 lr=0.00010000
2026-04-19 23:28:25,759 | INFO | step=21000 train_loss=5.085039 lr=0.00010000
2026-04-19 23:28:38,237 | INFO | new_best step=21000 val_loss=4.582921 val_accuracy=0.788427
2026-04-19 23:28:40,104 | INFO | step=21025 train_loss=4.066710 lr=0.00010000
2026-04-19 23:28:42,037 | INFO | step=21050 train_loss=4.499104 lr=0.00010000
2026-04-19 23:28:44,094 | INFO | step=21075 train_loss=4.949122 lr=0.00010000
2026-04-19 23:28:46,155 | INFO | step=21100 train_loss=4.744876 lr=0.00010000
2026-04-19 23:28:48,113 | INFO | step=21125 train_loss=4.722617 lr=0.00010000
2026-04-19 23:28:50,147 | INFO | step=21150 train_loss=4.879597 lr=0.00010000
2026-04-19 23:28:52,248 | INFO | step=21175 train_loss=5.091754 lr=0.00010000
2026-04-19 23:28:54,270 | INFO | step=21200 train_loss=5.408189 lr=0.00010000
2026-04-19 23:28:56,284 | INFO | step=21225 train_loss=4.651993 lr=0.00010000
2026-04-19 23:28:58,315 | INFO | step=21250 train_loss=4.038864 lr=0.00010000
2026-04-19 23:29:00,734 | INFO | step=21275 train_loss=5.672410 lr=0.00010000
2026-04-19 23:29:03,380 | INFO | step=21300 train_loss=4.567719 lr=0.00010000
2026-04-19 23:29:05,707 | INFO | step=21325 train_loss=4.456625 lr=0.00010000
2026-04-19 23:29:07,987 | INFO | step=21350 train_loss=4.218769 lr=0.00010000
2026-04-19 23:29:10,160 | INFO | step=21375 train_loss=4.662879 lr=0.00010000
2026-04-19 23:29:12,148 | INFO | step=21400 train_loss=5.168616 lr=0.00010000
2026-04-19 23:29:14,107 | INFO | step=21425 train_loss=5.006135 lr=0.00010000
2026-04-19 23:29:15,367 | INFO | epoch=33/50
2026-04-19 23:29:16,518 | INFO | step=21450 train_loss=5.277504 lr=0.00010000
2026-04-19 23:29:18,524 | INFO | step=21475 train_loss=4.468315 lr=0.00010000
2026-04-19 23:29:20,762 | INFO | step=21500 train_loss=5.334517 lr=0.00010000
2026-04-19 23:29:22,961 | INFO | step=21525 train_loss=4.797141 lr=0.00010000
2026-04-19 23:29:24,897 | INFO | step=21550 train_loss=4.903415 lr=0.00010000
2026-04-19 23:29:27,147 | INFO | step=21575 train_loss=5.028587 lr=0.00010000
2026-04-19 23:29:29,201 | INFO | step=21600 train_loss=4.694206 lr=0.00010000
2026-04-19 23:29:31,260 | INFO | step=21625 train_loss=4.328292 lr=0.00010000
2026-04-19 23:29:33,454 | INFO | step=21650 train_loss=4.958622 lr=0.00010000
2026-04-19 23:29:35,391 | INFO | step=21675 train_loss=5.489253 lr=0.00010000
2026-04-19 23:29:37,591 | INFO | step=21700 train_loss=5.570332 lr=0.00010000
2026-04-19 23:29:39,726 | INFO | step=21725 train_loss=4.591359 lr=0.00010000
2026-04-19 23:29:41,845 | INFO | step=21750 train_loss=5.284953 lr=0.00010000
2026-04-19 23:29:43,815 | INFO | step=21775 train_loss=4.058566 lr=0.00010000
2026-04-19 23:29:45,727 | INFO | step=21800 train_loss=4.093477 lr=0.00010000
2026-04-19 23:29:47,869 | INFO | step=21825 train_loss=5.160788 lr=0.00010000
2026-04-19 23:29:49,953 | INFO | step=21850 train_loss=5.462449 lr=0.00010000
2026-04-19 23:29:51,966 | INFO | step=21875 train_loss=5.133718 lr=0.00010000
2026-04-19 23:29:54,219 | INFO | step=21900 train_loss=4.463282 lr=0.00010000
2026-04-19 23:29:56,554 | INFO | step=21925 train_loss=5.095266 lr=0.00010000
2026-04-19 23:29:58,620 | INFO | step=21950 train_loss=5.762922 lr=0.00010000
2026-04-19 23:30:00,874 | INFO | step=21975 train_loss=4.554038 lr=0.00010000
2026-04-19 23:30:02,972 | INFO | step=22000 train_loss=4.921396 lr=0.00010000
2026-04-19 23:30:14,367 | INFO | new_best step=22000 val_loss=4.569237 val_accuracy=0.789991
2026-04-19 23:30:16,325 | INFO | step=22025 train_loss=5.132774 lr=0.00010000
2026-04-19 23:30:18,229 | INFO | step=22050 train_loss=5.130953 lr=0.00010000
2026-04-19 23:30:20,344 | INFO | step=22075 train_loss=4.130813 lr=0.00010000
2026-04-19 23:30:22,268 | INFO | step=22100 train_loss=4.652183 lr=0.00010000
2026-04-19 23:30:23,102 | INFO | epoch=34/50
2026-04-19 23:30:24,699 | INFO | step=22125 train_loss=4.285322 lr=0.00010000
2026-04-19 23:30:26,975 | INFO | step=22150 train_loss=5.763970 lr=0.00010000
2026-04-19 23:30:28,988 | INFO | step=22175 train_loss=5.661282 lr=0.00010000
2026-04-19 23:30:31,180 | INFO | step=22200 train_loss=5.531549 lr=0.00010000
2026-04-19 23:30:33,138 | INFO | step=22225 train_loss=5.590759 lr=0.00010000
2026-04-19 23:30:35,259 | INFO | step=22250 train_loss=4.576759 lr=0.00010000
2026-04-19 23:30:37,268 | INFO | step=22275 train_loss=4.054189 lr=0.00010000
2026-04-19 23:30:39,223 | INFO | step=22300 train_loss=4.988521 lr=0.00010000
2026-04-19 23:30:41,052 | INFO | step=22325 train_loss=4.868735 lr=0.00010000
2026-04-19 23:30:43,104 | INFO | step=22350 train_loss=5.475976 lr=0.00010000
2026-04-19 23:30:45,351 | INFO | step=22375 train_loss=4.598975 lr=0.00010000
2026-04-19 23:30:47,475 | INFO | step=22400 train_loss=5.259272 lr=0.00010000
2026-04-19 23:30:49,338 | INFO | step=22425 train_loss=4.241482 lr=0.00010000
2026-04-19 23:30:51,343 | INFO | step=22450 train_loss=5.848865 lr=0.00010000
2026-04-19 23:30:53,242 | INFO | step=22475 train_loss=5.425445 lr=0.00010000
2026-04-19 23:30:55,248 | INFO | step=22500 train_loss=5.884128 lr=0.00010000
2026-04-19 23:30:57,431 | INFO | step=22525 train_loss=5.423459 lr=0.00010000
2026-04-19 23:30:59,618 | INFO | step=22550 train_loss=5.488599 lr=0.00010000
2026-04-19 23:31:01,625 | INFO | step=22575 train_loss=4.711970 lr=0.00010000
2026-04-19 23:31:03,527 | INFO | step=22600 train_loss=5.009551 lr=0.00010000
2026-04-19 23:31:05,607 | INFO | step=22625 train_loss=5.705658 lr=0.00010000
2026-04-19 23:31:07,776 | INFO | step=22650 train_loss=3.941597 lr=0.00010000
2026-04-19 23:31:09,835 | INFO | step=22675 train_loss=4.565920 lr=0.00010000
2026-04-19 23:31:11,738 | INFO | step=22700 train_loss=5.143652 lr=0.00010000
2026-04-19 23:31:13,702 | INFO | step=22725 train_loss=4.600885 lr=0.00010000
2026-04-19 23:31:15,764 | INFO | step=22750 train_loss=4.447250 lr=0.00010000
2026-04-19 23:31:17,705 | INFO | step=22775 train_loss=4.465057 lr=0.00010000
2026-04-19 23:31:18,212 | INFO | epoch=35/50
2026-04-19 23:31:20,224 | INFO | step=22800 train_loss=4.366253 lr=0.00010000
2026-04-19 23:31:22,262 | INFO | step=22825 train_loss=4.529802 lr=0.00010000
2026-04-19 23:31:24,341 | INFO | step=22850 train_loss=4.225852 lr=0.00010000
2026-04-19 23:31:26,500 | INFO | step=22875 train_loss=5.000782 lr=0.00010000
2026-04-19 23:31:28,432 | INFO | step=22900 train_loss=5.786047 lr=0.00010000
2026-04-19 23:31:30,441 | INFO | step=22925 train_loss=5.353944 lr=0.00010000
2026-04-19 23:31:32,441 | INFO | step=22950 train_loss=4.175437 lr=0.00010000
2026-04-19 23:31:34,384 | INFO | step=22975 train_loss=4.196291 lr=0.00010000
2026-04-19 23:31:36,353 | INFO | step=23000 train_loss=4.284844 lr=0.00010000
2026-04-19 23:31:48,088 | INFO | new_best step=23000 val_loss=4.500233 val_accuracy=0.792097
2026-04-19 23:31:50,346 | INFO | step=23025 train_loss=4.396531 lr=0.00010000
2026-04-19 23:31:52,265 | INFO | step=23050 train_loss=5.293106 lr=0.00010000
2026-04-19 23:31:54,366 | INFO | step=23075 train_loss=4.724758 lr=0.00010000
2026-04-19 23:31:56,329 | INFO | step=23100 train_loss=5.483581 lr=0.00010000
2026-04-19 23:31:58,334 | INFO | step=23125 train_loss=5.305658 lr=0.00010000
2026-04-19 23:32:00,407 | INFO | step=23150 train_loss=4.266251 lr=0.00010000
2026-04-19 23:32:02,376 | INFO | step=23175 train_loss=4.824419 lr=0.00010000
2026-04-19 23:32:04,272 | INFO | step=23200 train_loss=4.793862 lr=0.00010000
2026-04-19 23:32:06,306 | INFO | step=23225 train_loss=5.082749 lr=0.00010000
2026-04-19 23:32:08,392 | INFO | step=23250 train_loss=5.820879 lr=0.00010000
2026-04-19 23:32:10,372 | INFO | step=23275 train_loss=4.328817 lr=0.00010000
2026-04-19 23:32:12,519 | INFO | step=23300 train_loss=3.734145 lr=0.00010000
2026-04-19 23:32:14,552 | INFO | step=23325 train_loss=5.596617 lr=0.00010000
2026-04-19 23:32:16,603 | INFO | step=23350 train_loss=4.555521 lr=0.00010000
2026-04-19 23:32:18,899 | INFO | step=23375 train_loss=4.702746 lr=0.00010000
2026-04-19 23:32:20,879 | INFO | step=23400 train_loss=4.018896 lr=0.00010000
2026-04-19 23:32:22,802 | INFO | step=23425 train_loss=4.317885 lr=0.00010000
2026-04-19 23:32:24,500 | INFO | step=23450 train_loss=4.690500 lr=0.00010000
2026-04-19 23:32:24,717 | INFO | epoch=36/50
2026-04-19 23:32:27,198 | INFO | step=23475 train_loss=5.708628 lr=0.00010000
2026-04-19 23:32:29,193 | INFO | step=23500 train_loss=4.751221 lr=0.00010000
2026-04-19 23:32:31,289 | INFO | step=23525 train_loss=4.252552 lr=0.00010000
2026-04-19 23:32:33,238 | INFO | step=23550 train_loss=4.839379 lr=0.00010000
2026-04-19 23:32:35,378 | INFO | step=23575 train_loss=5.196372 lr=0.00010000
2026-04-19 23:32:37,430 | INFO | step=23600 train_loss=4.872325 lr=0.00010000
2026-04-19 23:32:39,502 | INFO | step=23625 train_loss=4.485219 lr=0.00010000
2026-04-19 23:32:41,566 | INFO | step=23650 train_loss=5.102399 lr=0.00010000
2026-04-19 23:32:43,538 | INFO | step=23675 train_loss=4.764965 lr=0.00010000
2026-04-19 23:32:45,799 | INFO | step=23700 train_loss=5.217899 lr=0.00010000
2026-04-19 23:32:48,228 | INFO | step=23725 train_loss=4.668129 lr=0.00010000
2026-04-19 23:32:50,282 | INFO | step=23750 train_loss=3.924053 lr=0.00010000
2026-04-19 23:32:52,217 | INFO | step=23775 train_loss=4.714056 lr=0.00010000
2026-04-19 23:32:54,396 | INFO | step=23800 train_loss=4.872874 lr=0.00010000
2026-04-19 23:32:56,737 | INFO | step=23825 train_loss=4.684046 lr=0.00010000
2026-04-19 23:32:59,050 | INFO | step=23850 train_loss=4.352693 lr=0.00010000
2026-04-19 23:33:01,073 | INFO | step=23875 train_loss=4.683427 lr=0.00010000
2026-04-19 23:33:03,055 | INFO | step=23900 train_loss=4.766815 lr=0.00010000
2026-04-19 23:33:05,125 | INFO | step=23925 train_loss=4.641449 lr=0.00010000
2026-04-19 23:33:07,352 | INFO | step=23950 train_loss=5.513588 lr=0.00010000
2026-04-19 23:33:09,380 | INFO | step=23975 train_loss=4.727662 lr=0.00010000
2026-04-19 23:33:11,418 | INFO | step=24000 train_loss=4.435099 lr=0.00010000
2026-04-19 23:33:21,838 | INFO | new_best step=24000 val_loss=4.472795 val_accuracy=0.792908
2026-04-19 23:33:23,715 | INFO | step=24025 train_loss=4.432938 lr=0.00010000
2026-04-19 23:33:25,891 | INFO | step=24050 train_loss=4.370987 lr=0.00010000
2026-04-19 23:33:27,912 | INFO | step=24075 train_loss=6.202538 lr=0.00010000
2026-04-19 23:33:30,235 | INFO | step=24100 train_loss=4.698520 lr=0.00010000
2026-04-19 23:33:31,954 | INFO | epoch=37/50
2026-04-19 23:33:32,933 | INFO | step=24125 train_loss=5.246010 lr=0.00010000
2026-04-19 23:33:34,946 | INFO | step=24150 train_loss=4.774937 lr=0.00010000
2026-04-19 23:33:37,066 | INFO | step=24175 train_loss=5.189689 lr=0.00010000
2026-04-19 23:33:38,985 | INFO | step=24200 train_loss=4.151230 lr=0.00010000
2026-04-19 23:33:40,881 | INFO | step=24225 train_loss=4.659112 lr=0.00010000
2026-04-19 23:33:43,082 | INFO | step=24250 train_loss=3.816804 lr=0.00010000
2026-04-19 23:33:45,320 | INFO | step=24275 train_loss=4.560865 lr=0.00010000
2026-04-19 23:33:47,717 | INFO | step=24300 train_loss=5.409712 lr=0.00010000
2026-04-19 23:33:50,101 | INFO | step=24325 train_loss=3.921268 lr=0.00010000
2026-04-19 23:33:52,257 | INFO | step=24350 train_loss=5.102483 lr=0.00010000
2026-04-19 23:33:54,353 | INFO | step=24375 train_loss=4.138741 lr=0.00010000
2026-04-19 23:33:56,681 | INFO | step=24400 train_loss=5.491264 lr=0.00010000
2026-04-19 23:33:58,665 | INFO | step=24425 train_loss=4.195858 lr=0.00010000
2026-04-19 23:34:00,779 | INFO | step=24450 train_loss=4.524134 lr=0.00010000
2026-04-19 23:34:03,086 | INFO | step=24475 train_loss=4.658155 lr=0.00010000
2026-04-19 23:34:05,225 | INFO | step=24500 train_loss=5.186904 lr=0.00010000
2026-04-19 23:34:07,345 | INFO | step=24525 train_loss=4.121024 lr=0.00010000
2026-04-19 23:34:09,361 | INFO | step=24550 train_loss=4.800282 lr=0.00010000
2026-04-19 23:34:11,651 | INFO | step=24575 train_loss=4.523536 lr=0.00010000
2026-04-19 23:34:13,985 | INFO | step=24600 train_loss=4.803029 lr=0.00010000
2026-04-19 23:34:16,058 | INFO | step=24625 train_loss=5.051023 lr=0.00010000
2026-04-19 23:34:17,994 | INFO | step=24650 train_loss=3.955093 lr=0.00010000
2026-04-19 23:34:19,927 | INFO | step=24675 train_loss=5.943630 lr=0.00010000
2026-04-19 23:34:22,365 | INFO | step=24700 train_loss=5.915298 lr=0.00010000
2026-04-19 23:34:24,462 | INFO | step=24725 train_loss=4.564130 lr=0.00010000
2026-04-19 23:34:26,805 | INFO | step=24750 train_loss=4.219270 lr=0.00010000
2026-04-19 23:34:29,025 | INFO | step=24775 train_loss=4.552217 lr=0.00010000
2026-04-19 23:34:30,394 | INFO | epoch=38/50
2026-04-19 23:34:31,971 | INFO | step=24800 train_loss=4.325613 lr=0.00010000
2026-04-19 23:34:33,957 | INFO | step=24825 train_loss=4.374282 lr=0.00010000
2026-04-19 23:34:36,522 | INFO | step=24850 train_loss=4.270937 lr=0.00010000
2026-04-19 23:34:39,144 | INFO | step=24875 train_loss=5.662535 lr=0.00010000
2026-04-19 23:34:41,550 | INFO | step=24900 train_loss=4.953224 lr=0.00010000
2026-04-19 23:34:43,903 | INFO | step=24925 train_loss=4.095946 lr=0.00010000
2026-04-19 23:34:46,008 | INFO | step=24950 train_loss=4.770188 lr=0.00010000
2026-04-19 23:34:48,437 | INFO | step=24975 train_loss=4.710569 lr=0.00010000
2026-04-19 23:34:50,858 | INFO | step=25000 train_loss=5.220377 lr=0.00010000
2026-04-19 23:35:01,183 | INFO | new_best step=25000 val_loss=4.442747 val_accuracy=0.794397
2026-04-19 23:35:03,758 | INFO | step=25025 train_loss=5.515739 lr=0.00010000
2026-04-19 23:35:06,530 | INFO | step=25050 train_loss=4.301048 lr=0.00010000
2026-04-19 23:35:09,140 | INFO | step=25075 train_loss=4.389409 lr=0.00010000
2026-04-19 23:35:11,672 | INFO | step=25100 train_loss=4.311672 lr=0.00010000
2026-04-19 23:35:14,056 | INFO | step=25125 train_loss=4.414009 lr=0.00010000
2026-04-19 23:35:16,659 | INFO | step=25150 train_loss=5.587342 lr=0.00010000
2026-04-19 23:35:19,031 | INFO | step=25175 train_loss=5.406385 lr=0.00010000
2026-04-19 23:35:21,587 | INFO | step=25200 train_loss=4.546673 lr=0.00010000
2026-04-19 23:35:23,846 | INFO | step=25225 train_loss=4.956041 lr=0.00010000
2026-04-19 23:35:26,350 | INFO | step=25250 train_loss=4.962107 lr=0.00010000
2026-04-19 23:35:28,992 | INFO | step=25275 train_loss=4.220919 lr=0.00010000
2026-04-19 23:35:31,322 | INFO | step=25300 train_loss=4.480745 lr=0.00010000
2026-04-19 23:35:33,706 | INFO | step=25325 train_loss=3.869836 lr=0.00010000
2026-04-19 23:35:36,079 | INFO | step=25350 train_loss=4.455881 lr=0.00010000
2026-04-19 23:35:38,571 | INFO | step=25375 train_loss=5.569744 lr=0.00010000
2026-04-19 23:35:40,823 | INFO | step=25400 train_loss=3.463666 lr=0.00010000
2026-04-19 23:35:43,533 | INFO | step=25425 train_loss=4.134566 lr=0.00010000
2026-04-19 23:35:45,760 | INFO | step=25450 train_loss=4.983621 lr=0.00010000
2026-04-19 23:35:46,757 | INFO | epoch=39/50
2026-04-19 23:35:48,778 | INFO | step=25475 train_loss=4.447583 lr=0.00010000
2026-04-19 23:35:51,350 | INFO | step=25500 train_loss=5.300485 lr=0.00010000
2026-04-19 23:35:54,210 | INFO | step=25525 train_loss=4.812483 lr=0.00010000
2026-04-19 23:35:57,999 | INFO | step=25550 train_loss=5.637377 lr=0.00010000
2026-04-19 23:36:01,815 | INFO | step=25575 train_loss=3.909197 lr=0.00010000
2026-04-19 23:36:05,010 | INFO | step=25600 train_loss=3.988621 lr=0.00010000
2026-04-19 23:36:08,662 | INFO | step=25625 train_loss=4.780496 lr=0.00010000
2026-04-19 23:36:11,498 | INFO | step=25650 train_loss=4.777094 lr=0.00010000
2026-04-19 23:36:14,400 | INFO | step=25675 train_loss=3.773424 lr=0.00010000
2026-04-19 23:36:16,988 | INFO | step=25700 train_loss=4.710403 lr=0.00010000
2026-04-19 23:36:19,539 | INFO | step=25725 train_loss=4.864635 lr=0.00010000
2026-04-19 23:36:21,949 | INFO | step=25750 train_loss=3.463306 lr=0.00010000
2026-04-19 23:36:24,138 | INFO | step=25775 train_loss=5.550027 lr=0.00010000
2026-04-19 23:36:26,194 | INFO | step=25800 train_loss=4.247816 lr=0.00010000
2026-04-19 23:36:28,226 | INFO | step=25825 train_loss=4.488667 lr=0.00010000
2026-04-19 23:36:30,610 | INFO | step=25850 train_loss=5.033835 lr=0.00010000
2026-04-19 23:36:32,813 | INFO | step=25875 train_loss=4.826524 lr=0.00010000
2026-04-19 23:36:35,045 | INFO | step=25900 train_loss=4.155662 lr=0.00010000
2026-04-19 23:36:37,237 | INFO | step=25925 train_loss=5.262408 lr=0.00010000
2026-04-19 23:36:39,581 | INFO | step=25950 train_loss=4.344726 lr=0.00010000
2026-04-19 23:36:41,558 | INFO | step=25975 train_loss=4.122845 lr=0.00010000
2026-04-19 23:36:43,714 | INFO | step=26000 train_loss=4.933008 lr=0.00010000
2026-04-19 23:36:56,197 | INFO | new_best step=26000 val_loss=4.415225 val_accuracy=0.795892
2026-04-19 23:36:58,213 | INFO | step=26025 train_loss=4.960326 lr=0.00010000
2026-04-19 23:37:00,385 | INFO | step=26050 train_loss=4.473647 lr=0.00010000
2026-04-19 23:37:02,649 | INFO | step=26075 train_loss=4.790258 lr=0.00010000
2026-04-19 23:37:04,691 | INFO | step=26100 train_loss=4.943225 lr=0.00010000
2026-04-19 23:37:06,707 | INFO | step=26125 train_loss=4.903622 lr=0.00010000
2026-04-19 23:37:07,201 | INFO | epoch=40/50
2026-04-19 23:37:08,994 | INFO | step=26150 train_loss=5.243507 lr=0.00010000
2026-04-19 23:37:10,933 | INFO | step=26175 train_loss=4.275506 lr=0.00010000
2026-04-19 23:37:13,114 | INFO | step=26200 train_loss=4.883004 lr=0.00010000
2026-04-19 23:37:15,007 | INFO | step=26225 train_loss=5.193191 lr=0.00010000
2026-04-19 23:37:16,897 | INFO | step=26250 train_loss=5.131646 lr=0.00010000
2026-04-19 23:37:18,906 | INFO | step=26275 train_loss=4.362440 lr=0.00010000
2026-04-19 23:37:20,816 | INFO | step=26300 train_loss=5.518639 lr=0.00010000
2026-04-19 23:37:22,752 | INFO | step=26325 train_loss=4.789345 lr=0.00010000
2026-04-19 23:37:24,851 | INFO | step=26350 train_loss=2.960559 lr=0.00010000
2026-04-19 23:37:26,776 | INFO | step=26375 train_loss=5.318304 lr=0.00010000
2026-04-19 23:37:28,750 | INFO | step=26400 train_loss=4.744364 lr=0.00010000
2026-04-19 23:37:30,753 | INFO | step=26425 train_loss=5.459281 lr=0.00010000
2026-04-19 23:37:32,623 | INFO | step=26450 train_loss=5.811507 lr=0.00010000
2026-04-19 23:37:34,708 | INFO | step=26475 train_loss=4.902305 lr=0.00010000
2026-04-19 23:37:36,857 | INFO | step=26500 train_loss=4.839280 lr=0.00010000
2026-04-19 23:37:38,868 | INFO | step=26525 train_loss=4.665283 lr=0.00010000
2026-04-19 23:37:40,934 | INFO | step=26550 train_loss=4.452738 lr=0.00010000
2026-04-19 23:37:43,023 | INFO | step=26575 train_loss=4.623765 lr=0.00010000
2026-04-19 23:37:45,015 | INFO | step=26600 train_loss=4.538412 lr=0.00010000
2026-04-19 23:37:46,950 | INFO | step=26625 train_loss=4.702756 lr=0.00010000
2026-04-19 23:37:49,023 | INFO | step=26650 train_loss=5.234052 lr=0.00010000
2026-04-19 23:37:50,917 | INFO | step=26675 train_loss=5.093385 lr=0.00010000
2026-04-19 23:37:52,984 | INFO | step=26700 train_loss=3.794727 lr=0.00010000
2026-04-19 23:37:54,943 | INFO | step=26725 train_loss=4.221768 lr=0.00010000
2026-04-19 23:37:57,026 | INFO | step=26750 train_loss=4.326969 lr=0.00010000
2026-04-19 23:37:59,047 | INFO | step=26775 train_loss=4.219060 lr=0.00010000
2026-04-19 23:38:00,933 | INFO | step=26800 train_loss=4.511273 lr=0.00010000
2026-04-19 23:38:01,106 | INFO | epoch=41/50
2026-04-19 23:38:03,563 | INFO | step=26825 train_loss=4.393223 lr=0.00010000
2026-04-19 23:38:05,678 | INFO | step=26850 train_loss=4.513564 lr=0.00010000
2026-04-19 23:38:07,672 | INFO | step=26875 train_loss=4.551446 lr=0.00010000
2026-04-19 23:38:09,779 | INFO | step=26900 train_loss=4.480263 lr=0.00010000
2026-04-19 23:38:11,762 | INFO | step=26925 train_loss=4.103477 lr=0.00010000
2026-04-19 23:38:13,792 | INFO | step=26950 train_loss=5.006439 lr=0.00010000
2026-04-19 23:38:15,860 | INFO | step=26975 train_loss=4.087354 lr=0.00010000
2026-04-19 23:38:18,044 | INFO | step=27000 train_loss=4.255157 lr=0.00010000
2026-04-19 23:38:26,718 | INFO | new_best step=27000 val_loss=4.403119 val_accuracy=0.797155
2026-04-19 23:38:28,727 | INFO | step=27025 train_loss=4.100538 lr=0.00010000
2026-04-19 23:38:30,565 | INFO | step=27050 train_loss=4.291887 lr=0.00010000
2026-04-19 23:38:32,561 | INFO | step=27075 train_loss=4.021000 lr=0.00010000
2026-04-19 23:38:34,523 | INFO | step=27100 train_loss=4.901876 lr=0.00010000
2026-04-19 23:38:36,503 | INFO | step=27125 train_loss=4.992671 lr=0.00010000
2026-04-19 23:38:38,494 | INFO | step=27150 train_loss=4.073523 lr=0.00010000
2026-04-19 23:38:40,586 | INFO | step=27175 train_loss=4.592520 lr=0.00010000
2026-04-19 23:38:42,570 | INFO | step=27200 train_loss=3.964005 lr=0.00010000
2026-04-19 23:38:44,538 | INFO | step=27225 train_loss=3.713354 lr=0.00010000
2026-04-19 23:38:46,478 | INFO | step=27250 train_loss=3.815421 lr=0.00010000
2026-04-19 23:38:48,598 | INFO | step=27275 train_loss=4.424724 lr=0.00010000
2026-04-19 23:38:50,700 | INFO | step=27300 train_loss=4.817635 lr=0.00010000
2026-04-19 23:38:52,666 | INFO | step=27325 train_loss=4.453176 lr=0.00010000
2026-04-19 23:38:54,741 | INFO | step=27350 train_loss=5.552615 lr=0.00010000
2026-04-19 23:38:56,778 | INFO | step=27375 train_loss=4.686100 lr=0.00010000
2026-04-19 23:38:58,862 | INFO | step=27400 train_loss=5.033520 lr=0.00010000
2026-04-19 23:39:00,861 | INFO | step=27425 train_loss=5.074351 lr=0.00010000
2026-04-19 23:39:02,889 | INFO | step=27450 train_loss=4.473361 lr=0.00010000
2026-04-19 23:39:04,502 | INFO | epoch=42/50
2026-04-19 23:39:05,325 | INFO | step=27475 train_loss=5.394584 lr=0.00010000
2026-04-19 23:39:07,343 | INFO | step=27500 train_loss=4.517761 lr=0.00010000
2026-04-19 23:39:09,364 | INFO | step=27525 train_loss=4.307192 lr=0.00010000
2026-04-19 23:39:11,399 | INFO | step=27550 train_loss=4.219581 lr=0.00010000
2026-04-19 23:39:13,456 | INFO | step=27575 train_loss=4.097528 lr=0.00010000
2026-04-19 23:39:15,432 | INFO | step=27600 train_loss=4.164165 lr=0.00010000
2026-04-19 23:39:17,455 | INFO | step=27625 train_loss=4.678670 lr=0.00010000
2026-04-19 23:39:19,487 | INFO | step=27650 train_loss=4.519304 lr=0.00010000
2026-04-19 23:39:21,342 | INFO | step=27675 train_loss=4.494134 lr=0.00010000
2026-04-19 23:39:23,398 | INFO | step=27700 train_loss=4.857893 lr=0.00010000
2026-04-19 23:39:25,594 | INFO | step=27725 train_loss=6.052521 lr=0.00010000
2026-04-19 23:39:27,550 | INFO | step=27750 train_loss=3.960237 lr=0.00010000
2026-04-19 23:39:29,525 | INFO | step=27775 train_loss=5.004146 lr=0.00010000
2026-04-19 23:39:31,480 | INFO | step=27800 train_loss=4.229972 lr=0.00010000
2026-04-19 23:39:33,528 | INFO | step=27825 train_loss=3.888436 lr=0.00010000
2026-04-19 23:39:35,460 | INFO | step=27850 train_loss=4.761908 lr=0.00010000
2026-04-19 23:39:37,355 | INFO | step=27875 train_loss=5.041602 lr=0.00010000
2026-04-19 23:39:39,338 | INFO | step=27900 train_loss=4.846905 lr=0.00010000
2026-04-19 23:39:41,340 | INFO | step=27925 train_loss=5.056408 lr=0.00010000
2026-04-19 23:39:43,425 | INFO | step=27950 train_loss=4.934659 lr=0.00010000
2026-04-19 23:39:45,260 | INFO | step=27975 train_loss=3.990791 lr=0.00010000
2026-04-19 23:39:47,190 | INFO | step=28000 train_loss=5.024249 lr=0.00010000
2026-04-19 23:39:55,313 | INFO | new_best step=28000 val_loss=4.343391 val_accuracy=0.797471
2026-04-19 23:39:57,297 | INFO | step=28025 train_loss=4.645917 lr=0.00010000
2026-04-19 23:39:59,335 | INFO | step=28050 train_loss=5.244553 lr=0.00010000
2026-04-19 23:40:01,197 | INFO | step=28075 train_loss=5.103286 lr=0.00010000
2026-04-19 23:40:03,132 | INFO | step=28100 train_loss=4.194671 lr=0.00010000
2026-04-19 23:40:05,208 | INFO | step=28125 train_loss=4.850641 lr=0.00010000
2026-04-19 23:40:06,503 | INFO | epoch=43/50
2026-04-19 23:40:07,704 | INFO | step=28150 train_loss=4.629187 lr=0.00010000
2026-04-19 23:40:09,974 | INFO | step=28175 train_loss=4.988321 lr=0.00010000
2026-04-19 23:40:12,093 | INFO | step=28200 train_loss=4.898643 lr=0.00010000
2026-04-19 23:40:14,118 | INFO | step=28225 train_loss=4.881124 lr=0.00010000
2026-04-19 23:40:16,082 | INFO | step=28250 train_loss=4.268785 lr=0.00010000
2026-04-19 23:40:18,005 | INFO | step=28275 train_loss=4.386466 lr=0.00010000
2026-04-19 23:40:19,774 | INFO | step=28300 train_loss=4.914556 lr=0.00010000
2026-04-19 23:40:21,762 | INFO | step=28325 train_loss=4.591762 lr=0.00010000
2026-04-19 23:40:23,750 | INFO | step=28350 train_loss=4.061738 lr=0.00010000
2026-04-19 23:40:25,847 | INFO | step=28375 train_loss=4.368711 lr=0.00010000
2026-04-19 23:40:27,970 | INFO | step=28400 train_loss=4.376845 lr=0.00010000
2026-04-19 23:40:29,842 | INFO | step=28425 train_loss=4.550961 lr=0.00010000
2026-04-19 23:40:31,887 | INFO | step=28450 train_loss=4.300553 lr=0.00010000
2026-04-19 23:40:34,006 | INFO | step=28475 train_loss=5.046562 lr=0.00010000
2026-04-19 23:40:35,985 | INFO | step=28500 train_loss=4.168199 lr=0.00010000
2026-04-19 23:40:37,847 | INFO | step=28525 train_loss=4.303474 lr=0.00010000
2026-04-19 23:40:39,742 | INFO | step=28550 train_loss=3.944526 lr=0.00010000
2026-04-19 23:40:41,857 | INFO | step=28575 train_loss=4.440410 lr=0.00010000
2026-04-19 23:40:44,063 | INFO | step=28600 train_loss=4.739027 lr=0.00010000
2026-04-19 23:40:46,048 | INFO | step=28625 train_loss=5.124679 lr=0.00010000
2026-04-19 23:40:48,035 | INFO | step=28650 train_loss=3.779207 lr=0.00010000
2026-04-19 23:40:49,930 | INFO | step=28675 train_loss=4.422305 lr=0.00010000
2026-04-19 23:40:51,744 | INFO | step=28700 train_loss=4.898096 lr=0.00010000
2026-04-19 23:40:53,714 | INFO | step=28725 train_loss=5.070934 lr=0.00010000
2026-04-19 23:40:55,640 | INFO | step=28750 train_loss=4.805097 lr=0.00010000
2026-04-19 23:40:57,628 | INFO | step=28775 train_loss=3.278821 lr=0.00010000
2026-04-19 23:40:59,573 | INFO | step=28800 train_loss=4.908538 lr=0.00010000
2026-04-19 23:41:00,418 | INFO | epoch=44/50
2026-04-19 23:41:02,127 | INFO | step=28825 train_loss=4.907361 lr=0.00010000
2026-04-19 23:41:04,239 | INFO | step=28850 train_loss=4.167231 lr=0.00010000
2026-04-19 23:41:06,273 | INFO | step=28875 train_loss=4.588699 lr=0.00010000
2026-04-19 23:41:08,326 | INFO | step=28900 train_loss=3.942594 lr=0.00010000
2026-04-19 23:41:10,243 | INFO | step=28925 train_loss=4.700091 lr=0.00010000
2026-04-19 23:41:12,161 | INFO | step=28950 train_loss=4.584561 lr=0.00010000
2026-04-19 23:41:14,197 | INFO | step=28975 train_loss=4.130717 lr=0.00010000
2026-04-19 23:41:16,420 | INFO | step=29000 train_loss=4.566298 lr=0.00010000
2026-04-19 23:41:25,577 | INFO | new_best step=29000 val_loss=4.330816 val_accuracy=0.798838
2026-04-19 23:41:28,097 | INFO | step=29025 train_loss=4.352599 lr=0.00010000
2026-04-19 23:41:30,508 | INFO | step=29050 train_loss=4.324715 lr=0.00010000
2026-04-19 23:41:32,982 | INFO | step=29075 train_loss=4.814179 lr=0.00010000
2026-04-19 23:41:35,568 | INFO | step=29100 train_loss=4.252873 lr=0.00010000
2026-04-19 23:41:37,940 | INFO | step=29125 train_loss=4.907400 lr=0.00010000
2026-04-19 23:41:40,520 | INFO | step=29150 train_loss=4.033423 lr=0.00010000
2026-04-19 23:41:43,002 | INFO | step=29175 train_loss=4.029421 lr=0.00010000
2026-04-19 23:41:45,502 | INFO | step=29200 train_loss=5.125935 lr=0.00010000
2026-04-19 23:41:47,782 | INFO | step=29225 train_loss=3.742195 lr=0.00010000
2026-04-19 23:41:49,772 | INFO | step=29250 train_loss=4.849864 lr=0.00010000
2026-04-19 23:41:51,731 | INFO | step=29275 train_loss=4.593982 lr=0.00010000
2026-04-19 23:41:53,645 | INFO | step=29300 train_loss=3.952493 lr=0.00010000
2026-04-19 23:41:55,756 | INFO | step=29325 train_loss=3.729343 lr=0.00010000
2026-04-19 23:41:57,845 | INFO | step=29350 train_loss=4.396433 lr=0.00010000
2026-04-19 23:41:59,889 | INFO | step=29375 train_loss=2.889742 lr=0.00010000
2026-04-19 23:42:01,850 | INFO | step=29400 train_loss=4.924199 lr=0.00010000
2026-04-19 23:42:03,864 | INFO | step=29425 train_loss=3.906414 lr=0.00010000
2026-04-19 23:42:06,044 | INFO | step=29450 train_loss=4.594298 lr=0.00010000
2026-04-19 23:42:07,883 | INFO | step=29475 train_loss=4.220479 lr=0.00010000
2026-04-19 23:42:08,423 | INFO | epoch=45/50
2026-04-19 23:42:10,469 | INFO | step=29500 train_loss=4.197752 lr=0.00010000
2026-04-19 23:42:12,548 | INFO | step=29525 train_loss=4.188438 lr=0.00010000
2026-04-19 23:42:14,484 | INFO | step=29550 train_loss=3.749699 lr=0.00010000
2026-04-19 23:42:16,412 | INFO | step=29575 train_loss=3.484207 lr=0.00010000
2026-04-19 23:42:18,368 | INFO | step=29600 train_loss=4.259812 lr=0.00010000
2026-04-19 23:42:20,340 | INFO | step=29625 train_loss=4.019127 lr=0.00010000
2026-04-19 23:42:22,385 | INFO | step=29650 train_loss=4.857990 lr=0.00010000
2026-04-19 23:42:24,348 | INFO | step=29675 train_loss=4.999065 lr=0.00010000
2026-04-19 23:42:26,338 | INFO | step=29700 train_loss=4.737370 lr=0.00010000
2026-04-19 23:42:28,340 | INFO | step=29725 train_loss=4.857857 lr=0.00010000
2026-04-19 23:42:30,301 | INFO | step=29750 train_loss=5.436308 lr=0.00010000
2026-04-19 23:42:32,379 | INFO | step=29775 train_loss=3.604639 lr=0.00010000
2026-04-19 23:42:34,222 | INFO | step=29800 train_loss=4.197138 lr=0.00010000
2026-04-19 23:42:36,191 | INFO | step=29825 train_loss=4.606032 lr=0.00010000
2026-04-19 23:42:38,128 | INFO | step=29850 train_loss=4.292548 lr=0.00010000
2026-04-19 23:42:40,128 | INFO | step=29875 train_loss=4.266723 lr=0.00010000
2026-04-19 23:42:42,351 | INFO | step=29900 train_loss=5.311635 lr=0.00010000
2026-04-19 23:42:44,344 | INFO | step=29925 train_loss=4.459638 lr=0.00010000
2026-04-19 23:42:46,407 | INFO | step=29950 train_loss=4.568385 lr=0.00010000
2026-04-19 23:42:48,378 | INFO | step=29975 train_loss=3.893608 lr=0.00010000
2026-04-19 23:42:50,312 | INFO | step=30000 train_loss=4.777520 lr=0.00010000
2026-04-19 23:42:59,200 | INFO | new_best step=30000 val_loss=4.309701 val_accuracy=0.799406
2026-04-19 23:43:01,104 | INFO | step=30025 train_loss=4.010746 lr=0.00010000
2026-04-19 23:43:03,076 | INFO | step=30050 train_loss=4.770012 lr=0.00010000
2026-04-19 23:43:05,213 | INFO | step=30075 train_loss=4.852669 lr=0.00010000
2026-04-19 23:43:07,129 | INFO | step=30100 train_loss=4.757788 lr=0.00010000
2026-04-19 23:43:09,136 | INFO | step=30125 train_loss=4.364812 lr=0.00010000
2026-04-19 23:43:10,934 | INFO | step=30150 train_loss=4.135769 lr=0.00010000
2026-04-19 23:43:11,122 | INFO | epoch=46/50
2026-04-19 23:43:13,594 | INFO | step=30175 train_loss=4.471543 lr=0.00010000
2026-04-19 23:43:15,369 | INFO | step=30200 train_loss=4.627573 lr=0.00010000
2026-04-19 23:43:17,477 | INFO | step=30225 train_loss=3.354021 lr=0.00010000
2026-04-19 23:43:19,528 | INFO | step=30250 train_loss=4.416267 lr=0.00010000
2026-04-19 23:43:21,415 | INFO | step=30275 train_loss=5.219959 lr=0.00010000
2026-04-19 23:43:23,412 | INFO | step=30300 train_loss=4.888074 lr=0.00010000
2026-04-19 23:43:25,199 | INFO | step=30325 train_loss=4.913930 lr=0.00010000
2026-04-19 23:43:27,169 | INFO | step=30350 train_loss=5.001841 lr=0.00010000
2026-04-19 23:43:29,136 | INFO | step=30375 train_loss=4.712371 lr=0.00010000
2026-04-19 23:43:31,154 | INFO | step=30400 train_loss=4.004143 lr=0.00010000
2026-04-19 23:43:33,029 | INFO | step=30425 train_loss=5.850773 lr=0.00010000
2026-04-19 23:43:34,917 | INFO | step=30450 train_loss=4.448475 lr=0.00010000
2026-04-19 23:43:36,923 | INFO | step=30475 train_loss=4.096525 lr=0.00010000
2026-04-19 23:43:38,919 | INFO | step=30500 train_loss=4.936356 lr=0.00010000
2026-04-19 23:43:40,976 | INFO | step=30525 train_loss=5.353605 lr=0.00010000
2026-04-19 23:43:43,074 | INFO | step=30550 train_loss=4.145525 lr=0.00010000
2026-04-19 23:43:45,127 | INFO | step=30575 train_loss=4.913302 lr=0.00010000
2026-04-19 23:43:47,093 | INFO | step=30600 train_loss=4.038853 lr=0.00010000
2026-04-19 23:43:49,183 | INFO | step=30625 train_loss=5.836567 lr=0.00010000
2026-04-19 23:43:51,221 | INFO | step=30650 train_loss=4.970393 lr=0.00010000
2026-04-19 23:43:53,155 | INFO | step=30675 train_loss=4.553886 lr=0.00010000
2026-04-19 23:43:55,068 | INFO | step=30700 train_loss=4.204762 lr=0.00010000
2026-04-19 23:43:56,893 | INFO | step=30725 train_loss=4.003378 lr=0.00010000
2026-04-19 23:43:59,193 | INFO | step=30750 train_loss=4.128992 lr=0.00010000
2026-04-19 23:44:01,300 | INFO | step=30775 train_loss=3.351860 lr=0.00010000
2026-04-19 23:44:03,347 | INFO | step=30800 train_loss=4.113854 lr=0.00010000
2026-04-19 23:44:05,061 | INFO | epoch=47/50
2026-04-19 23:44:05,862 | INFO | step=30825 train_loss=4.547956 lr=0.00010000
2026-04-19 23:44:07,821 | INFO | step=30850 train_loss=4.916098 lr=0.00010000
2026-04-19 23:44:09,835 | INFO | step=30875 train_loss=4.698988 lr=0.00010000
2026-04-19 23:44:11,736 | INFO | step=30900 train_loss=5.059800 lr=0.00010000
2026-04-19 23:44:13,722 | INFO | step=30925 train_loss=4.129431 lr=0.00010000
2026-04-19 23:44:15,756 | INFO | step=30950 train_loss=5.128123 lr=0.00010000
2026-04-19 23:44:17,686 | INFO | step=30975 train_loss=5.284588 lr=0.00010000
2026-04-19 23:44:19,599 | INFO | step=31000 train_loss=4.093713 lr=0.00010000
2026-04-19 23:44:28,107 | INFO | new_best step=31000 val_loss=4.301992 val_accuracy=0.800938
2026-04-19 23:44:30,115 | INFO | step=31025 train_loss=4.938954 lr=0.00010000
2026-04-19 23:44:32,314 | INFO | step=31050 train_loss=4.342041 lr=0.00010000
2026-04-19 23:44:34,414 | INFO | step=31075 train_loss=4.786849 lr=0.00010000
2026-04-19 23:44:36,473 | INFO | step=31100 train_loss=4.201898 lr=0.00010000
2026-04-19 23:44:38,670 | INFO | step=31125 train_loss=5.119027 lr=0.00010000
2026-04-19 23:44:40,714 | INFO | step=31150 train_loss=4.786520 lr=0.00010000
2026-04-19 23:44:42,866 | INFO | step=31175 train_loss=4.092568 lr=0.00010000
2026-04-19 23:44:44,863 | INFO | step=31200 train_loss=4.973065 lr=0.00010000
2026-04-19 23:44:46,944 | INFO | step=31225 train_loss=4.909981 lr=0.00010000
2026-04-19 23:44:49,137 | INFO | step=31250 train_loss=5.418314 lr=0.00010000
2026-04-19 23:44:51,432 | INFO | step=31275 train_loss=4.778456 lr=0.00010000
2026-04-19 23:44:53,614 | INFO | step=31300 train_loss=4.596028 lr=0.00010000
2026-04-19 23:44:55,903 | INFO | step=31325 train_loss=3.668098 lr=0.00010000
2026-04-19 23:44:58,146 | INFO | step=31350 train_loss=4.428522 lr=0.00010000
2026-04-19 23:45:00,509 | INFO | step=31375 train_loss=3.914136 lr=0.00010000
2026-04-19 23:45:02,826 | INFO | step=31400 train_loss=4.074419 lr=0.00010000
2026-04-19 23:45:04,866 | INFO | step=31425 train_loss=4.882584 lr=0.00010000
2026-04-19 23:45:07,028 | INFO | step=31450 train_loss=4.716881 lr=0.00010000
2026-04-19 23:45:09,171 | INFO | step=31475 train_loss=4.637314 lr=0.00010000
2026-04-19 23:45:10,471 | INFO | epoch=48/50
2026-04-19 23:45:11,837 | INFO | step=31500 train_loss=4.984983 lr=0.00010000
2026-04-19 23:45:14,088 | INFO | step=31525 train_loss=4.542819 lr=0.00010000
2026-04-19 23:45:16,041 | INFO | step=31550 train_loss=5.164379 lr=0.00010000
2026-04-19 23:45:18,204 | INFO | step=31575 train_loss=4.355266 lr=0.00010000
2026-04-19 23:45:20,170 | INFO | step=31600 train_loss=5.316434 lr=0.00010000
2026-04-19 23:45:22,326 | INFO | step=31625 train_loss=4.362757 lr=0.00010000
2026-04-19 23:45:24,322 | INFO | step=31650 train_loss=4.954788 lr=0.00010000
2026-04-19 23:45:26,424 | INFO | step=31675 train_loss=4.625231 lr=0.00010000
2026-04-19 23:45:28,604 | INFO | step=31700 train_loss=4.310360 lr=0.00010000
2026-04-19 23:45:30,895 | INFO | step=31725 train_loss=4.627828 lr=0.00010000
2026-04-19 23:45:33,005 | INFO | step=31750 train_loss=4.382963 lr=0.00010000
2026-04-19 23:45:35,204 | INFO | step=31775 train_loss=3.468953 lr=0.00010000
2026-04-19 23:45:37,468 | INFO | step=31800 train_loss=4.931957 lr=0.00010000
2026-04-19 23:45:39,532 | INFO | step=31825 train_loss=4.818628 lr=0.00010000
2026-04-19 23:45:41,580 | INFO | step=31850 train_loss=4.347023 lr=0.00010000
2026-04-19 23:45:43,623 | INFO | step=31875 train_loss=4.520296 lr=0.00010000
2026-04-19 23:45:45,681 | INFO | step=31900 train_loss=3.401850 lr=0.00010000
2026-04-19 23:45:47,737 | INFO | step=31925 train_loss=3.727390 lr=0.00010000
2026-04-19 23:45:49,823 | INFO | step=31950 train_loss=4.207269 lr=0.00010000
2026-04-19 23:45:51,900 | INFO | step=31975 train_loss=3.567722 lr=0.00010000
2026-04-19 23:45:53,958 | INFO | step=32000 train_loss=3.200616 lr=0.00010000
2026-04-19 23:46:03,147 | INFO | new_best step=32000 val_loss=4.255742 val_accuracy=0.801613
2026-04-19 23:46:05,322 | INFO | step=32025 train_loss=4.877491 lr=0.00010000
2026-04-19 23:46:07,509 | INFO | step=32050 train_loss=4.908408 lr=0.00010000
2026-04-19 23:46:09,696 | INFO | step=32075 train_loss=5.100332 lr=0.00010000
2026-04-19 23:46:11,830 | INFO | step=32100 train_loss=5.159526 lr=0.00010000
2026-04-19 23:46:13,983 | INFO | step=32125 train_loss=4.326490 lr=0.00010000
2026-04-19 23:46:16,037 | INFO | step=32150 train_loss=5.079227 lr=0.00010000
2026-04-19 23:46:16,898 | INFO | epoch=49/50
2026-04-19 23:46:18,747 | INFO | step=32175 train_loss=4.532649 lr=0.00010000
2026-04-19 23:46:20,906 | INFO | step=32200 train_loss=4.859743 lr=0.00010000
2026-04-19 23:46:22,966 | INFO | step=32225 train_loss=4.636328 lr=0.00010000
2026-04-19 23:46:25,001 | INFO | step=32250 train_loss=6.030584 lr=0.00010000
2026-04-19 23:46:27,167 | INFO | step=32275 train_loss=3.595973 lr=0.00010000
2026-04-19 23:46:29,401 | INFO | step=32300 train_loss=4.673371 lr=0.00010000
2026-04-19 23:46:31,443 | INFO | step=32325 train_loss=3.654320 lr=0.00010000
2026-04-19 23:46:33,576 | INFO | step=32350 train_loss=4.963419 lr=0.00010000
2026-04-19 23:46:35,823 | INFO | step=32375 train_loss=5.196401 lr=0.00010000
2026-04-19 23:46:37,976 | INFO | step=32400 train_loss=4.141908 lr=0.00010000
2026-04-19 23:46:40,140 | INFO | step=32425 train_loss=4.452292 lr=0.00010000
2026-04-19 23:46:42,299 | INFO | step=32450 train_loss=4.613297 lr=0.00010000
2026-04-19 23:46:44,332 | INFO | step=32475 train_loss=5.388350 lr=0.00010000
2026-04-19 23:46:46,430 | INFO | step=32500 train_loss=4.338827 lr=0.00010000
2026-04-19 23:46:48,615 | INFO | step=32525 train_loss=4.255756 lr=0.00010000
2026-04-19 23:46:50,654 | INFO | step=32550 train_loss=4.231098 lr=0.00010000
2026-04-19 23:46:52,800 | INFO | step=32575 train_loss=3.884282 lr=0.00010000
2026-04-19 23:46:55,075 | INFO | step=32600 train_loss=4.779017 lr=0.00010000
2026-04-19 23:46:57,207 | INFO | step=32625 train_loss=4.971628 lr=0.00010000
2026-04-19 23:46:59,293 | INFO | step=32650 train_loss=4.084841 lr=0.00010000
2026-04-19 23:47:01,628 | INFO | step=32675 train_loss=4.982969 lr=0.00010000
2026-04-19 23:47:03,839 | INFO | step=32700 train_loss=5.435675 lr=0.00010000
2026-04-19 23:47:05,942 | INFO | step=32725 train_loss=4.127150 lr=0.00010000
2026-04-19 23:47:08,283 | INFO | step=32750 train_loss=5.213540 lr=0.00010000
2026-04-19 23:47:10,258 | INFO | step=32775 train_loss=4.351442 lr=0.00010000
2026-04-19 23:47:12,480 | INFO | step=32800 train_loss=5.795108 lr=0.00010000
2026-04-19 23:47:14,524 | INFO | step=32825 train_loss=3.294810 lr=0.00010000
2026-04-19 23:47:15,099 | INFO | epoch=50/50
2026-04-19 23:47:17,219 | INFO | step=32850 train_loss=3.931535 lr=0.00010000
2026-04-19 23:47:19,306 | INFO | step=32875 train_loss=3.679401 lr=0.00010000
2026-04-19 23:47:21,374 | INFO | step=32900 train_loss=4.458179 lr=0.00010000
2026-04-19 23:47:23,405 | INFO | step=32925 train_loss=4.580868 lr=0.00010000
2026-04-19 23:47:25,517 | INFO | step=32950 train_loss=5.125227 lr=0.00010000
2026-04-19 23:47:27,500 | INFO | step=32975 train_loss=4.908563 lr=0.00010000
2026-04-19 23:47:29,689 | INFO | step=33000 train_loss=5.056396 lr=0.00010000
2026-04-19 23:47:41,906 | INFO | validation step=33000 val_loss=4.273925 val_accuracy=0.802440
2026-04-19 23:47:44,155 | INFO | step=33025 train_loss=4.296162 lr=0.00010000
2026-04-19 23:47:46,238 | INFO | step=33050 train_loss=4.380452 lr=0.00010000
2026-04-19 23:47:48,317 | INFO | step=33075 train_loss=4.043534 lr=0.00010000
2026-04-19 23:47:50,448 | INFO | step=33100 train_loss=4.205351 lr=0.00010000
2026-04-19 23:47:52,648 | INFO | step=33125 train_loss=4.520641 lr=0.00010000
2026-04-19 23:47:54,682 | INFO | step=33150 train_loss=4.792089 lr=0.00010000
2026-04-19 23:47:56,798 | INFO | step=33175 train_loss=4.764901 lr=0.00010000
2026-04-19 23:47:58,969 | INFO | step=33200 train_loss=4.819649 lr=0.00010000
2026-04-19 23:48:01,042 | INFO | step=33225 train_loss=5.045673 lr=0.00010000
2026-04-19 23:48:03,416 | INFO | step=33250 train_loss=4.384808 lr=0.00010000
2026-04-19 23:48:05,571 | INFO | step=33275 train_loss=4.660013 lr=0.00010000
2026-04-19 23:48:07,879 | INFO | step=33300 train_loss=4.736840 lr=0.00010000
2026-04-19 23:48:10,127 | INFO | step=33325 train_loss=5.604834 lr=0.00010000
2026-04-19 23:48:12,311 | INFO | step=33350 train_loss=5.702124 lr=0.00010000
2026-04-19 23:48:14,305 | INFO | step=33375 train_loss=4.287987 lr=0.00010000
2026-04-19 23:48:16,405 | INFO | step=33400 train_loss=4.192925 lr=0.00010000
2026-04-19 23:48:18,401 | INFO | step=33425 train_loss=4.639611 lr=0.00010000
2026-04-19 23:48:20,496 | INFO | step=33450 train_loss=3.675811 lr=0.00010000
2026-04-19 23:48:22,743 | INFO | step=33475 train_loss=3.994531 lr=0.00010000
2026-04-19 23:48:24,727 | INFO | step=33500 train_loss=3.978474 lr=0.00010000
2026-04-19 23:48:34,994 | INFO | complete steps=33500 final_val_loss=4.283847 final_val_accuracy=0.802770
