beat_length,count,probability
2,6168,0.03932144
4,127679,0.81396268
8,21532,0.13726803
16,1415,0.00902073
32,67,0.00042713
